alim_code,name_fr,name_en,group_code,subgroup_code,subsubgroup_code,energy_kcal,energy_kj,protein_g,carbs_g,sugars_g,fat_g,saturated_fat_g,fibre_g,salt_g,water_g
1000,Pastis,Pastis (anise-flavoured spirit),06,0603,060303,274,1140,0,"2,86",0,0,0,0,0,"59,7"
1001,Eau de vie de fruits,Fruit brandy or eau-de-vie,06,0603,060303,233,966,0,"0,63",0,0,0,0,"0,0035","66,4"
1002,Gin,Gin,06,0603,060303,265,1100,0,0,0,0,0,0,"0,005","62,1"
1003,Liqueur,Liqueur,06,0603,060303,225,944,"0,1","25,4","17,4","0,23","0,11",0,"0,02","55,8"
1004,Rhum,Rum,06,0603,060303,234,969,0,0,0,0,0,0,"0,0025","66,6"
1005,Whisky,Whisky,06,0603,060303,252,1050,0,"0,096","0,096",0,0,0,0,"63,9"
1006,Vin doux,"Wine, sweet",06,0603,060301,148,616,"0,2","9,96","7,78",0,0,0,"0,023","70,5"
1007,Apéritif à base de vin ou vermouth,Wine-based aperitif,06,0603,060303,137,573,"0,054","11,3","11,1",0,0,0,"0,038","75,3"
1008,Vodka,Vodka,06,0603,060303,250,1030,0,0,0,0,0,0,"0,0025","64,4"
1010,"Pastis, prêt à boire (1+ 5)","Anise spirit, diluted (1+5)",06,0603,060303,-,-,0,"0,5",0,0,0,0,"0,0063","93,1"
1011,"Apéritif anisé sans alcool, à diluer","Pastis, alcohol-free, to be diluted",06,0603,060303,6,25,0,1,"0,03",0,0,1,"0,038",-
1012,Cocktail à base de rhum,"Cocktail, rum-based",06,0603,060304,121,502,0,"7,74","7,74","2,19","1,64","0,3","0,015","82,7"
1013,Cocktail à base de whisky,"Cocktail, whisky-based",06,0603,060304,166,693,traces,"15,8","15,8","0,02","0,003",0,"0,12","69,2"
1014,Alcool pur,Pure alcohol,06,0603,060303,660,2730,0,0,0,0,0,0,0,-
1015,Marsala,Marsala wine,06,0603,060303,211,887,"0,1","27,9","27,9",0,0,0,"0,01","57,7"
1016,Marsala aux oeufs,Marsala with eggs,06,0603,060303,153,640,0,"12,4","12,4",0,0,0,0,-
1017,"Sangria, faite maison",Sangria,06,0603,060304,"88,7",372,0,11,"9,5","0,05",0,0,"0,0075",83
1018,"Kir (vin blanc, crème de cassis)",Kir (white wine with blackcurrant liqueur),06,0603,060304,"74,7",311,"0,18","3,3","3,3",0,0,0,"0,0039","83,5"
1019,"Kir royal (champagne, crème de cassis)",Kir royal (champagne with blackcurrant liqueur),06,0603,060304,"87,3",364,"0,25","5,66","5,66",0,0,0,"0,0039","82,5"
1021,Crème de cassis,Blackcurrant liqueur,06,0603,060303,245,1030,0,41,"40,9",0,0,0,0,"47,1"
1022,"Cocktail type punch, 16% alcool, préemballé","Cocktail, punch type, 16% alcohol, prepacked",06,0603,060304,159,665,"0,6","17,8","17,8","< 0,6","< 0,00024","< 0,5","0,042",-
1023,Eau de vie de vin type armagnac ou cognac,"Brandy, Armagnac or Cognac type",06,0603,060303,222,922,0,"0,76",0,0,0,0,"0,0019","67,9"
1024,Eau de vie type calvados,"Apple brandy, Calvados type",06,0603,060303,-,-,0,0,0,0,0,0,0,-
1026,Saké ou alcool de riz,Sake or rice wine,06,0603,060303,113,467,0,0,0,0,0,0,"0,005","78,4"
1027,"Spécialité végétale type fromage à tartiner, au soja, préemballée","Plant-based spread-cheese type, with soybean, prepacked",05,0503,050306,174,724,"12,8","1,05",traces,"13,1","1,87","< 0,5","1,15","71,9"
1028,"Spécialité végétale type fromage, à la noix de cajou, préemballée","Plant-based cheese, with cashew, prepacked",05,0503,050306,441,1830,"14,5","15,2","0,28","35,3","5,78","2,6","0,88","29,5"
1029,"Spécialité végétale type fromage en tranche ou râpé, sans soja, préemballée","Plant-based cheese, without soybean, prepacked",05,0503,050306,271,1130,"0,25","21,2","0,25","20,1","17,4","2,3","1,88","54,1"
1030,"Fines tranches végétales, préemballées","Plant-based ham, prepacked",04,0403,040309,242,1010,"29,7","4,13","0,93","11,1","0,89","3,2","1,62","50,2"
1031,"Spécialité végétale type pâté, préemballée","Plant-based pâté, prepacked",04,0403,040309,197,816,"3,56","9,45","1,49","15,4","4,13","2,96","1,27","66,7"
1032,"Haché à base de boeuf et soja, préemballé","Burger from beef and soybean, prepacked",04,0404,000000,214,888,15,"2,48","0,7","14,6","6,29","4,5","0,83","63,7"
1033,"Nuggets ou croquette panée de poulet (contenant du soja), préemballé","Chicken nuggets (with soybean), breaded croquette, prepacked",01,0103,010301,220,923,"13,4","16,7","1,74","10,3","1,8",2,"1,36","57,6"
1034,"Saucisse de volaille type knack (contenant du soja), préemballée","Poultry sausage (with soybean), prepacked",04,0404,000000,208,863,"12,1","2,72","0,64","15,8","4,75","1,1","2,84","63,7"
2000,"Jus d'ananas, à base de concentré","Pineapple juice, from concentrate",06,0602,060201,"52,3",222,"0,41","11,9","11,9","0,096","0,044","0,18","0,011","87,1"
2002,"Jus multifruit, pur jus, multivitaminé","Multifruit juice, pure juice, multivitamin",06,0602,060201,"48,4",205,"0,48","11,3",11,"0,1",0,"0,25","0,0038","86,5"
2004,Jus de fruits (aliment moyen),Fruit juice (average),06,0602,060201,"46,8",199,"0,53","10,2","9,98","0,13","0,04","0,28","0,012","88,2"
2006,"Jus de carotte, pur jus","Carrot juice, pure juice",06,0602,060201,"29,4",124,"0,4","6,55","5,95","0,1","0,037","0,33","0,1","88,9"
2007,"Jus de citron, fait maison","Lemon juice, homemade",06,0602,060201,"28,6",122,"0,35","2,52","2,52","0,24","0,04","0,3","0,0065","92,3"
2008,Cocktail ou boisson apéritive sans alcool à base de jus de fruits et de sirop,"Cocktail, alcohol-free (juices and syrup-based cocktail)",06,0603,060304,46,195,"0,42","10,9","10,8",0,-,"0,36","0,0056","86,4"
2009,"Nectar multifruit, base pomme, standard","Multifruit nectar, apple base, standard",06,0602,060202,"41,1",175,"0,28",10,10,"< 0,1",-,traces,-,"88,7"
2010,"Nectar multifruit, base pomme, multivitaminé","Multifruit nectar, apple base, multivitamin",06,0602,060202,"36,4",155,"0,05","9,1","9,1","< 0,1",-,traces,-,"88,7"
2011,"Jus multifruit, base orange, multivitaminé","Multifruit juice, orange base, multivitamin",06,0602,060201,"45,5",194,"0,25","11,3","11,1","< 0,8",-,"< 0,5","0,008","87,6"
2012,"Jus d'orange, à base de concentré","Orange juice, from concentrate",06,0602,060201,"45,6",194,"0,63","9,59","9,59","0,13","0,034","0,25","0,0084","89,7"
2013,"Jus d'orange, frais","Orange juice, fresh",06,0602,060201,"44,8",190,"0,7","9,19","8,4","0,2","0,024","0,2","< 0,0028","88,3"
2014,"Jus de pomme, à base de concentré","Apple juice, from concentrate",06,0602,060201,"48,5",206,"0,24","11,3","10,8","0,098","0,033","0,3","0,014","88,5"
2015,"Jus de pamplemousse (pomélo), à base de concentré","Grapefruit juice, from concentrate",06,0602,060201,"40,9",174,"0,52","8,41","8,41","0,1","0,074","0,21","0,01","89,9"
2016,"Jus de raisin, pur jus","Grape juice, pure juice",06,0602,060201,"69,2",294,"0,25","16,3",16,"0,057","0,031","0,14","0,0089","82,4"
2017,"Jus de grenade, pur jus","Pomegranate juice, pure juice",06,0602,060201,54,229,"0,15","12,7","12,7","0,29","0,077","0,1","0,023",86
2018,Jus de pruneau,Prune juice,06,0602,060201,"77,4",329,"0,37","18,7","13,5","0,039","0,003","0,45","0,025","81,2"
2019,"Jus de raisin, à base de concentré","Grape juice, from concentrate",06,0602,060201,"67,1",285,"0,31",16,16,"0,11","0,055","0,15","0,0074","84,2"
2022,Nectar de fraise,Strawberry nectar,06,0602,060202,"47,5",202,"0,3","11,3",11,"0,1",0,"0,1","0,005","87,1"
2023,"Jus de mangue, frais","Mango juice, fresh",06,0602,060201,"38,8",165,"0,19","9,5","9,3",0,traces,traces,"0,028",86
2024,"Jus de fruit de la passion ou maracudja, frais","Passion fruit juice, fresh",06,0602,060201,"61,7",262,"0,67","14,3","14,3","0,18","0,015","0,2","0,015","84,2"
2025,"Jus de pamplemousse (pomélo), frais","Grapefruit juice, fresh",06,0602,060201,"43,7",186,"0,5","9,1","9,1","0,1","0,014","0,1","0,0025",90
2026,"Jus de tomate, pur jus, salé à 3 g/L","Tomato juice, pure juice, 3 g salt/L",06,0602,060201,"23,2","98,4","0,88","4,13","4,13","0,17",traces,"0,23","0,3","94,3"
2027,"Jus de pamplemousse (pomelo), pur jus","Grapefruit juice, pure juice",06,0602,060201,"42,5",181,"0,49","8,89","8,89","0,083","0,044","0,15","0,008","89,9"
2028,"Jus de citron, pur jus","Lemon juice, pure juice",06,0602,060201,"29,4",124,"0,4","6,1","2,4","0,29","0,038","0,4","0,053","92,5"
2030,"Jus de citron vert, frais","Lime juice, fresh",06,0602,060201,"9,87","41,7","0,42","1,69","1,69","0,07","0,008","0,4","0,005","90,8"
2031,"Jus de citron vert, pur jus","Lime juice, pure juice",06,0602,060201,"25,7",110,"0,25","1,69","1,69","0,23","0,026","0,45","0,026","92,5"
2032,"Jus de tomate, pur jus, salé à 6 g/L","Tomato juice, pure juice, 6 g salt/L",06,0602,060201,"20,1","85,2","0,88","3,32","3,3","0,11","0,07","0,56","0,6","93,7"
2033,"Jus multifruit, à base de jus et purée de fruits","Multifruit juice, juice and fruit puree",06,0602,060201,"49,1",208,"0,46","11,5","11,3","0,11","0,026","0,21","0,01",-
2034,"Jus de clémentine ou mandarine, pur jus","Mandarin or clementine juice, pure juice",06,0602,060201,"46,7",198,"0,66","10,4",10,"0,14","0,043","0,15","0,0094",88
2035,"Jus multifruit, pur jus, standard","Multifruit juice, pure juice, standard",06,0602,060201,"46,5",198,"0,25","11,2","10,1","< 0,3","< 0,01","< 0,5","0,0023","87,3"
2036,"Jus multifruit, base raisin, standard","Multifruit juice, grape base, standard",06,0602,060201,"54,6",232,"0,5",13,13,0,0,"0,3","0,0025",-
2038,"Jus multifruit, base orange, standard","Multifruit juice, orange base, standard",06,0602,060201,"46,8",198,"0,7","10,4","10,1","0,16","0,05","0,44","0,069","88,6"
2039,"Jus de grenade, frais","Pomegranate juice, fresh",06,0602,060201,"47,2",201,"0,2","11,6","11,6",0,0,traces,"0,0025","85,4"
2040,"Jus de cerise des Antilles ou d'acérola, frais","Acerola juice, fresh",06,0602,060201,"22,9","96,8","0,4","4,5","4,5","0,3","0,068","0,3","0,0075","94,3"
2043,Nectar d'abricot,Apricot nectar,06,0602,060202,"58,6",249,"0,21","13,7",11,"0,03","0,005","0,08","0,0042","84,9"
2045,Nectar de papaye,Papaya nectar,06,0602,060202,"58,9",250,"0,17","13,9","13,9","0,15","0,047","0,6","0,013",85
2048,"Jus multifruit, base pomme, standard","Multifruit juice, apple base, standard",06,0602,060201,"49,9",212,"0,33","12,2","10,1","< 0,1",-,"< 0,5",0,"87,8"
2050,"Jus multifruit, base pomme, multivitaminé","Multifruit juice, apple base, multivitamin",06,0602,060201,"41,9",178,"0,33","10,1","10,1","< 0,1",-,"< 0,5",-,"88,2"
2052,"Jus de fruit(s) et de légume(s), pur jus","Fruit and vegetable juice, pure juice",06,0602,060201,"42,8",182,"0,85","9,5","8,6",traces,traces,"0,7",traces,-
2053,"Jus de tomate, pur jus (aliment moyen)","Tomato juice, pure juice (average)",06,0602,060201,"21,7","91,8","0,88","3,73","3,72","0,14","0,035","0,4","0,45",94
2054,Nectar de poire,Pear nectar,06,0602,060202,"62,5",265,"0,19","14,8","11,4","0,043","0,001","0,45","0,0033",84
2060,"Nectar multifruit, multivitaminé","Multifruit nectar, multivitamin",06,0602,060202,"47,2",200,"0,24","11,3","10,9","0,1","0,0067","0,15","0,016","87,4"
2061,"Nectar multifruit, standard","Multifruit nectar, standard",06,0602,060202,"49,7",211,"0,3","11,5",11,"0,089","0,013","0,3","0,009","87,2"
2062,"Nectar multifruit, base orange, multivitaminé","Multifruit nectar, orange base, multivitamin",06,0602,060202,"42,6",181,"0,4","10,3","10,3","< 0,1",-,"< 0,5",-,"88,1"
2063,"Nectar multifruit, base orange, standard","Multifruit nectar, orange base, standard",06,0602,060202,"50,2",213,"0,25","11,9","11,4","0,1","0,05","0,33","0,019","87,4"
2064,"Nectar, avec édulcorants, allégé en sucres","Fruit nectar, with sweetener(s), reduced sugar",06,0602,060202,"23,2","98,5","0,17","5,49","5,23","0,037","0,0067","0,11","0,01",-
2069,"Jus multifruit, à base de concentré, standard","Multifruit juice, from concentrate, standard",06,0602,060201,"49,6",210,"0,52","11,2","10,8","0,15","0,021","0,62","0,02","87,8"
2070,"Jus d'orange, pur jus","Orange juice, pure juice",06,0602,060201,"45,4",193,"0,61","9,61","9,61","0,11","0,053","0,28","0,012","88,2"
2071,"Jus multifruit, à base de concentré, multivitaminé","Multifruit juice, from concentrate, multivitamin",06,0602,060201,"45,5",193,"0,29","10,8","10,3","0,091","0,051","0,27","0,019",-
2072,"Jus de fruits, pur jus (aliment moyen)","Fruit juice, pure juice (average)",06,0602,060201,"46,6",198,"0,51","10,2",10,"0,11","0,046","0,26","0,013","87,9"
2073,"Jus d'ananas, pur jus","Pineapple juice, pure juice",06,0602,060201,"52,9",225,"0,41","12,1","12,1","0,074","0,031","0,22","0,013","86,3"
2074,"Jus de pomme, pur jus","Apple juice, pure juice",06,0602,060201,"48,9",208,"0,17","11,4","10,9","0,14","0,046","0,23","0,022","88,4"
2075,"Jus de légumes, pur jus (aliment moyen)","Vegetable juice, pure juice (average)",06,0602,060201,"24,3",103,"0,72","4,69","4,48","0,13","0,036","0,37","0,33","92,2"
2076,Nectar de pomme,Apple nectar,06,0602,060202,"44,9",191,"0,14","10,9","10,6","0,075","0,05","0,1","0,01","90,2"
2077,"Jus de fruits, à base de concentré (aliment moyen)","Fruit juice, from concentrate (average)",06,0602,060201,"47,6",202,"0,55","10,4","10,2","0,13","0,031","0,36","0,012","88,8"
2365,Nectar de fruit de la passion ou maracuja,Passion fruit nectar,06,0602,060202,68,289,"0,3","15,2",13,"0,1",0,traces,"0,025","85,5"
2366,Nectar de banane,Banana nectar,06,0602,060202,"53,8",228,"0,23","12,8","12,6","0,048","0,03","0,51","0,0046","86,7"
2367,Nectar de goyave,Guava nectar,06,0602,060202,48,204,"0,14","10,9","10,2","0,23","0,01","0,15","0,0026",88
2370,Nectar de mangue,Mango nectar,06,0602,060202,"52,1",222,"0,21","11,3","11,3","0,08","0,043","0,16","0,005",87
2371,Nectar de pêche,Peach nectar,06,0602,060202,"50,3",213,"0,22","12,1","11,9","0,05","0,002","0,33","0,011","85,6"
2374,Nectar d'ananas,Pineapple nectar,06,0602,060202,"52,4",223,"0,1",13,"11,2",0,0,0,0,"88,1"
2375,Nectar d'orange,Orange nectar,06,0602,060202,"41,6",177,"0,32","9,19","9,19","0,086","0,0067","0,2","0,018","89,7"
2377,"Jus d'orange sanguine, pur jus","Blood orange juice, pure juice",06,0602,060201,"45,6",193,"0,63","10,2","9,75","0,1","0,043","0,68","0,01",-
2381,Jus de canneberge ou cranberry,Cranberry juice,06,0602,060201,"49,8",211,-,"12,1","12,1","0,13","0,01","0,1","0,005","87,1"
2500,"Smoothie, sans précision sur la teneur en fruits et les ingrédients autres que fruits","Smoothie, no precision on fruit content and other ingredients",06,0602,060201,"60,2",255,"0,62","12,9","11,7","0,26","0,17","1,08","0,01","84,2"
3000,"Lait 1er âge, poudre soluble (préparation pour nourrissons)","Baby milk, infant formula, powder",11,1101,000000,496,2070,"10,7",55,"38,7","25,3",-,"2,48","0,55","1,17"
3002,"Lait 2e âge, poudre soluble (préparation de suite)","Baby milk, follow-on formula, powder",11,1101,000000,484,2030,"11,4","56,3","36,4","23,2",-,"2,14","0,46",-
4000,"Tapioca ou perles du Japon, cru","Tapioca, raw",02,0202,000000,354,1500,"0,19","87,8","3,35","0,02","0,005","0,9","0,0025",11
4002,"Pomme de terre, sans peau, rôtie/cuite au four","Potato, peeled, roasted/baked",02,0202,000000,"91,9",390,"1,96","20,1","1,7","0,1","0,026","1,5","0,0036","75,4"
4003,"Pomme de terre, bouillie/cuite à l'eau","Potato, boiled/cooked in water",02,0202,000000,81,343,"1,8","16,8","0,86","0,34","0,094","1,8","0,051","78,3"
4004,Chips de pommes de terre nature ou aromatisées,"Potato, crisps, plain or flavoured, standard",02,0202,000000,532,2220,6,51,"1,49","32,7","2,92","4,7","1,35","1,4"
4007,"Pomme de terre nouvelle ou primeur, bouillie/cuite à l'eau","Potato, new, boiled/cooked in water",02,0202,000000,"71,6",303,"1,44",15,1,"0,3",-,"1,6","0,025","81,1"
4008,"Pomme de terre, sans peau, crue","Potato, peeled, raw",02,0202,000000,80,339,"2,02","16,2","0,78","0,09","0,026","2,2","< 0,0011","79,3"
4011,"Pomme de terre, appertisée, égouttée","Potato, canned, drained",02,0202,000000,"57,2",241,"1,58","10,7","0,65","0,41","0,054","2,15","0,15","84,3"
4013,"Pomme de terre noisette, surgelée, à cuire","Noisette potato, frozen, raw",02,0202,000000,179,751,"2,44","25,3","0,56","7,02","1,07","2,42","0,95",61
4014,"Pomme de terre vapeur, sous vide","Potato, steamed, vacuum-packed",02,0202,000000,76,322,"1,84","15,8","0,5","0,25","0,039","2,02","0,14",-
4015,"Pomme de terre poêlée, avec matière grasse","Potato, sautéed/pan-fried with fat",02,0202,000000,137,575,"2,5","17,3","2,2","5,7","1,16","2,6","0,51","69,9"
4016,"Flocons de pomme de terre, au lait ou à la crème, déshydratés","Potato flakes, dehydrated, with milk or cream",02,0202,000000,376,1590,10,71,6,"3,97","3,39",8,"0,18","5,92"
4017,"Purée de pomme de terre, à base de flocons, reconstituée avec lait entier et matière grasse","Mashed potatoes, made from flakes, reconstituted with whole milk, with added fat",02,0202,000000,107,449,"1,92","12,6","1,68","5,18","1,87","1,47","0,56","77,8"
4018,"Purée de pomme de terre, avec lait et beurre, sans sel ajouté","Mashed potatoes, prepared with milk and butter, no added salt",02,0202,000000,"94,8",399,"1,87","15,7","1,46","2,4","1,46","1,5","0,11",77
4019,"Purée de pomme de terre, à base de flocons, reconstituée avec lait demi-écrémé et eau, non salée","Mashed potatoes, made from flakes, reconstituted with semi-skimmed milk and water, no added salt",02,0202,000000,"68,5",290,"2,63","12,4","1,75","0,53","0,35","1,8","0,23","82,8"
4020,"Pomme de terre dauphine, surgelée, à cuire","Dauphine potato, frozen, raw",02,0202,000000,242,1010,"4,25","19,7","3,19","15,7","2,01","2,27","1,15",56
4021,"Pomme de terre dauphine, surgelée, cuite","Dauphine potato, frozen, cooked",02,0202,000000,302,1260,"4,5","30,2","3,5","17,7","3,39",2,"1,32","43,5"
4022,"Flocons de pomme de terre, nature, déshydratés","Potato flakes, dehydrated, plain",02,0202,000000,346,1460,8,"73,5","2,35","0,41","0,17","8,05","0,55","6,58"
4023,"Pomme de terre nouvelle ou primeur, crue","Potato, new, raw",02,0202,000000,"76,4",323,"1,94","15,8","0,2","0,3","0,058","1,35","0,058","80,9"
4025,"Potatoes ou wedges ou quartiers de pommes de terre épicés, surgelées, cuites","Potato wedge, spiced, frozen, cooked",02,0202,000000,175,734,"3,25","25,3",traces,"5,8","0,64","3,4","0,76","59,9"
4026,"Pomme de terre, rôtie/cuite au four","Potato, roasted/baked",02,0202,000000,"91,4",387,"2,5",19,"1,18","0,13","0,035","2,2","0,025","74,9"
4027,"Pomme de terre sautée/poêlée/rissolée, préfrite, surgelée, cuite","Potato, sautéed/pan-fried, pre-fried, frozen, cooked",02,0202,000000,156,656,"2,81",23,traces,"4,8","0,61",4,"0,19","63,3"
4028,"Pomme de terre de conservation, sans peau, bouillie/cuite à l'eau","Potato, ware, peeled, boiled/cooked in water",02,0202,000000,"72,6",308,"1,81","15,4","< 0,2","< 0,5",-,"1,9","< 0,01","79,7"
4029,"Pomme de terre nouvelle ou primeur, bouillie/cuite à l'eau, sans peau","Potato, early, peeled, boiled/cooked in water",02,0202,000000,"71,1",301,"1,84","14,9",-,"< 0,1",-,"2,13",-,"79,9"
4030,"Frites de pommes de terre, surgelées, rôties/cuites au four","French fries or chips, frozen, roasted/baked",02,0202,000000,213,896,"3,75","32,6","0,2","6,6","0,75","4,2","0,39","51,1"
4032,"Frites de pommes de terre, surgelées, cuites en friteuse","French fries or chips, frozen, deep-fried",02,0202,000000,258,1080,"3,28","32,7","0,61","11,9","2,86","3,9","0,073","48,7"
4034,"Pomme de terre duchesse, surgelée, cuite","Duchesse potato, frozen, cooked",02,0202,000000,218,914,"3,44","29,6","< 0,4","8,5","0,96","4,8","0,99","51,5"
4035,"Pomme de terre noisette, surgelée, cuite","Noisette potato, frozen, cooked",02,0202,000000,191,802,"2,81","28,4","0,2","6,6","0,94","3,4","0,87","56,9"
4036,Pomme de terre sautée/poêlée/rissolée à la graisse de canard,"Potato, sautéed/pan-fried with goose fat",02,0202,000000,200,835,"2,44","20,8","1,51","11,4","3,24","2,33","0,65",-
4037,"Chips de pommes de terre nature ou aromatisées, à l'ancienne","Potato crisps, plain or flavoured, old style",02,0202,000000,551,2290,"5,62","46,7","1,02","36,9","3,25","4,7","1,41",2
4038,"Chips de pommes de terre nature ou aromatisées, allégées en matière grasse (et assimilés )","Potato crisps and similar, plain or flavoured, reduced fat",02,0202,000000,481,2010,"6,57","61,4","1,41","22,1","1,98","4,78","1,08","1,3"
4039,Rostis ou galette de pomme de terre,Rostis,02,0202,000000,182,762,"2,38","22,5","0,2","8,3","1,06","3,3","0,82","61,4"
4040,"Purée de pomme de terre, avec lait et beurre, salée","Mashed potatoes, prepared with milk and butter, salted",02,0202,000000,117,488,"1,96","11,3","1,28","6,7","3,7","1,79","0,6",77
4041,"Aligot (purée de pomme de terre à la tomme fraîche), préemballé","Mashed potatoes with fresh tome cheese, prepacked",01,0103,010308,195,810,"8,06","9,5","0,57","13,3","8,25","1,3",1,"65,1"
4042,"Pomme de terre duchesse, surgelée, à cuire","Duchesse potato, frozen, raw",02,0202,000000,157,656,"2,41","21,4","0,4","6,26","0,82","2,54","0,86","65,7"
4043,"Pomme de terre sautée/poêlée/rissolée, préfrite, surgelée, à cuire","Potato, sautéed/pan-fried, pre-fried, frozen, raw",02,0202,000000,137,574,"2,35","20,4","0,57","4,5","0,68","2,54","0,18","69,1"
4044,"Frites de pommes de terre, surgelées, préfrites, pour cuisson au four","French fries or chips, frozen, pre-fried, raw, to cook in the oven",02,0202,000000,142,595,"2,38",21,"0,38","4,73","0,65","2,77","0,36","67,9"
4045,"Frites de pommes de terre, surgelées, préfrites, pour cuisson micro-onde","French fries or chips, frozen, pre-fried, aw, to be microwave",02,0202,000000,223,932,"3,26","27,2","0,42","10,2","1,09","4,39","0,23","53,5"
4046,"Frites de pommes de terre, surgelées, préfrites, pour cuisson en friteuse","French fries or chips, frozen, pre-fried, raw, to deep-fry",02,0202,000000,244,1020,"3,12","29,1","0,48","12,1","4,09","3,39","0,12",-
4047,Purée de pomme de terre (aliment moyen),Mashed potatoes (average),02,0202,000000,"96,8",407,"2,1",13,"1,54","3,7","1,84","1,64","0,37","78,7"
4048,"Pomme de terre, cuite (aliment moyen)","Potato, cooked (average food)",02,0202,000000,"94,9",401,"2,05","17,2","0,83","1,58","0,44","2,15","0,12","75,8"
4049,"Croquette de pomme de terre, surgelée, à cuire","Potato, croquette, frozen, raw",02,0202,000000,164,688,"2,52","22,4","0,59","6,59","0,87","2,43","0,8",-
4050,"Chips de pommes de terre nature ou aromatisées, sans sel ajouté","Potato, crisps, plain or flavoured, no added salt",02,0202,000000,503,2100,"6,2","47,6","0,83","30,8","2,87","5,05","0,033",-
4051,"Poêlée de pommes de terre à la sarladaise (graisse de canard, ail et persil), surgelée, à cuire","Potato, sarladaise-style (goose fat, garlic and parsley), frozen, raw",02,0202,000000,203,845,"2,27","20,9","1,22","11,6","3,54","2,84","0,66",-
4052,"Potatoes ou wedges ou quartiers de pommes de terre épicés, surgelées, à cuire","Potato wedge, spiced, frozen, raw",02,0202,000000,141,593,"2,48","20,3","0,52",5,"0,59","2,64","0,62",-
4053,"Pomme de terre grenaille, préfrite, surgelée, à cuire","Potato, grenaille, pre-fried, frozen, raw",02,0202,000000,133,559,"2,4","17,9","2,23","5,3","1,02","2,16","0,42",-
4090,Fécule de pomme de terre,Potato starch,03,0304,000000,348,1480,0,"86,3",-,"0,2","0,039","0,55","0,0094","12,7"
4101,"Patate douce, crue","Sweet potato, raw",02,0202,000000,"81,2",343,"1,57","17,1","4,18","0,05","0,018",3,"0,14","77,3"
4102,"Patate douce, cuite","Sweet potato, cooked",02,0202,000000,"79,1",335,"1,69","16,3","6,11","0,15","0,042","2,9","0,079",78
4103,"Patate douce, purée, cuisinée à la crème","Sweet potato, puree, cooked with cream",02,0202,000000,"79,8",334,"1,1","12,1","7,5",2,"1,4","4,5","0,56",-
5000,Bière brune,"Beer, dark",06,0603,060302,"40,5",170,"0,43","4,1","4,1",traces,traces,0,"0,029","92,7"
5001,"Bière ""coeur de marché"" (4-5° alcool)","Beer, regular (4-5° alcohol)",06,0603,060302,39,163,"0,39","3,12","0,05",0,0,0,"0,0047",92
5002,Bière forte (>8° alcool),"Beer, strong (>8° alcohol)",06,0603,060302,"62,5",261,"0,51","4,6",-,0,0,0,"0,017","88,8"
5003,Cidre (aliment moyen),Cider (average),06,0603,060302,"36,5",153,"0,075","3,67","3,23","< 0,18",0,0,"0,01","93,4"
5004,Panaché (limonade et bière),Shandy (beer + lemonade),06,0603,060304,39,164,0,"6,33","5,4",0,0,0,"0,0052","92,3"
5005,"Panaché préemballé (<1° alc.), aromatisé ou non","Shandy, prepacked (<1° alcohol), flavoured or plain",06,0603,060304,32,136,"0,0046","7,11","6,47","0,021","0,000023","0,21","0,0053",94
5006,Cidre brut,"Cider, dry",06,0603,060302,"35,9",150,0,"2,62","2,22",0,0,0,"0,01","93,9"
5007,Cidre doux,"Cider, sweet",06,0603,060302,"38,9",164,"0,25","6,4","5,8","< 0,6",0,0,"0,0098","91,9"
5008,Bière faiblement alcoolisée (3° alcool),"Beer, low alcohol-content (3° alcohol)",06,0603,060302,"35,3",148,"0,31","4,62","1,33","< 0,05",0,0,"0,0048","94,9"
5009,Bière blanche,"Beer, white",06,0603,060302,"60,9",256,"0,5","7,55",traces,"< 0,5",0,< 1,"0,0075","86,9"
5010,"Bière ""spéciale"" (5-6° alcool)","Beer, special (5-6° alcohol)",06,0603,060302,56,234,"0,48","4,55",traces,"< 0,05",0,0,"0,0048","90,8"
5011,"Bière ""de spécialités"" ou d'abbaye, régionales ou d'une brasserie (degré d'alcool variable)","Beer, from an abbey or brewery (variable alcohol content)",06,0603,060302,"47,1",197,"0,51","3,2","0,25",0,0,0,"0,0093","91,3"
5020,Cidre traditionnel,"Cider, traditionnal",06,0603,060302,"32,5",135,0,"1,87","1,58",0,0,0,"0,013","94,2"
5021,Cidre bouché demi-sec,"Cider, half-dry",06,0603,060302,"44,3",186,"0,25","4,4","3,7","< 0,6",0,0,"0,007","93,7"
5022,Cidre aromatisé aux fruits,"Cider, fruit-flavoured",06,0603,060302,"38,4",162,"0,25","7,07","6,57","< 0,6",0,0,"0,008",92
5029,"Bière sans alcool, sucrée, aromatisée ou au jus de fruits","Beer, alcohol-free, sweetened, flavoured or with fruit juice",06,0603,060302,"30,6",130,"0,2","7,36","5,5","0,041","0,016","0,19","0,0049",-
5030,"Bière sans alcool (<1,2° alcool) et sans sucres ajoutés, aromatisée ou non","Beer, alcohol-free (<1,2° alcohol), without added sugars, flavoured or unflavoured",06,0603,060302,"29,4",125,"0,2","6,08","3,27","0,053","0,0078","< 0,5","0,0053",94
5100,Pétillant de fruits,Sparkling fruit wine,06,0603,060301,"65,7",275,0,"6,95","6,95",0,0,0,"0,0075","87,6"
5201,Vin blanc mousseux,"Wine, white, sparkling",06,0603,060301,"72,3",300,"0,1","1,78","1,78",0,0,0,"0,0035","88,5"
5207,Champagne,Champagne,06,0603,060301,"76,1",316,"0,3","1,4","1,4",0,0,0,"0,0048","86,8"
5209,Vin blanc mousseux aromatisé,"Wine, white, sparkling, flavoured",06,0603,060301,"83,5",348,"0,2","5,1","5,1",0,0,0,"0,033",-
5210,Vin (aliment moyen),Wine (average),06,0603,060301,"76,7",318,"0,16","0,96","0,83","< 0,3",0,"< 0,61","0,61","86,9"
5214,Vin rouge,"Wine, red",06,0603,060301,"75,7",314,"0,16",0,traces,"< 0,5",0,< 1,< 2,"87,2"
5215,Vin blanc sec,"Wine, white, dry",06,0603,060301,"55,3",229,"0,25","0,17","0,17",0,0,0,"0,0063","92,1"
5216,Vin rosé,"Wine, rose",06,0603,060301,"69,2",287,"0,15","1,4","1,4",0,0,0,"0,01","88,1"
5217,Vin cuisiné (alcool évaporé),"Wine, cooked (alcohol evaporated)",10,1003,000000,15,"63,9","0,1","3,66",-,0,0,0,"0,0075",-
5219,"Alcool fort (type rhum), cuisiné (alcool évaporé)","Rum, cooked (alohol evaporated)",10,1003,000000,"0,0019","0,0083",0,"0,00049",0,0,0,0,"0,0039",100
6001,"Boeuf, côte crue","Beef, rib, raw",04,0402,040201,251,1040,"18,7",0,0,"19,6",-,0,"0,16",-
6002,"Boeuf, épaule crue","Beef, shoulder, raw",04,0402,040201,130,548,"21,4",0,0,"4,97","1,96",0,"0,18","72,6"
6003,"Boeuf, basse-côte crue","Beef, chuck steak, raw",04,0402,040201,201,837,19,"1,45","< 0,5","13,2","5,94",0,"0,17","65,8"
6100,"Boeuf, entrecôte, partie maigre grillée/poêlée","Beef, rib steak, lean, grilled/pan-fried",04,0401,040101,198,829,"25,5",0,0,"10,7","4,75",0,"0,15","62,3"
6101,Boeuf braisé,"Beef, braised",04,0401,040101,240,1000,"32,1",0,0,"12,4","5,72",0,"0,15","55,7"
6102,"Boeuf, gîte à la noix cru","Beef, round, raw",04,0402,040201,187,779,"20,7",0,0,"11,5","4,54",0,"0,14","66,9"
6103,"Boeuf, entrecôte crue","Beef, rib steak, raw",04,0402,040201,231,961,"19,4",0,0,"17,1","8,07",0,"0,075","62,5"
6104,"Boeuf, gîte à la noix cuit","Beef, round, cooked",04,0401,040101,102,431,21,"0,2",0,"1,9","0,8",0,-,-
6105,"Boeuf, faux-filet rôti/cuit au four","Beef, sirloin steak, roasted/baked",04,0401,040101,194,812,"28,8",0,0,"8,71","3,62",0,-,62
6106,"Boeuf, rond de gîte cru","Beef, eye of round, raw",04,0402,040201,111,470,"22,9","0,38","< 0,5","2,02","0,73",0,"0,15",74
6110,"Boeuf, faux-filet grillé/poêlé","Beef, sirloin steak, grilled/pan-fried",04,0401,040101,182,762,"27,1",0,0,"8,17","3,39",0,"0,14","64,3"
6111,"Boeuf, faux-filet cru","Beef, sirloin steak, raw",04,0402,040201,152,639,"22,3","0,6",0,"6,74",-,0,"0,082","70,5"
6116,"Boeuf, filet cru","Beef, tenderloin, raw",04,0402,040201,132,553,"21,6","0,22","< 0,5","4,95","2,06",0,"0,15","72,8"
6122,"Boeuf, plat de côtes cru","Beef, short ribs, raw",04,0402,040201,287,1190,"18,4",0,0,"23,7","10,6",0,"0,12","58,2"
6123,"Boeuf, plat de côtes braisé ou bouilli/cuit à l'eau","Beef, short ribs, braised or boiled",04,0401,040101,269,1130,"37,3",0,0,"13,3","5,58",0,"0,13","48,9"
6130,"Boeuf, hampe crue","Beef, thin flank, raw",04,0402,040201,154,643,19,0,0,"8,63","3,91",0,"0,15","71,5"
6131,"Boeuf, hampe grillée/poêlée","Beef, thin flank, grilled/pan-fried",04,0401,040101,174,728,"21,6",0,0,"9,76","4,36",0,-,"67,6"
6140,"Boeuf, joue crue","Beef, cheek, raw",04,0402,040201,136,571,"22,3","0,4",0,"5,02","1,81",0,"0,18","73,2"
6141,"Boeuf, joue, braisée ou bouillie/cuite à l'eau","Beef, cheek, braised or boiled",04,0401,040101,236,992,"39,2",0,0,"8,82","3,19",0,-,"52,9"
6150,"Boeuf, jarret cru","Beef, knuckle, raw",04,0402,040201,-,-,-,0,0,"4,25","1,22",0,-,-
6151,"Boeuf, jarret bouilli/cuit à l'eau","Beef, knuckle, boiled/cooked in water",04,0401,040101,161,679,31,0,0,"4,1","1,13",0,-,-
6160,"Boeuf, tende de tranche crue","Beef, topside, raw",04,0402,040201,116,488,"23,1","0,57",0,"2,34","0,8",0,"0,078","74,8"
6161,"Boeuf, tende de tranche grillée/poêlée","Beef, topside, grilled/pan-fried",04,0401,040101,141,597,"28,7",0,0,"2,92","0,98",0,-,"68,5"
6162,"Boeuf, tende de tranche rôtie/cuite au four","Beef, topside, roasted/baked",04,0401,040101,146,618,"29,8",0,0,"3,03","1,03",0,-,"67,4"
6200,"Boeuf, steak ou bifteck grillé/poêlé","Beef, steak or beef steak, grilled/pan-fried",04,0401,040101,128,541,"27,6",0,0,"1,95","0,98",0,"0,16","69,1"
6201,"Boeuf, steak ou bifteck cru","Beef, steak or beef steak, raw",04,0402,040201,229,953,"18,7","0,06",0,"17,2","6,91",0,"0,15",62
6202,"Boeuf, boule de macreuse crue","Beef, bolar-blade, raw",04,0402,040201,118,495,"21,8",0,0,"3,36","1,23",0,"0,097","74,5"
6204,"Boeuf, onglet cru","Beef, hanger steak, raw",04,0402,040201,138,577,"19,9","0,62","< 0,5","6,18","2,76",0,"0,18","72,4"
6205,"Boeuf, onglet grillé/poêlé","Beef, hanger steak, grilled/pan-fried",04,0401,040101,171,717,23,0,0,"8,8",-,0,-,-
6206,"Boeuf, rumsteck cru","Beef, rump steak, raw",04,0402,040201,118,499,"23,5","0,4",0,"2,5","0,78",0,"0,14","72,6"
6207,"Boeuf, rumsteck grillé/poêlé","Beef, rump steak, grilled/pan-fried",04,0401,040101,138,584,29,traces,traces,"2,1","0,81",0,"0,16","67,9"
6208,"Boeuf, boule de macreuse grillée/poêlée","Beef, bolar-blade, grilled/pan-fried",04,0401,040101,144,607,"26,7",0,0,"4,11","1,53",0,-,"68,8"
6210,"Boeuf, rosbif rôti/cuit au four","Beef, roast beef, roasted/baked",04,0401,040101,126,532,"24,1","0,3",0,"3,16","0,62",0,"< 0,1","71,1"
6211,"Boeuf, bavette d'aloyau grillée/poêlée","Beef, flank steak, grilled/pan-fried",04,0401,040101,162,682,25,0,0,"6,94","2,73",0,-,"67,8"
6212,"Boeuf, bavette d'aloyau crue","Beef, flank steak, raw",04,0402,040201,133,557,"20,4",0,0,"5,67","2,2",0,"0,085","73,7"
6214,"Boeuf, boule de macreuse rôtie/cuite au four","Beef, bolar-blade, roasted/baked",04,0401,040101,147,619,"27,3",0,0,"4,2","1,59",0,-,"68,2"
6230,"Boeuf, à bourguignon ou pot-au-feu, cuit","Beef, stewing meat, cooked",04,0401,040101,172,728,34,0,0,"4,05","2,77",0,"0,15","59,4"
6231,"Boeuf, à bourguignon ou pot-au-feu, cru","Beef, stewing meat, raw",04,0402,040201,164,686,24,0,0,"7,5","2,7",0,"0,1",-
6240,"Boeuf, collier cru","Beef, neck, raw",04,0402,040201,198,825,"20,1","0,78","< 0,5","12,7","5,41",0,"0,17","66,7"
6241,"Boeuf, collier braisé","Beef, neck, braised",04,0401,040101,184,776,33,0,0,"5,8","1,97",0,-,-
6250,"Boeuf, steak haché 5% MG cru","Beef, minced steak, 5% fat, raw",04,0402,040201,130,547,"21,9","0,3",0,"4,59","1,64",0,"0,097",74
6251,"Boeuf, steak haché 5% MG cuit","Beef, minced steak, 5% fat, cooked",04,0401,040101,155,650,"25,5",0,0,"5,85","2,89",0,"0,16","68,9"
6252,"Boeuf, steak haché 10% MG cru","Beef, minced steak, 10% fat, raw",04,0402,040201,170,710,20,0,0,10,"3,93",0,"0,17","69,5"
6253,"Boeuf, steak haché 10% MG cuit","Beef, minced steak, 10% fat, cooked",04,0401,040101,210,879,"26,1",0,0,"11,8","4,63",0,"0,17","61,2"
6254,"Boeuf, steak haché 15% MG cru","Beef, minced steak, 15% fat, raw",04,0402,040201,215,897,"20,2","0,47",0,"14,8","6,86",0,"0,1","65,4"
6255,"Boeuf, steak haché 15% MG cuit","Beef, minced steak, 15% fat, cooked",04,0401,040101,239,996,"23,6",0,0,"16,1","5,9",0,"0,21","59,1"
6256,"Boeuf, steak haché 20% MG cru","Beef, minced steak, 20% fat, raw",04,0402,040201,249,1030,"17,2",0,0,20,"7,58",0,"0,17","61,9"
6257,"Boeuf, steak haché 20% MG cuit","Beef, minced steak, 20% fat, cooked",04,0401,040101,265,1100,23,0,0,"19,2","8,14",0,"0,19","56,7"
6259,"Boeuf, steak haché, cuit (aliment moyen)","Beef, ground, cooked (average)",04,0401,040101,229,956,"23,8",0,0,"14,9","5,57",0,"0,2","60,2"
6270,"Boeuf, paleron cru","Beef, chuck, raw",04,0402,040201,144,602,"21,2",0,0,"6,54","2,59",0,"0,12","72,3"
6271,"Boeuf, paleron, braisé ou bouilli/cuit à l'eau","Beef, chuck, braised or boiled",04,0401,040101,251,1050,"36,8","0,2",0,"11,4","4,5",0,"0,17","51,8"
6310,"Boeuf, queue bouillie/cuite à l'eau","Beef, oxtail, boiled/cooked in water",04,0401,040101,196,820,28,0,0,"9,3","3,72",0,-,-
6311,"Boeuf, queue crue","Beef, oxtail, raw",04,0402,040201,203,849,"21,5","0,23","< 0,5","12,9","4,41",0,"0,28",65
6510,"Veau, côte crue","Veal, chop, raw",04,0402,040201,189,787,"18,3",0,0,"12,9","4,84",0,"0,11","68,9"
6511,"Veau, côte grillée/poêlée","Veal, chop, grilled/pan-fried",04,0401,040101,156,657,"25,1",0,0,"6,24","2,11",0,"0,25","69,4"
6512,"Veau, carré grillé/poêlé","Veal, loin, grilled/pan-fried",04,0401,040101,171,720,28,0,0,"6,6","2,64",0,-,-
6513,"Veau, carré cru","Veal, loin, raw",04,0402,040201,128,537,"19,3","0,4",0,"5,44","2,26",0,"0,21","74,1"
6520,"Veau, escalope cuite","Veal, escalope, cooked",04,0401,040101,147,620,31,0,0,"2,5","0,82",0,"0,15",65
6521,"Veau, escalope crue","Veal, escalope, raw",04,0402,040201,114,480,"20,5","0,58",0,"3,28","0,83",0,"0,097","73,7"
6522,"Veau, noix,crue","Veal, tenderloin, raw",04,0402,040201,111,467,"21,8",0,0,"2,58","0,79",0,"0,16","75,4"
6523,"Veau, noix grillée/poêlée","Veal, tenderloin, grilled/pan-fried",04,0401,040101,147,622,"29,1",0,0,"3,44","1,06",0,-,"67,2"
6524,"Veau, noix rôtie/cuite au four","Veal, tenderloin, roasted/baked",04,0401,040101,147,622,"29,1",0,0,"3,44","1,06",0,-,"67,2"
6530,"Veau, filet cru","Veal fillet, raw",04,0402,040201,95,402,"20,6",0,0,"1,4","0,5",0,"0,24",-
6531,"Veau, filet rôti/cuit au four","Veal fillet, roasted/baked",04,0401,040101,212,886,"24,8","0,5",0,"12,3","5,26",0,"0,23","60,7"
6535,"Veau, steak haché 20% MG cru","Veal, minced steak, 20% fat, raw",04,0402,040201,243,1010,"16,7","0,4",0,"19,5","8,5",0,"0,19",-
6536,"Veau, steak haché 15% MG cru","Veal, minced steak, 15% fat, raw",04,0402,040201,208,864,"18,2",0,0,15,"6,2",0,"0,17",-
6540,"Veau, poitrine crue","Veal, breast, raw",04,0402,040201,203,843,"17,5",0,0,"14,8","3,1",0,"0,18","67,7"
6550,"Veau, rôti cru","Veal, roast, raw",04,0402,040201,145,611,"27,3",0,0,"3,96","2,27",0,"0,2","66,5"
6551,"Veau, rôti cuit","Veal, roast, cooked",04,0401,040101,143,603,"28,1",0,0,"3,39","1,22",0,"0,17",67
6560,"Veau, épaule crue","Veal, shoulder, raw",04,0402,040201,124,523,"20,7",0,0,"4,63","1,55",0,"0,15","74,9"
6562,"Veau, épaule grillée/poêlée","Veal, shoulder, grilled/pan-fried",04,0401,040101,166,698,"27,6",0,0,"6,17","2,07",0,-,"66,5"
6563,"Veau, épaule braisée ou bouillie","Veal, shoulder, braised or boiled",04,0401,040101,219,920,"36,4",0,0,"8,14","2,91",0,-,"55,9"
6564,"Veau, viande, cuite (aliment moyen)","Veal, meat, cooked (average)",04,0401,040101,164,689,"29,1","0,011",0,"5,25","1,87",0,"0,19","65,1"
6580,"Veau, pied cru","Veal, foot, raw",04,0402,040201,184,769,"19,1",0,0,12,-,0,"0,12",-
6581,"Veau, jarret braisé ou bouilli","Veal, knuckle or shank, braised or boiled",04,0401,040101,207,873,"37,4",0,0,"6,43","1,95",0,-,"56,7"
6582,"Veau, tête, bouillie/cuite à l'eau","Calf, head, boiled/cooked in water",04,0401,040101,187,779,21,0,0,"11,4","4,18",0,-,-
6583,"Veau, jarret cru","Veal, knuckle or shank, raw",04,0402,040201,118,496,"21,3",0,0,"3,66","1,11",0,"0,21","75,4"
6584,"Viande blanche, cuite (aliment moyen)","Meat, white, cooked (average)",04,0401,000000,177,744,28,"0,1","0,0023","7,12","2,45","0,0019","0,18","63,8"
6585,"Viande rouge, cuite (aliment moyen)","Red meat, cooked (average)",04,0401,000000,170,715,"26,3","0,025",0,"7,22","2,81",0,"0,21","65,2"
6590,"Veau, collier cru","Veal, neck, raw",04,0402,040201,133,556,"19,8",0,0,"5,92","1,99",0,"0,15","73,8"
6591,"Veau, collier braisé ou bouilli","Veal, neck, braised or boiled",04,0401,040101,233,978,"34,9",0,0,"10,4","3,5",0,-,"53,9"
6900,"Cheval, viande crue","Horse, meat, raw",04,0402,040207,132,556,"20,2","0,5",0,"5,5","2,04",0,"0,14","72,6"
6901,"Cheval, steak ou bifteck cru","Horse, steak, raw",04,0402,040207,129,541,"21,4","0,4",0,"4,6","1,44",0,"0,13","72,6"
6902,"Cheval, viande rôtie/cuite au four","Horse, meat, roasted/baked",04,0401,040107,138,581,28,0,0,"2,85","2,41",0,"0,1","68,6"
6903,"Cheval, tende de tranche crue","Horse, topside, raw",04,0402,040207,106,448,"22,7",0,0,"1,68","0,48",0,-,-
6904,"Cheval, faux-filet cru","Horse, sirloin steak, raw",04,0402,040207,121,510,"22,2",0,0,"3,58","1,17",0,-,-
6905,"Cheval, entrecôte crue","Horse, rib steak, raw",04,0402,040207,118,499,"22,1",0,0,"3,34","1,08",0,-,-
6906,"Cheval, tende de tranche grillée/poêlée","Horse, topside, grilled/pan-fried",04,0401,040107,135,570,"27,9",0,0,"2,58","0,77",0,-,"68,7"
6907,"Cheval, faux-filet grillé/poêlé","Horse, sirloin steak, grilled/pan-fried",04,0401,040107,163,685,"26,6",0,0,"6,27","2,1",0,-,"65,5"
6908,"Cheval, entrecôte grillée/poêlée","Horse, rib steak, grilled/pan-fried",04,0401,040107,169,711,"28,2",0,0,"6,24","1,99",0,-,"64,4"
6909,"Cheval, faux-filet rôti/cuit au four","Horse, sirloin steak, roasted/baked",04,0401,040107,173,729,"28,3",0,0,"6,68","2,23",0,-,"63,2"
6910,"Cheval, tende de tranche rôtie/cuite au four","Horse, topside, roasted/baked",04,0401,040107,144,607,"29,7",0,0,"2,75","0,82",0,-,"66,6"
6999,Viande cuite (aliment moyen),"Meat, cooked (average)",04,0401,000000,174,733,"27,2","0,14","0,0075","7,18","2,59","0,0084","0,2","64,4"
7000,Pain (aliment moyen),Bread (average),03,0302,030201,276,1170,"8,97",55,"2,38","1,36","0,34","3,86","1,25","31,7"
7001,"Pain blanc (par ex. : baguette, boule…)","Bread, French bread, baguette",03,0302,030201,287,1220,"9,06","58,3","2,3","1,4","0,45","2,7","1,25",30
7002,Pain au levain,"Bread, French bread, with yeast",03,0302,030201,261,1110,"8,13","53,1","2,4","1,3","0,17","2,1","1,25",30
7004,"Pain blanc, passé au grille-pain","Bread, French bread, toasted",03,0302,030202,317,1340,"10,4",64,"1,4","1,3","0,52","3,7","1,51","19,6"
7007,"Pain de tradition française (par ex. : baguette, boule…)","Bread, tradtion French bread",03,0302,030201,279,1180,"8,94","56,7","2,1",1,"0,27","3,8","1,27","31,5"
7009,"Pain blanc précuit, à finir de cuire, préemballé","Bread, French bread, pre-cooked, to be recooked, prepacked",03,0302,030201,265,1120,"7,81","53,9","2,67","1,2","0,4","3,5","1,1","32,7"
7010,Pain bis (à la farine T80 ou T110),"Brown French bread, with flour type 80 or 110",03,0302,030201,265,1120,"9,43",54,"2,39","0,33","0,045","4,2","1,17","34,3"
7013,"Pain sans gluten précuit, à finir de cuire, préemballé","Bread, French bread, gluten free, pre-cooked, to be recooked, prepacked",03,0302,030201,234,983,"3,16","39,8","2,65","5,29","1,1","7,22","1,16",-
7098,"Pain aux céréales et/ou aux graines, préemballé","Country-style bread, French bread, multigrain and/or seeds, prepacked",03,0302,030201,282,1190,"9,06","39,7","4,9","7,6","0,76","5,8","1,15","35,5"
7099,"Pain de campagne, préemballé","Bread, French bread, prepacked",03,0302,030201,257,1090,"7,33","48,7","2,63","2,81","0,38","3,75","1,32",-
7100,Pain de campagne,"French bread, country-style",03,0302,030201,253,1070,"8,25",50,"2,5","1,3","0,42","4,3","1,18","33,4"
7106,"Pain complet au seigle, préemballé","Rye bread, whole grain, prepacked",03,0302,030201,213,899,"6,25","39,5","4,17","0,9","0,24","8,2","1,24","42,7"
7107,"Pain aux graines sans gluten, préemballé","Bread, with seeds, gluten free, prepacked",03,0302,030201,266,1120,"5,2","38,8","3,05","8,55","1,11","6,76","1,22",-
7109,"Pain de mie complet, sans croûte, préemballé","Sandwich loaf, wholemeal, crust less, prepacked",03,0302,030201,245,1030,"7,75","42,8","5,91","3,2","0,5","6,6","1,12","38,3"
7110,Pain complet ou intégral (à la farine T150),"Bread, French bread, wholemeal or integral bread (made with flour type 150)",03,0302,030201,234,989,"9,5","41,2","2,41","1,7","0,56","7,3","1,17","35,9"
7111,"Pain de mie complet, préemballé","Sandwich loaf, wholemeal, prepacked",03,0302,030201,257,1080,8,"41,8","5,63","4,1","0,57","7,3","1,07","36,7"
7113,"Pain de mie aux céréales et/ou graines, préemballé","Sandwich loaf, multigrain and/or with seeds, prepacked",03,0302,030201,290,1220,"9,69","43,5","5,6","6,6","1,07","5,9","1,07","32,2"
7114,"Pain azyme, préemballé","Bread, unleavened, prepacked",03,0302,030201,372,1580,"11,7","74,9","3,14","1,67","0,32","5,41","0,076","6,9"
7115,Pain au son,"Bread, bran grain",03,0302,030201,244,1030,"9,1","44,4","2,04","1,94","0,2","6,21","1,17","35,9"
7116,"Pain de mie blanc sans gluten, préemballé","Sandwich loaf, gluten free, prepacked",03,0302,030201,242,1020,"3,69","41,2","5,16","5,1","0,98","7,4","0,99",41
7117,"Pain de mie blanc, sans sucres ajoutés, préemballé","Sandwich loaf, no added sugars, prepacked",03,0302,030201,290,1220,"7,69","48,1","6,13","5,9","0,74",4,"1,14","32,6"
7125,Pain de seigle et froment,Rye and wheat bread,03,0302,030201,260,1100,"9,06","51,5","2,4",1,"0,32","4,5","1,13","31,6"
7130,"Pain sans gluten, préemballé","Bread, French bread, gluten free, prepacked",03,0302,030201,249,1040,"4,81","37,1","5,9","6,6","0,92","9,9","1,08","39,8"
7160,"Pain blanc, sans sel ajouté","Bread, French bread,  no added salt",03,0302,030201,282,1200,"9,54",57,"4,5","1,17","0,3","2,68","0,013","28,8"
7170,Pain panini,"Bread, panini",03,0302,030201,254,1070,"8,2","50,6","2,3","1,1","0,2","4,2","0,98",-
7180,Pain pita,"Bread, pita",03,0302,030201,249,1050,"8,2","48,8","2,51","1,5","0,2","3,7","1,2","34,1"
7200,"Pain de mie blanc, préemballé","Sandwich loaf, prepacked",03,0302,030201,279,1180,"7,74","50,4","6,14","4,37","0,54","2,83","1,07","33,3"
7201,"Pain de mie blanc, sans croûte, préemballé","Sandwich loaf, crustless, prepacked",03,0302,030201,266,1130,"7,6","50,2","7,5","3,23","0,48","2,89","1,07","34,8"
7210,"Pain de mie brioché, préemballé","Brioche sandwich bread, prepacked",03,0302,030201,312,1310,"8,53","51,4","10,5","7,26","1,33","3,03","1,13","28,3"
7225,"Pain brioché ou viennois, artisanal","Brioche or Vienna bread, from bakery",07,0705,000000,338,1420,"9,75","48,6","7,51","11,2","6,25","1,9","1,14","27,7"
7255,Pain aux céréales et/ou graines,"Bread, multigrain and/or with seeds",03,0302,030201,269,1140,"10,5","46,9","2,2","3,2","0,45","5,2","1,13","31,6"
7256,"Muffin anglais complet, petit pain spécial, préemballé","English muffin, whole wheat flour, prepacked",03,0302,030201,205,867,"11,9",31,"7,88","1,7","0,35","8,1","0,92","46,1"
7257,"Muffin anglais, petit pain spécial, préemballé","English muffin, prepacked",03,0302,030201,228,966,"9,94","42,5","6,17","1,1","0,43","3,8","0,9","41,7"
7258,Pain bagel,"Bread, bagel",03,0302,030201,301,1270,"10,8",53,"6,48","4,58","1,08","2,7","1,02","31,1"
7259,"Pain pour burger ou hot dog (bun), préemballé","Rolls for burger/hotdog (buns), prepacked",03,0302,030201,283,1200,9,"47,2","6,46","4,9","0,84","3,5","1,13","33,2"
7260,"Pain blanc, fait maison (avec farine pour machine à pain)","Bread, French bread, home-made, with flour for home-made bread preparation",03,0302,030201,256,1090,"8,56","52,1",-,"0,9","0,17","2,6","1,45","33,9"
7261,"Pain de campagne, fait maison (avec farine pour machine à pain)","Bread, French bread, home-made (with flour for bread making machine)",03,0302,030201,240,1020,"8,75","46,7",-,"0,9","0,18","5,1","1,34","37,3"
7262,"Pain pour burger ou hot dog (bun) complet, préemballé","Rolls for burger/hotdog (buns), wholemeal, prepacked",03,0302,030201,296,1250,"9,38","48,2","6,74","6,16","0,94","5,18","1,05",-
7263,"Bretzel, pain frais","Bretzel, fresh bread",03,0302,030201,330,1390,"10,1","54,6","3,58","7,1","0,95","3,8","3,35","21,5"
7300,Biscotte classique,Rusk,03,0302,030202,394,1670,11,"73,2","6,92","5,43","1,29","4,32","1,36","2,8"
7301,Biscotte briochée,Brioche rusk,03,0302,030202,440,1850,"9,44","72,1","9,87","11,3","5,04","5,7","1,15","0,3"
7302,Biscotte au germe de blé,"Rusk, wheat germ",03,0302,030202,386,1630,"11,1","69,9","5,1","5,4","0,97","6,6","1,28","6,2"
7310,"Biscotte, sans sel ajouté","Rusk, no added salt",03,0302,030202,402,1700,"11,6","74,7","6,91","5,1","0,98","5,6","0,0075","3,3"
7330,Biscotte aux céréales,"Rusk, multigrain",03,0302,030202,404,1700,"12,6","68,1","4,81","7,3","1,02","7,6","1,79","2,9"
7340,Biscotte au blé complet,"Rusk, wholemeal",03,0302,030202,389,1640,"12,4",66,"4,96","5,9","1,14",11,"1,23","3,5"
7347,Cracker de table aux graines,"Wheat cracker, with seeds",03,0302,030202,445,1860,"15,6","49,9","1,67","17,7","2,51","11,6","1,86",-
7348,Cracker de table au fromage et aux graines,"Wheat cracker, with cheese and seeds",03,0302,030202,455,1910,"19,6","47,3","2,24","18,5","5,84","10,4","1,87",-
7349,Cracker de table au blé complet,"Wheat cracker, wholemeal",03,0302,030202,436,1830,"13,8","55,6","4,82","15,4","3,88","10,1","1,58",-
7351,Cracker de table au froment,Wheat crackers,03,0302,030202,442,1860,"11,4","68,6","1,63","12,3","5,66","4,1","1,87","1,3"
7352,Galette de riz complet soufflé,"Puffed rice textured bread, whole grain",03,0302,030202,381,1610,"8,81","77,9","0,55",3,"0,75","3,4","0,22","5,8"
7353,Galette de céréales soufflées,Puffed cereals textured bread,03,0302,030202,388,1640,"10,6","77,9","0,94","2,9","0,66","3,7","0,21","3,8"
7354,Galette de maïs soufflé,Puffed corn/maize textured bread,03,0302,030202,387,1640,"7,38","83,5","0,74","1,9","0,45",3,"0,36","3,6"
7355,"Galette de riz soufflé, nappée de chocolat","Puffed rice textured bread, with chocolate covering",07,0706,000000,494,2070,"7,69","60,7","26,3","23,2",13,"5,1","0,048","1,7"
7356,"Galette de maïs soufflé, nappée de chocolat","Puffed corn/maize textured bread, with chocolate covering",07,0706,000000,481,2020,"7,67","63,2","22,8","20,8","12,2","5,05","0,063",-
7357,"Galette de céréale(s) soufflée(s), aux graines","Puffed cereals textured bread, with seeds",03,0302,030202,382,1610,"8,96","77,7","0,58","3,88","0,77","4,63","0,43",-
7359,"Tartine croustillante au seigle, source ou riche en fibres","Crispbread, with bran, source or rich in fibre",03,0302,030202,342,1440,"10,2","57,4","1,96",3,"0,42","21,9","0,99","5,7"
7399,"Toast ou pain grillé brioché aux raisins secs, tranches, préemballé","Brioche rusk with raisins, sliced, prepacked",03,0302,030202,405,1710,"11,8","74,3","18,8","5,9","2,45","4,03","0,62","4,83"
7400,"Pain grillé au froment, tranches, préemballé","Rusk, slice, wheat, prepacked",03,0302,030202,399,1680,"10,7","71,8","3,24","6,2","2,12","6,4","1,48","3,6"
7402,"Pain grillé au blé complet, tranches, préemballé","Rusk, slice, wholewheat, prepacked",03,0302,030202,390,1650,"11,3","69,4","3,03","5,6","1,84",8,"1,7","4,1"
7403,"Pain grillé brioché, tranches, préemballé","Brioche rusk, sliced, prepacked",03,0302,030202,427,1800,"11,2","67,6","8,4","11,3",5,"4,9","1,04","4,3"
7407,Petit pain grillé suédois au froment,"Swedish toast, wheat",03,0302,030202,411,1740,"9,5","71,6","9,26","8,4","1,18","5,2","0,86","4,5"
7409,Petit pain grillé suédois aux céréales et graines,"Swedish toast, with grains and seeds",03,0302,030202,404,1700,"11,4","68,6","3,24","8,14",1,"5,14","1,16",-
7410,"Tartine craquante extrudée, classique","Crispbread, extruded and grilled, plain",03,0302,030202,385,1630,"9,88","75,8","7,8","3,6","0,79","4,8","1,6","4,3"
7412,"Tartine craquante, extrudée et grillée, fourrée au chocolat","Crispbread, extruded and grilled, chocolate filling",07,0706,000000,445,1870,"7,88","65,4","29,7","15,6","5,84","5,3","0,19","3,8"
7413,"Tartine craquante, extrudée et grillée, fourrée aux fruits","Crispbread, extruded and grilled, fruit filling",07,0706,000000,372,1570,"4,63","74,9","31,3","5,1","2,54","2,6","0,23","11,6"
7414,"Tartine craquante extrudées, source ou riche en fibres","Crispbread, extruded and grilled, source or rich in fibre",03,0302,030202,376,1590,"10,8","71,3","5,06","3,5","0,98","7,2","1,32","5,5"
7419,"Petit pain grillé suédois au blé complet, sans sucres ajoutés","Swedish toast, wholemeal, no added sugars",03,0302,030202,391,1650,"11,9",65,"3,11","7,2","0,8","9,4","1,41","5,3"
7420,Petit pain grillé suédois au blé complet,"Swedish toast, whole wheat",03,0302,030202,402,1690,"10,6","65,8","5,68","8,6","0,93","9,3","1,27","4,6"
7421,Petit pain grillé suédois aux fruits,"Swedish toast, with fruits",03,0302,030202,386,1630,"9,7","73,8","11,5","4,9","0,5","3,8",1,"6,7"
7422,Petit pain grillé suédois brioché,Swedish toast with eggs,03,0302,030202,421,1780,"10,3","69,4","8,84","10,6","2,44","3,31","1,01",-
7425,"Pain grillé aux céréales, tranches, préemballé","Rusk , slice, multigrain, prepacked",03,0302,030202,417,1760,14,70,7,"7,33","2,41","7,5","1,58","2,38"
7431,"Croûton, à tartiner, préemballé","Croutons, for spreads, prepacked",03,0302,030202,374,1580,"13,5",70,"7,5","2,85","1,45",7,"1,3",-
7432,"Croûton nature, préemballé","Croutons, plain, prepacked",03,0302,030202,459,1930,"10,1","62,4","3,64","17,9","2,66","3,72","1,83","3,6"
7500,Chapelure,Breadcrumbs,03,0302,030202,365,1550,"10,3","74,3","4,29","1,6","0,46","5,4","0,72","7,6"
7525,"Gressin, nature (sans sésame)","Grissini or bread stick, plain (without sesame)",03,0302,030202,428,1800,"12,5","68,8","1,93","10,5","3,21","4,25","1,94","2,48"
7600,Viennoiserie (aliment moyen),Viennese pastry (average),07,0705,000000,385,1620,"7,88",49,"12,9",17,"8,33","2,43","1,03","22,6"
7603,"Croissant, sans précision (aliment moyen)",Croissant (average),07,0705,000000,417,1750,"7,19","46,2","7,49","22,1",14,"2,41","1,19","21,2"
7615,"Croissant ordinaire, artisanal","Croissant, ordinary, from bakery",07,0705,000000,412,1720,"6,94","47,6","7,88","21,1","11,6","1,8","1,31","21,4"
7616,"Croissant ordinaire, préemballé","Croissant, ordinary, prepacked",07,0705,000000,398,1670,"7,63","46,7","8,33","19,1","9,33","4,1","1,16","21,4"
7619,"Croissant pur beurre, sans précision (aliment moyen)","Croissant, pure butter (average)",07,0705,000000,420,1760,"7,25","45,7","7,3","22,6","15,1","2,5","1,16","21,1"
7620,"Croissant pur beurre, artisanal","Croissant, pure butter, from bakery",07,0705,000000,420,1760,"7,25","45,7","7,3","22,6","15,1","2,5","1,16","21,1"
7621,"Croissant pur beurre, préemballé","Croissant, pure butter, prepacked",07,0705,000000,388,1620,"6,88","45,7","9,79","18,9","11,1","3,7","0,91","24,1"
7650,"Croissant aux amandes, artisanal","Croissant with almonds, from bakery",07,0705,000000,449,1870,"8,36","36,5","14,4","29,1","14,9","3,7","0,79","22,1"
7710,"Pain au lait, artisanal","Milk roll, from bakery",07,0705,000000,376,1580,"9,38",49,"9,62","15,4","8,34","1,5","1,1","23,7"
7711,"Pain au lait, préemballé","Milk roll, prepacked",07,0705,000000,357,1500,"8,69","50,5","11,5","12,3","4,14","3,5","1,06","23,1"
7712,"Pain au lait aux pépites de chocolat, préemballé","Milk roll filled with chocolate chips, prepacked",07,0705,000000,375,1570,"8,25","49,6","18,9","14,7","5,31","3,8","0,9","21,4"
7719,"Panettone (brioche italienne aux raisins secs et écorces d'orange confite), préemballée","Brioche, (italian pastry filled with raisins and orange candied peel), prepacked",07,0705,000000,352,1480,"6,88","50,6","25,9","12,7","7,04","3,4","0,46","24,9"
7720,"Pain aux raisins (viennoiserie), artisanal","Raisin puff pastry (Viennese pastries), from bakery",07,0705,000000,345,1450,"6,38","53,4","20,9","11,5","5,66","1,4","0,81","25,8"
7730,"Pain au chocolat, artisanal","Chocolate croissant, from bakery",07,0705,000000,423,1770,"8,19","45,4","12,8","22,5","14,7",3,"0,98",20
7733,"Pain au chocolat, préemballé","Chocolate croissant, prepacked",07,0705,000000,421,1760,"6,89","48,6",13,"21,4","12,5","2,72","0,98",19
7735,"Brioche (ou briochettes) aux pépites de chocolat ou fourrée au chocolat, préemballée","Brioche, with chocolate chips or filled with chocolate, prepacked",07,0705,000000,352,1480,"8,17","51,1","17,4","12,1","3,08","2,98","0,91",24
7738,"Brioche fourrée aux fruits, préemballée","Brioche, filled with fruits, prepacked",07,0705,000000,326,1370,"5,81","52,4","24,4",9,"2,15","5,5","0,99","25,8"
7739,"Brioche fourrée crème pâtissière (type ""chinois""), préemballée","Brioche, filled with custard cream (Chinese brioche type), prepacked",07,0705,000000,267,1130,"5,81","45,7","20,3",6,"1,9","3,4","0,83","37,7"
7740,"Brioche nature, préemballée","Brioche, plain, prepacked",07,0705,000000,356,1500,"7,99","52,7","14,5","12,1","4,68","2,09","0,98","23,7"
7742,"Brioche nature, artisanale","Brioche, plain, from bakery",07,0705,000000,420,1760,"11,3","50,7","5,7","19,1","8,51","< 0,5","1,47","20,1"
7744,"Couronne des rois (brioche) aux fruits confits, préemballée","Christmas brioche with candied fruits, prepacked",07,0705,000000,353,1480,"7,2","52,8","19,6","12,3","6,1","1,35","0,89",25
7745,"Brioche pur beurre (ex : gâche vendéenne) nature, préemballée","Brioche, pure butter, plain, prepacked",07,0705,000000,361,1520,"8,21","51,1",13,"13,3","8,71","2,03","0,99",24
7746,"Brioche, sans précision (aliment moyen)",Brioche (average),07,0705,000000,363,1530,"8,41","52,1","13,9",13,"5,09","1,94","1,04","23,5"
7811,"Focaccia, garnie","Focaccia, filled",01,0105,000000,233,979,8,"29,5","4,25","8,75","1,75","2,25","1,45",-
7812,"Fougasse, garnie","Fougasse, filled",01,0105,000000,320,1340,"9,53","42,1","1,6","11,8","2,74","3,2","1,78","34,1"
7813,"Tortilla souple (à garnir), à base de maïs","Maize/corn tortilla wrap, to be filled",03,0302,030201,316,1330,"6,67",58,"2,37","5,57","1,13","3,57","1,4",26
7814,"Cake salé (garniture : fromage, légumes, viande, poisson, volaille, etc.), préemballé","Savoury cake (with cheese, vegetables, meat, fish, poultry, etc.), prepacked",01,0106,000000,321,1340,"11,6","25,6","2,68","18,4","4,68","2,3","1,64","42,2"
7815,"Tortilla souple (à garnir), à base de blé","Wheat tortilla wrap, to be filled",03,0302,030201,320,1350,"8,79",53,"2,12","7,48","1,39","2,89","1,41",26
8000,Rillettes traditionnelles de porc,Rillettes of pork,04,0403,040306,391,1620,13,"3,73",0,36,14,0,"0,85","46,3"
8001,Rillettes pur porc,"Rillettes, pure pork",04,0403,040306,413,1710,"16,7","0,13","< 0,2","38,3","15,2","0,21","0,97",44
8002,Rillettes supérieures de porc,"Rillettes of pork, superior quality",04,0403,040306,402,1660,"15,5","0,17","0,13","37,7","14,9","0,05","1,13",-
8010,Rillettes de Tours (porc),Rillettes from Tours,04,0403,040306,522,2160,18,"0,1",-,50,-,0,-,-
8015,Rillettes du Mans (porc),Rillettes from Mans,04,0403,040306,420,1740,"15,6","4,79","0,13","37,6","14,8","0,21","1,28",40
8025,Rillettes pur oie,"Rillettes, pure goose",04,0403,040306,417,1720,"14,7","0,1",-,"39,8",-,0,"1,3",-
8026,Rillettes de canard,Rillettes of duck,04,0403,040306,377,1560,"15,3","1,03",traces,"34,6","11,2",traces,"1,25","47,3"
8030,Rillettes d'oie,Rillettes of goose,04,0403,040306,364,1510,"14,9","0,99",-,"33,4","9,82",0,"1,29","48,9"
8040,Rillettes de poulet,Rillettes of poultry,04,0403,040306,340,1410,"16,4","0,49","0,36","30,3","10,7","0,25","1,19","52,2"
8059,"Rillettes de crabe, préemballées","Rillettes, crab, prepacked",04,0409,000000,210,869,"9,16","4,61","1,74","16,6","1,79","2,61","1,36",-
8080,"Rillettes de poisson, préemballées","Rillette, fish, prepacked",04,0409,000000,242,1000,"13,9",traces,"0,3","20,7","4,24",0,"0,96","59,9"
8081,"Rillettes de saumon, préemballées","Rillettes, salmon, prepacked",04,0409,000000,242,1000,"12,9","2,77","1,52","19,6","3,63","1,2","1,29","62,8"
8082,"Rillettes de thon, préemballées","Rillettes, tuna, prepacked",04,0409,000000,235,974,"13,6","1,88","1,17","18,8","2,72","1,69","1,15","63,5"
8083,"Rillettes de maquereau, préemballées","Rillettes, mackerel, prepacked",04,0409,000000,246,1020,11,1,0,22,-,0,-,-
8109,"Confit de canard, viande (cuisse), sans peau, appertisé, réchauffé","Duck confit (conserved in rendered fat), meat (leg) without skin, canned, reheated",04,0403,040308,195,818,32,traces,-,"7,4","2,31",0,"1,89",58
8110,"Confit de canard, appertisé","Duck confit (conserved in rendered fat), canned",04,0403,040308,273,1140,"25,7","0,15","0,14","18,8","7,26","0,4","1,44","49,7"
8111,"Canard, magret fumé","Duck breast fillet, smoked",04,0403,040308,362,1500,18,"0,5","0,5",32,12,0,"2,75",-
8120,Confit de foie de porc,Preserved pork liver,04,0403,040305,320,1320,"15,4","1,3",1,"28,1","10,4","0,5","1,61",-
8125,Confit de foie de volaille,Preserved poultry liver,04,0403,040305,361,1490,"13,7","6,22","0,4",31,11,1,"1,46","46,7"
8201,Pâté au poivre vert,Pâté with green pepper,04,0403,040305,358,1480,"10,1","1,45",-,"34,6",-,traces,-,"48,1"
8206,Pâté au jambon,Ham pâté,04,0403,040305,302,1250,"14,7","1,04","0,43","26,5","11,4","0,39","1,68","57,2"
8211,Pâté ou terrine de campagne,Country-style pâté or terrine,04,0403,040305,323,1340,"15,5","1,5","0,62","28,2","10,4",0,"1,54","52,2"
8212,"Pâté ou terrine de campagne, à teneur réduite en sel","Country-style pâté or terrine, low salt",04,0403,040305,324,1340,"13,8","4,2","1,78","27,9","10,7","0,25","1,22",-
8214,Pâté breton,Breton pâté,04,0403,040305,363,1500,11,"2,88",1,34,13,"0,5","1,67",50
8232,Terrine de canard,Duck terrine,04,0403,040305,322,1340,"13,2","5,64","0,47","27,1","9,91","0,54","1,39","50,7"
8240,Pâté de lapin,Rabbit pâté,04,0403,040305,286,1180,"14,7","1,73","0,73","24,5","9,47","0,15","1,45",60
8242,Terrine de lapin,Rabbit terrine,04,0403,040305,266,1110,19,"6,44",1,18,7,1,"1,68","53,8"
8245,Pâté de gibier,Game pâté,04,0403,040305,293,1220,"14,2","3,28","1,7","24,7","10,5","0,5","1,83",-
8250,Pâté ou terrine aux champignons (forestier),Pâté with mushrooms,04,0403,040305,328,1360,"12,6","5,93","1,95","28,1","10,6","0,58","1,73","50,8"
8290,"Tarama, au saumon fumé, préemballé","Taramasalata, with smoked salmon, prepacked",04,0409,000000,501,2060,"7,7","4,74","0,68",50,"4,12","0,38","1,33",-
8291,"Terrine de poisson, préemballée","Fish terrine, prepacked",04,0409,000000,205,852,"9,01","4,21","1,59","16,7","2,77","1,36","1,16",67
8292,"Terrine de fruits de mer (par ex. de Saint-Jacques), avec ou sans poisson, préemballée","Seafood terrine, with or without fish, prepacked",04,0409,000000,190,790,"9,13","7,89","1,74","13,3","2,5","1,2","1,25","66,5"
8293,"Tarama, aux oeufs de cabillaud, préemballé","Taramasalata, with cod eggs, prepacked",04,0409,000000,518,2140,"6,11","4,01","0,62",53,"4,31","0,48","1,53",30
8296,"Terrine ou mousse de légumes, premballée","Vegetable terrine or mousse, prepacked",01,0103,010306,140,581,"6,67","5,5","1,33","9,56","3,59","2,55","1,46","75,9"
8297,Flan de légumes aux oeufs,Vegetable flan with eggs,01,0103,010306,210,870,"5,38","4,13","2,06","18,6","10,8","2,3","0,89",68
8300,"Pâté de foie de porc, supérieur","Pork liver pâté, superior quality",04,0403,040305,358,1480,13,"6,5","1,57",31,"14,8","0,3","1,62","47,6"
8305,Pâté de foie de porc,Pork liver pâté,04,0403,040305,355,1470,"10,8","2,91","1,38","33,3","11,6","0,2","1,68","50,7"
8312,Mousse de foie de porc supérieure ou crème de foie,"Pork liver mousse, superior quality",04,0403,040305,324,1340,"11,1","10,9","2,18","26,1","10,5","0,72","1,43","49,8"
8313,Mousse de foie de porc,Pork liver mousse,04,0403,040305,286,1190,12,"3,39","1,89","24,9","9,34","0,75","1,72","56,5"
8315,Mousse de canard,Duck mousse,04,0403,040305,394,1630,"10,1","7,07","2,05","36,1","13,7","0,45","1,58","44,4"
8316,Pâté de foie de volaille,Poultry liver pâté,04,0403,040305,316,1310,"13,7","1,21","0,63","28,3","11,4","0,84","1,53","54,5"
8321,"Foie gras, canard, entier, cuit","Foie gras, duck, whole, cooked",04,0403,040308,526,2170,"8,41","0,026","0,026","54,6",23,"0,35","1,11","35,1"
8323,"Foie gras, canard, bloc, sans morceaux","Foie gras block, duck, without pieces",04,0403,040308,478,1970,"5,75","1,09","1,09",50,"19,7","0,35","1,14","40,8"
8324,"Foie gras, canard, bloc, 30% de morceaux","Foie gras block, duck, 30% pieces",04,0403,040308,488,2010,"6,88","2,19","1,41","50,1","21,6",0,"1,29","39,1"
8325,"Foie gras, canard, bloc, 50% de morceaux","Foie gras block, duck, 50% pieces",04,0403,040308,488,2010,"6,39","4,28","1,2","49,5","21,2",0,"1,29","38,5"
8326,Pâté de foie d'oie,Goose liver pâté,04,0403,040305,459,1900,"11,4","4,67",-,"43,8","14,5",0,"1,74",37
8328,"Foie gras, canard, cru","Foie gras, duck, raw",04,0403,040308,600,2470,"5,94","1,41","1,14","63,4","28,1",0,"0,52",-
8331,"Foie gras, canard, bloc (aliment moyen)","Foie gras, duck, block (average)",04,0403,040308,488,2010,"6,88","2,19","1,41","50,1","21,6",0,"1,29","39,1"
8332,Pâté (aliment moyen),Paté (average),04,0403,040305,325,1350,"14,6","1,91","0,81","28,7","10,6","0,12","1,58","52,2"
8350,Galantine,Galantine,04,0403,040308,109,462,22,"1,28","0,97","1,73","0,55","0,44",2,-
8373,Roulade de porc pistachée,Rolled escalope of pork with pistachio,04,0403,040308,287,1190,"15,3",3,"0,7","23,5","7,8","1,2","2,5","54,5"
8380,Oeuf au jambon en gelée,"Egg in aspic, with ham",04,0403,040308,-,-,"11,5",-,-,"4,7",-,traces,"1,35","81,9"
8391,Pâté en croûte,Pâté in crust,04,0403,040305,303,1260,"9,96","21,7","1,5","19,3","8,12","1,5","1,72","45,4"
8395,Jambon en croûte,"Ham, in a pastry crust",04,0403,040308,236,989,"14,4","17,8","1,82","11,8","5,71","0,77","1,92","52,2"
8400,Fromage de tête,Head-cheese pâté or brawn,04,0403,040308,184,766,"13,8","3,15",0,"12,9","4,37",0,"2,35","67,7"
8406,"Salade de museau de porc, avec sauce, préemballée","Salad of pig's snout, with sauce, prepacked",01,0101,000000,172,712,"8,51","0,89","0,64","14,8","3,59","0,75","1,58","75,5"
8407,"Salade de cervelas, avec sauce, préemballée","Salad of saveloy, with sauce, prepacked",01,0101,000000,259,1070,"7,6","1,93","1,29","24,2","6,23","1,28","1,75",-
8429,Jambon persillé en gelée,Pork ham with parsley and jelly,04,0403,040301,151,634,19,"0,48","0,3","7,9","2,8",0,"1,67","69,6"
8450,Museau de boeuf,Ox muzzle,04,0403,040308,151,637,"26,2",0,-,"5,17",-,0,-,"66,1"
8500,Andouille,Chitterling sausage,04,0403,040308,211,878,"18,4","0,3",-,"15,1",-,0,"2,08","60,5"
8501,Andouille de Guéméné,Chitterling sausage from Guéméné,04,0403,040308,234,972,18,traces,-,18,-,0,-,-
8504,"Andouille, réchauffée à la poêle","Chitterling sausage, reheated in a frying pan",04,0403,040308,270,1120,"22,5",0,"< 0,2",20,"9,29",< 1,"2,82","55,5"
8512,Andouille de Vire,Chitterling sausage from Vire,04,0403,040308,238,989,19,traces,-,18,-,0,-,-
8550,"Andouillette, à cuire","Chitterling sausage, to cook",04,0403,040308,225,937,"18,8","0,5","< 0,5","16,3","6,94","0,71","1,46",63
8551,"Andouillette, grillée/poêlée","Chitterling sausage, grilled/pan-fried",04,0403,040308,301,1250,"24,5","0,54","< 0,2","22,3","11,1",< 1,"2,73","48,7"
8552,"Andouillette de Troyes, à cuire","Chitterling sausage from Troyes, to cook",04,0403,040308,256,1060,"19,7",1,"< 0,5",19,"7,91","0,9","1,97","59,9"
8601,"Tripes à la mode de Caen (estomac et pied de boeuf, carottes…), préemballées","Caen-style tripe, prepacked",01,0103,010301,120,503,"20,4","0,5",traces,"3,68",2,"1,5","1,06",74
8612,"Tripes à la tomate ou à la provençale, préemballées","Provencal-type tripe (with tomato), prepacked",01,0103,010301,100,423,"17,5","0,55","< 0,4","3,13","1,68",traces,"1,38","76,6"
8703,"Boudin noir, à cuire","Black pudding, to cook",04,0403,040308,297,1230,"12,2","0,29","0,2","27,1","9,57","1,42","1,29","57,2"
8704,"Boudin noir, grillé/poêlé","Black pudding, grilled/pan-fried",04,0403,040308,246,1020,"11,9","3,78","2,86","20,3","7,46",0,"1,31","61,8"
8705,"Boudin, grillé/poêlé (aliment moyen)","Black or white pudding (blood sausage), grilled/pan-fried (average)",04,0403,040308,238,989,"11,3","4,59","2,61","19,4","7,19",traces,"1,41","61,3"
8742,"Boudin antillais, à cuire","Caribbean blood sausage, to cook",04,0403,040308,231,962,"11,5","9,2","5,1","16,5","6,9",traces,"1,22","63,9"
8800,"Boudin blanc, grillé/poêlé","White pudding, grilled/pan-fried",04,0403,040308,220,914,"9,89","6,6",2,"17,1","6,52",traces,"1,64","60,1"
8801,"Boudin blanc, à cuire","White pudding, to cook",04,0403,040308,244,1010,10,"3,64","3,64",21,"7,89",traces,"1,42","64,2"
8803,"Boudin blanc truffé, à cuire","White pudding, truffled, to cook",04,0403,040308,247,1020,"10,6","9,01","1,7","18,4","7,4","1,4","1,63","58,8"
8903,"Quenelle de veau en sauce, appertisée","Veal quenelle, with sauce, canned",04,0403,040307,169,704,"3,52","14,8","0,94","10,3","4,56","1,39","1,17","68,8"
8910,"Quenelle de volaille, à cuire","Poultry quenelle, raw",04,0403,040307,189,792,"9,37","14,7","1,2","10,1","1,5","1,1","0,74",-
8912,"Quenelle de volaille en sauce, appertisée","Poultry quenelle, with sauce, canned",04,0403,040307,138,574,"3,55","10,3","1,92","8,92","4,95","1,2","1,1",-
8932,"Quenelle de poisson en sauce, appertisée","Fish quenelle, with sauce, canned",04,0403,040307,135,564,"3,79","10,5","0,97","8,51","3,95","0,72","1,11",-
8933,"Quenelle de poisson, à cuire","Fish quenelle, raw",04,0403,040307,245,1030,"8,1","23,6","1,9","12,7","8,2","2,15","0,95","52,3"
8937,"Quenelle nature, à cuire","Quenelle, plain, raw",04,0403,040307,226,940,"6,88","14,7","0,66","15,1","3,95","1,1","0,88","60,6"
9001,"Épeautre, cru","Spelt, raw",03,0301,030102,344,1450,"15,6","59,5","6,68","2,43","0,41","10,7","0,02",11
9003,"Blé de Khorasan, cru","Khorasan wheat, raw",03,0301,030102,342,1440,"15,6","59,5","7,74","2,13","0,2","11,1","0,013","11,1"
9060,"Blé dur complet, cru","Durum wheat, wholewheat, raw",03,0301,030102,342,1440,"14,7","59,3","1,8","2,47","0,45","11,8","0,005","10,9"
9080,"Blé dur complet, précuit, à cuire","Wheat, wholewheat, pre-cooked, raw",03,0301,030102,359,1520,"14,7","67,7","0,83","1,83","0,37","6,67","0,01","8,81"
9081,"Blé dur (grains entiers), précuit, cuit, sans sel ajouté","Durum wheat pre-cooked, whole grain, cooked, no added salt",03,0301,030101,153,646,"5,75","28,2","0,18","1,1","0,19","3,5","0,043","61,5"
9082,"Blé dur précuit, cuisiné, en sachet micro-ondable","Durum wheat, pre-cooked, seasoned, cooked, in a microwaveable bag",01,0103,010307,188,791,"5,21","29,6","2,21","4,84","1,11","2,58","1,16",57
9085,"Nouilles asiatiques cuisinées (boeuf, poulet, légumes…) non instantanées","Asian noodles, seasoned (beef, chicken, vegetables), cooked",01,0103,010307,140,588,"5,12","18,8",2,"4,3","0,5","2,8","1,2",71
9100,"Riz blanc, cru","Rice, white, raw",03,0301,030102,350,1480,"7,38","77,5","0,12","0,79","0,16","1,53","0,0079","12,6"
9101,"Riz blanc étuvé, cru","Rice, white, parboiled, raw",03,0301,030102,361,1530,"7,69","79,4","0,33","1,02","0,25","1,65","0,01","9,86"
9102,"Riz complet, cru","Rice, wholegrain, raw",03,0301,030102,350,1480,"7,38","71,4",0,"2,8","0,56",5,"0,01","12,6"
9103,"Riz complet, cuit, sans sel ajouté","Rice, wholegrain, cooked, no added salt",03,0301,030101,187,792,"4,06","37,6","0,13","1,8","0,43","2,1","0,035",54
9104,"Riz blanc, cuit, sans sel ajouté","Rice, white, cooked, no added salt",03,0301,030101,155,658,"3,31","33,2",traces,"0,7","0,17","1,4","0,045","61,4"
9105,"Riz blanc étuvé, cuit, sans sel ajouté","Rice, white, parboiled, cooked, no added salt",03,0301,030101,146,621,"3,1","31,7","0,11","0,56","0,074","1,1","0,0059","63,5"
9107,"Riz blanc, précuit, cuit, sans sel ajouté","Rice, white, pre-cooked or instant, cooked, no added salt",03,0301,030101,-,-,-,"28,1",traces,"1,3",-,1,"0,0025",68
9108,"Riz sauvage, cru","Rice, wild, raw",03,0301,030102,344,1460,"11,7","69,2","0,9","0,94","0,15","5,9","0,0068","11,5"
9109,"Riz rouge, cru","Rice, red, raw",03,0301,030102,352,1490,"8,38","70,6",traces,3,-,"4,5","0,028","12,4"
9110,"Riz rouge, cuit, sans sel ajouté","Rice, red, cooked, no added salt",03,0301,030101,141,598,"3,63","28,2",traces,"0,69",-,4,"0,0088","63,1"
9111,"Riz sauvage, cuit, sans sel ajouté","Rice, wild, cooked, no added salt",03,0301,030101,102,430,"3,99","19,7","0,73","0,34","0,049","1,8","0,0075","73,9"
9113,"Riz semi-complet, cuit, sans sel ajouté","Rice, semi-wholegrain, cooked, no added salt",03,0301,030101,165,700,"3,81","34,4",traces,1,"0,22","1,7","0,063","58,8"
9119,"Riz thaï ou basmati, cru","Rice, basmati, raw",03,0301,030102,351,1490,"7,44","78,4",0,"0,63","0,18","1,06","0,032","12,5"
9121,"Riz, mélange de variétés (blanc, complet, rouge, sauvage, etc.), cru","Rice, mix of species (white, wholegrain, wild, red, etc.), raw",03,0301,030102,355,1500,"7,5","78,1","0,5",1,"0,2","1,5","0,025","12,2"
9124,"Riz thaï, cuit, sans sel ajouté","Rice, Thai, cooked, no added salt",03,0301,030101,143,606,"2,5","31,4",traces,"0,8","0,14","< 0,5","0,04","65,1"
9125,"Riz basmati, cuit, sans sel ajouté","Rice, basmati, cooked, no added salt",03,0301,030101,148,629,"3,19","32,9",traces,"0,4","0,14","< 0,5","0,045","63,3"
9230,"Pop-corn ou maïs éclaté, à l'huile, salé","Pop-corn or popped maize, with oil, salted",03,0303,000000,477,1990,"8,3","50,2","2,02","24,6","11,9","10,6","2,61","3,33"
9231,"Pop-corn ou maïs éclaté, sans huile, non salé","Pop-corn or air-popped maize, without oil, unsalted",03,0303,000000,419,1760,11,"59,7","0,6","12,3","4,57","12,8","0,02","2,95"
9232,"Pop-corn ou maïs éclaté, au caramel","Pop-corn or popped maize, with caramel",03,0303,000000,421,1770,"6,53","73,2","35,9","9,83","3,8","6,8","0,08",2
9310,"Avoine, crue","Oat, raw",03,0301,030102,378,1590,"18,1","55,7","1,2","6,9","1,22","10,6","0,005","8,22"
9313,Flocons d'avoine bouillis/cuits à l'eau,"Oat flakes, boiled/cooked in water",03,0301,030101,"69,1",291,"2,72","10,3","0,23","1,52","0,31","1,7","0,01","83,6"
9320,"Orge complète, crue","Barley, wholegrain, raw",03,0301,030102,334,1410,"13,4","56,2","0,8","2,3","0,48","17,3","0,03","9,44"
9321,"Orge perlée, crue","Pearled barley, raw",03,0301,030102,346,1460,"10,6","68,6","0,8","1,16","0,24","9,1","0,023","10,1"
9322,"Orge perlée, bouilli/cuite à l'eau, sans sel ajouté","Pearled barley, boiled/cooked in water, no added salt",03,0301,030101,119,503,"2,42","24,4","0,28","0,44","0,093","3,8","0,0075","68,8"
9330,"Mil complet, cru","Millet, wholegrain, raw",03,0301,030102,360,1520,"11,8","64,3",-,"4,22","0,72","8,5","0,013","8,67"
9331,"Mil, cuit, sans sel ajouté","Millet, cooked, no added salt",03,0301,030101,116,492,"3,76","22,4","0,13",1,"0,17","1,3","0,005","71,4"
9340,"Quinoa, cru","Quinoa, raw",03,0301,030102,358,1510,"14,1","58,1",-,"6,07","0,71",7,"0,013","13,3"
9341,"Quinoa, bouilli/cuit à l'eau, sans sel ajouté","Quinoa, boiled/cooked in water, no added salt",03,0301,030101,149,631,5,"27,9","0,87","1,1","0,14","3,8","0,015","61,6"
9345,"Amarante, crue","Amaranth, raw",03,0301,030102,369,1560,"14,5","58,6","1,68","7,02","1,46","6,7","0,01","11,3"
9360,"Sorgho complet, cru","Sorghum, wholegrain, raw",03,0301,030102,349,1470,"10,6","65,4","2,48","3,46","0,61","6,7","0,005","12,4"
9380,"Sarrasin complet, cru","Buckwheat, wholegrain, raw",03,0301,030102,362,1530,"13,3","67,5",-,"3,4","0,74",4,"0,0025","9,75"
9390,"Seigle complet, cru","Rye, wholegrain, raw",03,0301,030102,332,1400,"11,1","60,8","0,98","1,63","0,2","15,1","0,005","10,6"
9410,Farine de blé tendre ou froment T110,"Wheat flour, type 110",03,0304,000000,343,1450,"10,3","68,6","1,6","1,5","0,27","6,8","< 0,13","12,4"
9415,Farine de blé tendre ou froment T150,"Wheat flour, type 150",03,0304,000000,342,1450,"12,2","64,9","1,77","1,52","0,22","10,2","0,035","10,7"
9435,Farine de blé tendre ou froment T65,"Wheat flour, type 65",03,0304,000000,346,1470,11,"71,5","1,5",1,-,"3,5","0,03","13,2"
9436,Farine de blé tendre ou froment T55 (pour pains),"Wheat flour, type 55 (for bread)",03,0304,000000,350,1480,"9,9","73,7","1,5",1,"0,19","3,2","< 0,13","12,5"
9437,Farine de blé tendre ou froment avec levure incorporée,"Wheat flour, self-raising",03,0304,000000,350,1490,10,74,"2,5",1,"0,5","2,5",-,-
9440,Farine de blé tendre ou froment T45 (pour pâtisserie),"Wheat flour, type 45 (for pastry)",03,0304,000000,355,1510,"9,25","76,5","0,44","0,82","0,13","2,5","0,098","11,3"
9445,Farine de blé tendre ou froment T80,"Wheat flour, type 80",03,0304,000000,355,1510,"10,9","73,2","1,77","1,18","0,17","4,2","< 0,0068","10,7"
9480,Farine d'épeautre (grand épeautre),Spelt flour,03,0304,000000,352,1490,"12,5",64,"1,3",3,"0,5","9,3","< 0,13","10,8"
9510,Amidon de maïs ou fécule de maïs,Maize/corn starch,03,0304,000000,365,1550,"0,26","90,4",0,"0,05","0,009","0,9","0,023","8,32"
9520,Farine de riz,Rice flour,03,0304,000000,357,1510,8,"73,9","0,9","2,5","0,46","3,3","< 0,13","11,4"
9530,Farine de seigle T170,"Rye flour, type 170",03,0304,000000,315,1320,"17,1","44,8","2,31","2,22","0,27","23,8","0,005","10,8"
9532,Farine de seigle T85,"Rye flour, type 85",03,0304,000000,345,1460,"10,5","68,7","0,93","1,33","0,15",8,"0,005","11,4"
9533,Farine de seigle T130,"Rye flour, type 130",03,0304,000000,344,1450,"7,76","70,9","1,59","1,12","0,22","9,5","0,0091","9,9"
9540,Farine de sarrasin,Buckwheat flour,03,0304,000000,348,1470,"11,5","68,4","0,03","2,19","0,58","4,2","0,06","12,1"
9545,Farine de maïs,Maize/corn flour,03,0304,000000,362,1540,"5,59","80,9","0,64","1,39","0,17","1,9","0,0025","9,81"
9550,Farine d'orge,Barley flour,03,0304,000000,337,1430,"11,3","64,4","0,8","1,6","0,34","10,1","0,01","12,1"
9555,Farine de millet,Millet flour,03,0304,000000,350,1480,"10,2","63,2","0,5","4,1","0,76","9,7","< 0,13","10,3"
9570,Farine de châtaigne,Chestnut flour,03,0304,000000,362,1530,"6,1","70,4",-,"3,43","0,52","12,6",-,"5,52"
9580,Farine de pois chiche,Chick pea flour,03,0304,000000,359,1510,"22,4",47,"10,9","6,69","0,69","10,8","0,16","10,3"
9610,"Semoule de blé dur, crue","Durum wheat semolina, raw",03,0301,030102,350,1480,13,"69,8",1,"1,28","0,23","3,7","0,0025","12,7"
9612,"Mélange de céréales et légumes secs, cru","Mix of cereals and pulses, raw",03,0301,030102,354,1490,15,59,"4,5",4,"0,5",11,"0,99",-
9614,"Polenta ou semoule de maïs, précuite, à cuire","Polenta or maize/corn semolina, pre-cooked, raw",03,0301,030102,350,1480,"7,88",74,traces,"1,8",-,"3,2","0,0043","12,6"
9615,"Polenta ou semoule de maïs, cuite, sans sel ajouté","Polenta or maize/corn semolina, cooked, no added salt",03,0301,030101,"76,1",323,"1,38","16,9","0,1","< 0,3","< 0,01","1,6","< 0,01","79,9"
9621,Son de blé,Wheat bran,10,1003,000000,270,1120,"14,7","22,7","2,39","3,88","0,82","42,9","0,015","9,89"
9640,Son d'avoine,Oat bran,10,1003,000000,361,1520,"16,8","50,6","2,23","6,52","1,16","16,7","0,016","6,55"
9641,Son de maïs,Maize/corn bran,10,1003,000000,226,921,"8,36","6,65",0,"0,92","0,13",79,"0,018","4,71"
9643,Son de riz,Rice bran,10,1003,000000,398,1650,14,28,"0,9","20,9","4,17",21,"0,013","6,13"
9660,Germe de blé,Wheat germ,10,1003,000000,375,1580,"29,2","35,1",10,"9,5","1,83","16,3","0,018","7,5"
9681,"Graine de couscous (semoule de blé dur précuite), à cuire","Couscous (pre-cooked durum wheat semolina), raw",03,0301,030102,366,1550,"13,5","72,7","3,5","1,32","0,26","4,5","0,018","8,56"
9683,"Semoule ou graine de couscous, cuite, sans sel ajouté","Couscous grain, cooked, no added salt",03,0301,030101,164,693,"6,38",31,"3,36","0,9","0,21","2,8","0,038",59
9685,"Semoule ou graine de couscous complète, cuite, sans sel ajouté","Couscous grain, wholewheat, cooked, no added salt",03,0301,030101,142,602,"4,69","26,8","1,38",1,"0,21","3,7","0,04","63,8"
9686,"Semoule ou graine de couscous semi-complète, cuite, sans sel ajouté","Couscous grain, semi-wholewheat, cooked, no added salt",03,0301,030101,170,718,"6,13","32,4","1,15",1,"0,22","3,2","0,02","57,2"
9690,"Boulgour de blé, cru","Wheat, bulgur, raw",03,0301,030102,347,1470,"12,6","65,8","0,41","1,42","0,23","10,5","0,043",9
9691,"Boulgour de blé, cuit, sans sel ajouté","Wheat bulgur, cooked, no added salt",03,0301,030101,131,555,"4,63","24,1",traces,1,"0,16","3,7","0,033","66,5"
9810,"Pâtes sèches, standard, crues","Pasta, dry, regular, raw",03,0301,030102,364,1540,"13,1","72,7","2,58","1,6","0,33","2,91","0,016","9,9"
9811,"Pâtes sèches, standard, cuites, sans sel ajouté","Pasta, dry, regular, cooked, no added salt",03,0301,030101,167,706,"6,69","31,4","0,87","1,1","0,2","2,2","0,048","58,9"
9815,"Pâtes fraîches, aux oeufs, crues","Pasta, fresh, with egg, raw",03,0301,030102,283,1200,"11,1","53,8","2,54","1,87","0,49","3,17","0,35",-
9816,"Pâtes fraîches, aux oeufs, cuites, sans sel ajouté","Pasta, fresh, with egg, cooked, no added salt",03,0301,030101,168,712,"6,31",32,traces,"1,3",-,"1,5","0,042","59,1"
9821,"Pâtes sèches, aux oeufs, crues","Pasta, dry, with egg, raw",03,0301,030102,381,1610,"15,2",68,"2,19","4,72","1,34","3,15","0,085","9,01"
9822,"Pâtes sèches, aux oeufs, cuites, sans sel ajouté","Pasta, dry, with egg, cooked, no added salt",03,0301,030101,134,566,"4,94",23,"0,8",2,"0,42",2,"< 0,01","68,1"
9824,"Pâtes sèches, sans gluten, cuites, sans sel ajouté","Pasta, dry, gluten-free, cooked, no added salt",03,0301,030101,163,690,"3,25","34,4","0,49","1,1","0,29",1,"0,015","60,1"
9863,"Pâtes ou nouilles asiatiques sèches, au blé et aux oeufs, nature, crues","Asian noodles, dry, with wheat and egg, plain, raw",03,0301,030102,371,1570,13,71,"0,5",3,1,4,"0,99",-
9870,"Pâtes sèches, au blé complet, crues","Pasta, dry, wholewheat, raw",03,0301,030102,353,1490,"12,6","67,6","1,8","2,2","0,36","6,1","0,016",11
9871,"Pâtes sèches, au blé complet, cuites, sans sel ajouté","Pasta, dry, wholewheat, cooked, no added salt",03,0301,030101,179,758,"7,88","31,3","0,94","1,4","0,27","5,1","0,055","54,3"
9874,"Pâtes sèches, sans gluten, crues","Pasta, dry, gluten-free, raw",03,0301,030102,358,1520,"6,5",79,"0,5","1,5","0,3",1,"0,0078",-
9875,"Pâtes sèches, sans gluten (à base de riz et maïs), cuites, sans sel ajouté","Pasta, dry, gluten-free (from rice and corn), cooked, no added salt",03,0301,030101,170,720,"3,38","36,6",traces,"0,8","0,35","1,3","< 0,013",58
9876,"Pâtes sèches, sans gluten (à base de lentilles corail), cuites, sans sel ajouté","Pasta, dry, gluten-free (from red lentils), cooked, no added salt",03,0301,030101,168,709,"12,6","25,1","1,03","0,8","0,16","4,9","< 0,013","56,8"
9877,"Pâtes sèches, semi-complètes, cuites, sans sel ajouté","Pasta, dry, semi-wholewheat, cooked, no added salt",03,0301,030101,173,730,"6,13","31,8","0,99","1,2","0,22","4,5","0,038",56
9900,"Vermicelles de riz sèches, crues","Rice vermicelli, dry, raw",03,0301,030102,365,1550,"7,81","80,5",traces,1,"0,3","1,2","0,03","9,5"
9901,"Vermicelle de riz, cuite, sans sel ajouté","Rice vermicelli, dry, cooked, no added salt",03,0301,030101,"86,6",368,"1,5","20,1","< 0,2","< 0,5","< 0,01","< 0,5","0,024","77,8"
9902,"Vermicelles de soja sèches, crues","Soy vermicelli, dry, raw",03,0301,030102,343,1460,"0,31","84,7",traces,"0,14",0,"1,6","0,039","13,1"
9903,"Vermicelle de soja, cuite, sans sel ajouté","Soy vermicelli, dry, cooked, no added salt",03,0301,030101,60,254,"0,31","14,4",0,"0,1",-,"0,8","0,0063","84,4"
10000,"Bigorneau, cuit","Winkle, cooked",04,0407,000000,109,458,"16,3","3,01",traces,"3,5","0,26",0,"0,48","74,9"
10001,"Calmar ou calamar ou encornet, cru","Squid, raw",04,0408,000000,77,326,"14,4","2,17",traces,"1,19","0,28",0,"0,61","80,9"
10002,"Calmar ou calamar ou encornet, à la romaine (beignet), préemballé","Squid fritter, Roman-style, prepacked",04,0409,000000,229,962,"8,69","26,7","2,5","9,5",1,1,"2,13","51,5"
10003,"Coquille Saint-Jacques, noix et corail, crue","Scallop, with coral, raw",04,0408,000000,83,351,17,"0,78",traces,"1,31","0,19",0,"0,48","79,3"
10004,"Coquille Saint-Jacques, noix et corail, cuite","Scallop, with coral, cooked",04,0407,000000,110,463,"20,2","3,22",traces,"1,77","0,32",0,"0,46",73
10005,"Crabe, miettes et ou pattes décortiquées, appertisé, égoutté","Flaked crab and/or decorticated crab leg, canned, drained",04,0409,000000,"97,8",414,"18,1","4,16",0,"0,96","0,19",0,"1,64","74,7"
10006,"Crevette grise, cuite","Grey shrimp, boiled",04,0407,000000,"89,4",379,"19,4","0,47",0,"1,1","0,31",0,"1,47","74,7"
10007,"Crevette, cuite","Shrimp or prawn, boiled",04,0407,000000,"91,3",387,"20,5","0,2",0,"0,79","0,25",0,"1,61","74,9"
10008,"Escargot, cru","Snail, raw",04,0408,000000,"77,9",330,"16,1","1,29",traces,"0,92","0,19",0,"0,35","79,1"
10009,"Homard, bouilli/cuit à l'eau","Lobster, boiled/cooked in water",04,0407,000000,"90,9",385,"19,6","0,11",traces,"1,32","0,21",0,"0,9","76,5"
10010,"Homard, cru","Lobster, raw",04,0408,000000,"85,5",362,"17,9","0,94",0,"1,15","0,2",0,"0,9","77,9"
10011,"Huître, sans précision, crue","Oyster, raw",04,0408,000000,"67,2",283,"8,64","3,86",traces,"1,91","0,34",0,"1,45","83,3"
10012,"Langoustine, panée, frite","Norway lobster or scampi, breaded, fried",04,0409,000000,282,1180,"10,9",29,traces,"13,6","1,5",traces,"1,65","44,6"
10013,"Moule, bouillie/cuite à l'eau","Mussel, boiled/cooked in water",04,0407,000000,108,457,"17,2","5,12",traces,"2,09","0,37",0,"0,8","74,1"
10014,"Moule commune, crue","Mussel, common, raw",04,0408,000000,"71,8",303,"11,2","2,69",traces,"1,82","0,44",0,"0,85","82,7"
10015,"Langouste, crue","Spiny lobster, raw",04,0408,000000,"86,9",368,"17,7","1,07",0,"1,34","0,25",0,"0,45","78,6"
10016,"Seiche, crue","Cuttlefish, raw",04,0408,000000,"76,3",323,"16,2","0,51",traces,"1,05","0,37",0,"0,93","80,6"
10017,"Clam, praire ou palourde, cru","Clam, raw",04,0408,000000,"80,5",339,"11,5","2,66",traces,"2,65","0,21",0,"0,82","81,1"
10018,"Poulpe, cru","Octopus, common, raw",04,0408,000000,"60,1",255,"12,9","0,97",traces,"0,5","0,16",0,"0,68","85,4"
10019,"Bulot ou buccin, cru","Whelk, raw",04,0408,000000,131,555,"23,8","7,61",0,"0,57","0,16",0,"0,52",66
10020,"Bulot ou buccin, cuit","Whelk, cooked",04,0407,000000,"97,7",415,"20,7","2,69",traces,"0,47","0,072",0,"0,97","74,1"
10021,"Crevette, crue","Shrimp or prawn, raw",04,0408,000000,99,420,"19,7","3,21",0,"0,84","0,22",0,"0,45","74,3"
10022,"Langouste, bouillie/cuite à l'eau","Spiny lobster, boiled/cooked in water",04,0407,000000,106,449,"21,8","1,3",0,"1,52","0,26",0,"0,46",-
10023,Beignet de crevette,Shrimp fritters,04,0409,000000,260,1090,"6,5","35,5",11,10,"0,5",1,"1,9","44,6"
10024,"Langoustine, crue","Norway lobster, raw",04,0408,000000,"89,8",381,"19,1","1,53",0,"0,79","0,27",0,"0,72","76,5"
10025,"Crabe ou tourteau, bouilli/cuit à l'eau","Crab, boiled/cooked in water",04,0407,000000,124,520,"19,5","1,79",traces,"4,29","0,55",0,"1,23","72,3"
10026,"Moule de Méditerranée, crue","Mediterranean mussel, raw",04,0408,000000,"68,7",290,"10,7","2,77",0,"1,67",-,0,-,"83,7"
10027,"Clam, praire ou palourde, bouilli/cuit à l'eau","Clam, boiled/cooked in water",04,0407,000000,"99,2",420,"16,2","5,33",0,"1,48","0,14",0,"1,56","74,1"
10028,"Moules, au naturel, appertisées, égouttées","Mussel, canned in brine, drained",04,0409,000000,"97,6",411,"16,1","2,6","0,52","2,1","0,7","1,95","1,71","75,1"
10030,"Écrevisse, crue","Crayfish, raw",04,0408,000000,"68,3",290,"14,8","0,81",traces,"0,64","0,11",0,"0,39","82,6"
10031,"Écrevisse, cuite","Crayfish, cooked",04,0407,000000,"73,5",312,"16,3","0,56","< 0,25","0,7","0,17",0,"0,21","81,6"
10033,"Crevette bouquet, sauvage, cuite","Prawn, ""bouquet"", wild, boiled",04,0407,000000,103,434,"22,8",0,0,"1,27","0,22",0,"0,47","74,6"
10034,"Coque, cuite","Cockle, cooked",04,0407,000000,"86,9",368,"13,6","5,64",0,"1,1","0,29",0,"0,96","77,6"
10035,"Huître creuse, crue","Pacific oyster, raw",04,0408,000000,"67,2",283,"8,64","3,86",0,"1,91","0,34",0,"1,41","83,3"
10036,"Huître plate, crue","European oyster, raw",04,0408,000000,"53,5",226,"10,2","1,16",0,"0,9","0,17",0,"1,28","85,7"
10037,"Calmar ou calamar ou encornet, bouilli/cuit à l'eau","Squid, boiled/cooked in water",04,0407,000000,149,632,"32,5","1,64",0,"1,4","0,24",0,"1,86","61,1"
10038,"Crevette, surgelée, crue","Shrimp or prawn, frozen, raw",04,0408,000000,105,443,"23,4","0,74",traces,"0,9","0,17","< 0,5","0,6",-
10039,"Crabe, cru","Crab, raw",04,0408,000000,104,438,"19,5","0,027",0,"2,86","0,46",0,"0,69","75,7"
10041,"Ormeau, cru","Abalone or ormer or sea ear, raw",04,0408,000000,"99,6",422,"14,4","8,69",0,"0,83","0,15",0,"0,47","74,6"
10042,"Escargot en sauce au beurre persillé, préemballé, cuit","Snail in parsley butter, prepacked, cooked",04,0409,000000,275,1140,"12,9","1,75",0,"23,7","14,8","1,25","1,66","57,2"
10043,Fruits de mer (aliment moyen),Crustacean or mollusc (average),04,0407,000000,103,436,"19,5","2,47","0,0038","1,66","0,32","0,003","1,29","73,2"
10044,"Langoustine, bouillie/cuite à l'eau","Norway lobster, boiled/cooked in water",04,0407,000000,"92,6",392,"20,9",0,0,"0,98","0,14",0,"0,67","76,3"
10045,"Coquille Saint-Jacques, noix, crue","Scallop, without coral, raw",04,0408,000000,"83,6",354,"17,9","1,15",traces,"0,84","0,094",0,"0,34","78,7"
10048,"Pecten d'Amérique ou peigne du Canada, noix, crue","American or Canadian sea scallop, without coral, raw",04,0408,000000,"81,3",345,"17,3","1,78",0,"0,54",-,0,-,"78,7"
10049,"Pétoncle ou peigne du Pérou, noix, crue","Peru sea scallop, without coral, raw",04,0408,000000,"88,7",376,"17,5","3,1",0,"0,7","0,3",0,"0,38",-
10057,"Araignée de mer, bouillie/cuite à l'eau","Spinous spider crab, boiled/cooked in water",04,0407,000000,108,454,"18,3","0,16",0,"3,8","1,14",0,"0,96","75,3"
10061,"Crevette blanche ou crevette tropicale (rose), élevage, cuite","White shrimp or tropical shrimp (rose), boiled",04,0407,000000,"97,5",413,"22,1","0,14",0,"0,93","0,33",0,"1,79","73,9"
10062,"Crevette tropicale (tigrée), élevage, cuite","Tropical tiger prawn, boiled",04,0407,000000,101,427,"22,6","0,75",0,"0,83","0,27",0,"1,63","73,5"
10064,"Crevette tropicale (rose), cuite (Penaeus brasiliensis)","Pinkspotted shrimp, boiled",04,0407,000000,117,496,"26,6",0,0,"1,18","0,25",0,"0,34","71,2"
10074,"Bigorneau, cru","Winkle, raw",04,0408,000000,-,-,-,0,0,"1,84","0,59",0,-,-
10079,"Poulpe, cuit","Octopus, common, cooked",04,0407,000000,156,659,"29,8","4,4",0,"2,08","0,45",0,"1,15","60,5"
10080,"Fruits de mer, mélange ou cocktail, surgelés, cuits","Seafood, cooked, frozen",04,0407,000000,"79,5",336,"13,5","2,83",0,"1,57","0,45",0,"0,99",-
10081,"Moules à la sauce catalane ou escabèche (tomate), appertisée, égouttée","Mussels, in Catalan-style sauce or marinade (tomatoes), canned, drained",04,0409,000000,"75,4",318,"9,6","4,9",3,"1,65","0,58","1,25","1,09",-
10082,"Moules marinières (oignons et vin blanc), préemballées","Mussels, in a oignon and white wine broth, prepacked",01,0103,010304,"91,9",388,"10,3","7,43","1,05","2,24","0,99","0,53","0,69","76,5"
10083,"Moules farcies (matière grasse, persillade…), préemballées, crues","Mussels, filled (fat, parsley and garlic…), prepacked, raw",01,0103,010304,283,1170,"9,56","4,2","0,3","24,8","16,6","1,5","1,08","57,5"
10084,"Calmar ou calamar ou encornet, frit ou poêlé avec matière grasse","Squid, fried or pan-fried, with fat",04,0407,000000,173,725,"17,9","8,45",0,"7,48","1,88",0,"0,77","64,5"
10086,"Crevettes, décortiquées, cuites, réfrigérées, préemballées","Shrimp or prawn, peeled, boiled, refrigerated, prepacked",04,0407,000000,"92,5",392,"18,3","2,6","0,055","1,02","0,18","0,1","1,8",75
10088,"Ecrevisses, décortiquées, cuites, réfrigérées, préemballées","Crayfish, peeled, cooked, refrigerated, prepacked",04,0407,000000,"82,7",351,"18,6","0,1","0,06","0,9","0,32","0,13","1,2",-
10089,"Crevettes grises, décortiquées, cuites, réfrigérées, préemballées","Grey shrimp, peeled, boiled, refrigerated, prepacked",04,0407,000000,"91,7",388,"20,7","0,083","0,083",1,"0,2",0,"2,05",-
10099,"Escargot, cuit","Snail, without added fat, cooked",04,0407,000000,"84,7",358,"16,6","1,39","< 0,3","1,4","0,31",0,"0,27","78,8"
10100,"Crevette sauvage, cuite","Shrimp or prawn, wild, boiled",04,0407,000000,"97,3",412,22,"0,04",0,"1,01","0,35",0,"1,93",-
10101,"Crevette, élevage, cuite (aliment moyen)","Shrimp or prawn, farmed, boiled (average)",04,0407,000000,100,424,"22,5","0,64",0,"0,85","0,28",0,"1,66","73,6"
10999,"Cerfeuil, séché","Chervil, dried",10,1006,100602,302,1270,"23,2","37,8",-,"3,9","0,17","11,3","0,21","7,2"
11000,"Ail, cru","Garlic, raw",10,1006,100601,109,462,"5,31","18,6","1,2","< 0,5","< 0,01","5,8","0,023","67,8"
11001,"Bouillon de boeuf, déshydraté","Broth or stock, beef, dehydrated",10,1003,000000,232,970,"10,2",18,2,"13,3","7,03",0,33,"2,6"
11002,"Cerfeuil, frais","Chervil, raw",10,1006,100601,"48,3",203,"3,31","6,25","0,6","0,55","0,25","2,55","0,025","86,8"
11003,"Ciboule ou ciboulette, fraîche","Chive or spring onion, fresh",10,1006,100601,"30,8",129,"2,55","2,85","2,09","0,46","0,089","2,55","0,024","90,2"
11004,"Cornichon, au vinaigre","Gherkin, pickled in vinegar",10,1002,000000,16,"67,8","1,06","0,78","0,6","< 0,6","< 0,01","1,5","1,72","93,7"
11005,"Curry, poudre","Curry, powder",10,1005,000000,301,1230,"14,5","2,63","2,63",14,"1,65","53,2","0,13","8,8"
11006,"Gingembre, poudre","Ginger, powder",10,1005,000000,335,1410,"8,98","58,3","3,39","4,24","2,6","14,1","0,068","9,94"
11007,"Gélatine, sèche","Gelatin, dried",10,1003,000000,348,1480,"86,9",0,traces,"0,1","0,036",0,"0,75","11,3"
11008,"Ketchup, préemballé","Ketchup, prepacked",10,1001,100101,108,460,"1,23","23,7","21,1","0,16","0,035","1,77","2,35","68,3"
11009,Levure de bière en paillettes,"Yeast, flakes",10,1003,000000,334,1400,"40,4","21,8","2,5","4,5","0,7","22,5","0,35",5
11010,Levure de boulanger fraîche,"Baker's yeast, fresh",10,1003,000000,115,481,"8,47","11,9",0,"1,9","0,24","8,1","0,075",69
11013,Moutarde,Mustard,10,1002,000000,151,628,"6,92","4,33","1,73","11,2","1,1",< 1,"6,3","67,9"
11014,"Persil, frais","Parsley, fresh",10,1006,100601,"42,5",178,"2,97","4,1","0,85","0,63","0,1","4,3","0,59","85,5"
11015,"Poivre noir, poudre","Black pepper, powder",10,1005,000000,331,1380,"13,3","39,9","0,64","7,5","2,9","25,3","0,036",9
11016,"Raifort, frais","Horseradish, raw",10,1006,100601,"73,2",307,"5,25","7,79",-,"0,45","0,088","7,5","0,033","76,5"
11017,"Sel blanc alimentaire, non iodé, non fluoré (marin, ignigène ou gemme)","Salt, white (sea, igneous or rock), no fortification",10,1004,000000,0,0,0,0,0,0,0,0,"97,8","0,027"
11018,Vinaigre,Vinegar,10,1002,000000,"22,5","97,1","0,04","0,95","0,04","0,1",0,0,"0,013","92,9"
11019,"Poivre blanc, poudre","White pepper, powder",10,1005,000000,313,1320,"12,1","48,3",-,"2,12","0,63","26,2","0,013","11,4"
11021,Moutarde à l'ancienne,"Mustard, with grains",10,1002,000000,142,591,"6,6","2,2","2,2","9,9","0,61","4,5","4,9","67,8"
11023,"Ail séché, poudre","Garlic, dried, powder",10,1006,100602,346,1460,"16,6","63,7","2,43","0,73","0,25",9,"0,15","6,45"
11024,"Persil, séché","Parsley, dried",10,1006,100602,291,1210,29,"16,8","7,27","5,34","1,38","29,7","1,05","3,95"
11025,"Cannelle, poudre","Cinnamon, powder",10,1005,000000,243,1010,"3,99","27,5","2,17","1,24","0,35","53,1","0,025","10,6"
11026,"Coriandre, graine","Coriander, seed",10,1005,000000,345,1420,"12,4",13,-,"17,8","0,99","41,9","0,088","8,86"
11027,"Menthe, fraîche","Mint, fresh",10,1006,100601,"57,6",240,"3,52","5,3","5,3","0,84","0,22","7,4","0,076","82,1"
11029,"Menthe, séchée","Mint, dried",10,1006,100602,283,1180,"19,9","22,2",-,"6,03","1,58","29,8","0,86","11,3"
11032,"Basilic, séché","Basil, dried",10,1006,100602,244,1010,23,"10,1","1,71","4,07","2,16","37,7","0,19","10,4"
11033,"Basilic, frais","Basil, fresh",10,1006,100601,"35,2",148,"3,15","3,4","0,3","0,64","0,041","1,6","0,01","92,1"
11034,"Marjolaine, séchée","Marjoram, dried",10,1006,100602,276,1140,"12,7","20,3","4,09","7,04","0,53","40,3","0,19","7,64"
11035,"Origan, séché","Oregano, dried",10,1006,100602,265,1100,9,"26,4","4,09","4,28","1,55","42,5","0,063","9,93"
11036,"Romarin, séché","Rosemary, dried",10,1006,100602,328,1350,"4,88","21,5",-,"15,2","7,37","42,6","0,13","9,31"
11037,"Sauge, séchée","Sage, dried",10,1006,100602,320,1320,"10,6","20,4","1,71","12,8","7,03","40,3","0,028","7,96"
11038,"Thym, séché","Thyme, dried",10,1006,100602,285,1180,"9,11","26,9","1,71","7,43","2,73",37,"0,14","7,79"
11039,Safran,Saffron,10,1005,000000,352,1490,"11,4","61,5","42,4","5,85","1,59","3,9","0,37","11,9"
11040,"Câpres, au vinaigre","Capers, pickled in vinegar",10,1002,000000,-,-,"2,18","3,5","0,41","0,86","0,23","3,6","4,06","83,9"
11041,"Bouillon de légumes, déshydraté","Broth or stock, vegetables, dehydrated",10,1003,000000,287,1200,"9,66",26,-,16,"7,79","< 0,5","47,7","1,65"
11042,"Cumin, graine","Cumin, seed",10,1005,000000,427,1780,"17,8","33,7","2,25","22,3","1,54","10,5","0,42","8,06"
11043,"Tapenade, préemballée","Tapenade (puree of capers, black olives, anchovy and herbs)",10,1003,000000,229,941,"1,93","3,29","0,51","21,9","5,44","5,26","2,98","62,3"
11044,Sel au céleri,"Salt, with celery",10,1004,000000,49,204,"1,81","4,14",0,"2,53",-,"1,19","87,5",-
11045,Levure de boulanger déshydratée,"Baker's yeast, dehydrated",10,1003,000000,341,1430,"42,7","14,3",0,"6,56",1,"26,9","0,13","5,08"
11046,Levure chimique ou poudre à lever,Baking powder or raising agent,10,1003,000000,108,461,"0,1","26,9",0,0,0,"0,2",-,"4,5"
11048,Noix de muscade,Nutmeg,10,1005,000000,506,2090,"6,89","27,4","2,99","36,3","25,9","20,8","0,04","6,23"
11049,"Paprika, poudre","Paprika, powder",10,1005,000000,318,1320,"14,1","18,8","10,3","12,9","2,14","34,9","0,17","11,2"
11050,"Estragon, séché","Tarragon, dried",10,1006,100602,342,1440,"22,8","42,8",-,"7,24","1,88","7,4","0,16","7,74"
11051,"Sauce tartare, préemballée","Tartare sauce, prepacked",10,1001,100101,500,2060,"0,92","5,11","3,32","52,7","4,39","0,34","2,06","37,1"
11052,Clou de girofle,Cloves,10,1005,000000,335,1390,"5,97","31,6","2,38",13,"3,95","33,9","0,69","9,87"
11053,"Laurier, feuille","Bay, leaves",10,1005,000000,353,1480,"7,61","48,6","48,6","8,36","2,28","26,3","0,058","5,44"
11054,"Mayonnaise (70% MG min.), préemballée","Mayonnaise (70% fat min.), prepacked",10,1001,100101,692,2850,"1,33","3,41","1,2","74,5","6,76","0,26","1,4","18,1"
11055,Oignon au vinaigre,"Onion, pickled in vinegar",10,1002,000000,-,-,"0,6","2,5","2,5","0,15",0,"1,8","1,19",93
11056,"Quatre épices, poudre","Mix of 4 spices, powder",10,1005,000000,348,1460,"6,09","50,5",-,"8,69","2,55","21,6","0,19","8,46"
11057,"Vanille, gousse","Vanilla, pod",10,1005,000000,-,-,-,-,-,-,-,-,0,-
11058,"Sel blanc alimentaire, iodé, non fluoré (marin, ignigène ou gemme)","Salt, white (sea, igneous or rock), iodine added, no fluride added",10,1004,000000,0,0,0,0,0,0,0,0,"97,8","0,027"
11060,"Herbes de Provence, séchées","Herbes de Provence, dried",10,1006,100602,283,1170,"11,5","23,1",-,"7,2","1,88","40,1","0,088","7,1"
11061,"Pavot, graine","Poppy, seed",10,1005,000000,534,2210,"21,2","13,7","2,99","41,6","4,52",10,"0,065","5,95"
11062,"Sarriette, séchée","Savory, dried",10,1006,100602,264,1090,"6,73",23,-,"5,91","3,26","45,7","0,06",9
11063,"Aneth, séché","Dill, dried",10,1006,100602,315,1330,20,"42,2",-,"4,36","0,23","13,6","0,52","7,3"
11064,"Carvi, graine","Caraway, seed",10,1005,000000,334,1380,"19,8","11,9","0,64","14,6","0,62",38,"0,043","9,87"
11065,"Vanille, extrait alcoolique","Vanilla, alcoholic extract",10,1003,000000,240,996,"0,05","2,41",-,0,-,0,"0,01","64,5"
11066,"Fenouil, graine","Fennel, seed",10,1005,000000,327,1350,"15,8","12,5","12,5","14,9","0,48","39,8","0,22","8,81"
11068,"Romarin, frais","Rosemary, fresh",10,1006,100601,121,498,"3,31","6,6",-,"5,86","2,84","14,1","0,065","67,8"
11069,"Sauge, fraîche","Sage, fresh",10,1006,100601,"34,9",145,4,"0,97","0,3","< 0,5","< 0,01",7,"0,028","85,6"
11070,"Thym, frais","Thyme, fresh",10,1006,100601,107,446,"5,56","10,5",-,"1,68","0,47",14,"0,023","65,1"
11073,"Ketchup allégé en sucres, préemballé","Ketchup, reduced sugar, prepacked",10,1001,100101,"68,6",291,"1,33","13,8","10,8","0,088","0,032","1,43","1,96",-
11074,"Gingembre, racine fraîche","Ginger, raw",10,1005,000000,"33,3",139,"1,1","3,4",1,"1,1","0,09","2,7","0,016","90,9"
11075,"Cardamome, poudre","Cardamom, powder",10,1005,000000,321,1340,"10,8","40,5",-,"6,7",-,28,"0,045","8,28"
11077,"Fenugrec, graine","Fenugreek, seed",10,1005,000000,350,1470,"27,1","33,8","8,7","6,41","1,46","24,6","0,17","7,72"
11079,"Mayonnaise à teneur réduite en matière grasse ou mayonnaise allégée, préemballée","Mayonnaise, reduced fat or light mayonnaise, prepacked",10,1001,100101,297,1230,"1,09","8,82","4,44","28,5","2,47","0,31","2,13","58,4"
11080,Herbes aromatiques fraîches (aliment moyen),"Herbs, fresh (average)",10,1006,100601,"51,2",214,"3,26","4,69","1,89","0,93","0,25","5,53","0,28","83,8"
11081,Epice (aliment moyen),Spice (average),10,1005,000000,327,1370,"12,6","37,8","2,09","7,85","2,56","27,7","0,059","9,23"
11082,"Fleur de sel, non iodée, non fluorée","Salt, pure sea salt, no fortification",10,1004,000000,0,0,0,0,0,0,0,0,"94,3","3,75"
11083,"Sel marin gris, non iodé, non fluoré","Salt, sea salt, grey, no fortification",10,1004,000000,0,0,0,0,0,0,0,0,"80,5","5,09"
11084,"Agar (algue), frais, cru","Seaweed, agar, raw",10,1007,000000,"28,4",121,"0,54","6,25","0,28","0,03","0,006","0,5","0,023","91,3"
11085,"Agar (algue), séché","Seaweed, agar, dried",10,1007,000000,-,-,"6,21",-,"2,97","0,3","0,061",-,"0,26","8,68"
11086,"Spiruline (Spirulina sp.), séchée ou déshydratée","Spirulina (spirulina sp.), dried or dehydrated",10,1007,000000,374,1580,"60,4","17,7","1,23","6,27","3,28","2,71","1,89","5,39"
11088,"Poivre de Cayenne ou piment de Cayenne, poudre","Cayenne pepper, powder",10,1005,000000,376,1560,12,"29,4","10,3","17,3","3,26","27,2","0,075","8,05"
11089,"Curcuma, poudre","Turmeric, powder",10,1005,000000,291,1220,"9,68","44,4","3,21","3,25","1,84","22,7","0,068","12,9"
11090,Vinaigre de cidre,"Vinegar, cider",10,1002,000000,-,-,0,"0,93","0,4",0,0,0,"0,013","93,8"
11091,Vinaigre balsamique,"Vinegar, balsamic",10,1002,000000,"91,7",391,"0,69",18,18,"< 0,6",0,"0,75","0,068",77
11092,"Estragon, frais","Tarragon, fresh",10,1006,100601,-,-,"3,8","4,1","1,2",-,"0,6","6,2","0,025",-
11093,"Aneth, frais","Dill, fresh",10,1006,100601,"48,2",202,"3,93","3,9","1,2","1,1","0,34","3,5","0,15",86
11094,"Coriandre, fraiche","Coriander, fresh",10,1006,100601,"22,3","92,6","2,13","0,87","0,87","0,52","0,014","2,8","0,12","92,2"
11095,"Ciboulette, séchée","Chive, dried",10,1006,100602,-,-,-,"38,1",-,"3,5","0,59","26,2","0,18",2
11096,"Sel blanc alimentaire, iodé, fluoré à 25 mg /100 g (marin, ignigène ou gemme)","Salt, white (sea, igneous or rock), iodine added, fluoride added 25 mg/100 g",10,1004,000000,0,0,0,0,0,0,0,0,"97,8","0,027"
11097,"Cornichon, aigre-doux","Gherkin, in sweet and sour sauce",10,1002,000000,36,152,"1,25",5,4,"0,35",0,"1,5","0,94","91,5"
11098,"Vanille, extrait aqueux","Vanilla, aqueous extract",10,1003,000000,"57,7",245,"0,03","14,4","14,4",0,0,0,"0,0075","85,6"
11100,"Sauce barbecue, préemballée","Barbecue sauce, prepacked",10,1001,100101,136,578,"0,56","30,3","27,5","0,6","0,1","1,2","1,77","63,4"
11101,"Sauce béchamel, préemballée","Béchamel sauce, prepacked",10,1001,100102,105,435,"2,56","6,2","3,1","7,4","4,61","1,3","0,69","81,3"
11102,"Sauce béarnaise, préemballée","Béarnaise sauce, prepacked",10,1001,100102,455,1870,"0,88","4,87","2,3","47,7","3,55","0,13","1,95","43,6"
11104,"Sauce soja, préemballée","Soy sauce, prepacked",10,1001,100101,"39,9",170,"7,25","1,72",traces,"< 0,5","< 0,006","0,9","13,1","75,4"
11105,"Sauce hollandaise, préemballée","Hollandaise sauce, prepacked",10,1001,100102,197,814,"1,19","3,2","0,7","19,8","7,23","0,5","1,19","72,5"
11107,"Sauce tomate aux oignons, préemballée","Tomato sauce, with onions, prepacked",10,1001,100102,"78,8",328,"1,52","7,69","5,44","4,18","0,49","2,17","1,17","84,7"
11108,"Sauce vinaigrette à l'huile d'olive (50 à 75% d'huile), préemballée","Salad dressing, olive oil (50-75% fat), prepacked",10,1001,100101,471,1940,"0,7","3,03","2,73","50,5","5,15","0,53","2,47","35,1"
11109,"Sauce vinaigrette allégée en matière grasse (25 à 50% d'huile), préemballée","Salad dressing, reduced fat (25-50% of oil), prepacked",10,1001,100101,251,1040,"0,25","2,39","1,73","26,4","2,2","0,5","1,9","67,3"
11110,"Sauce vinaigrette (50 à 75% d'huile), préemballée","Salad dressing, (50-75% of oil), prepacked",10,1001,100101,475,1950,"0,55","2,91","2,11",51,"5,52","0,75","2,2","40,4"
11111,"Sauce armoricaine, préemballée","Armorican-style sauce, prepacked",10,1001,100102,"83,6",347,"2,1","3,95","0,73","6,6","6,3",traces,"1,3","86,2"
11112,"Harissa (sauce au piment), préemballée","Harissa (hot spicy sauce), prepacked",10,1001,100101,"76,4",318,"2,72","7,3","6,89","2,9","0,47","5,1","2,81","77,9"
11114,"Sauce tomate à la viande ou sauce bolognaise, préemballée","Bolognese sauce or tomato sauce with meat, prepacked",10,1001,100102,"93,8",392,"4,22","7,27","4,74","4,81","1,78","2,29","1,18","82,4"
11115,"Sauce au poivre vert, préemballée","Green pepper sauce, prepacked",10,1001,100102,"88,9",369,"1,3","5,3","1,3","6,65","2,95","1,3","1,15",-
11120,"Sauce bourguignonne, préemballée","Burgundy-style sauce, prepacked",10,1001,100101,439,1810,"1,34","7,85","5,79","44,6","3,55","0,53","2,76","45,5"
11121,"Sauce madère, préemballée","Madeira wine sauce, prepacked",10,1001,100102,"37,6",157,"0,6","3,6","1,9","2,2","1,1","0,5","1,1",-
11122,"Sauce à l'échalote à la crème, préemballée","Cream sauce with shallots, prepacked",10,1001,100102,106,443,"1,7","11,9","2,27","5,53","3,03","0,9","1,61",-
11128,"Sauce carbonara, préemballée","Carbonara sauce (cream sauce with lardoons), prepacked",10,1001,100102,160,664,"5,17","4,7",1,"12,8","8,25","2,65","1,49",-
11129,"Sauce chasseur, préemballée","Hunter-style sauce (white wine sauce with mushrooms, shallots and tomatoes), prepacked",10,1001,100102,"38,8",163,"1,21","4,66",-,"1,61",-,"0,43","1,03",91
11132,"Sauce au curry, chaude, préemballée","Curry sauce, warm, prepacked",10,1001,100102,"77,4",324,"1,02","10,6","5,83","3,16","2,11","1,28","1,12","81,1"
11140,"Sauce au beurre blanc, préemballée","White butter sauce, prepacked",10,1001,100102,212,874,"1,13","3,4","1,35","21,4","11,9","< 0,5","1,16","72,4"
11143,"Sauce béchamel au beurre, faite maison","Béchamel sauce, w butter, homemade",10,1001,100102,147,613,"3,84","8,97","4,38","10,6","2,85","0,2","0,89","74,9"
11157,"Sauce moutarde, préemballée","Mustard sauce, prepacked",10,1001,100101,233,960,"1,66","4,7","0,8","22,8",-,"1,2","2,35","65,4"
11158,"Sauce au beurre, préemballée","Butter sauce, prepacked",10,1001,100102,192,795,"2,2","5,2",1,"17,9","12,1",1,"1,36","75,3"
11159,Sauce à la crème,Cream sauce,10,1001,100102,"78,2",326,"1,08","5,9","0,73","5,55",3,"0,17","1,38","86,2"
11160,"Sauce aux champignons, préemballée","Mushroom sauce, prepacked",10,1001,100102,"98,8",411,"3,2","6,3","2,2","6,26",-,"2,25","0,9","83,8"
11161,Sauce à la crème aux épices,Cream sauce with spices,10,1001,100102,"82,5",343,"1,16","6,2","0,95","5,75","3,12","0,65","1,29","84,7"
11162,Sauce à la crème aux herbes,Cream sauce with herbs,10,1001,100102,"76,6",318,"1,09","5,5","0,74","5,49","2,94","0,4","1,39",86
11163,"Sauce aigre douce, préemballée","Sweet and sour sauce, prepacked",10,1001,100102,153,649,"0,3",37,"15,9","0,2","0,2","0,97","3,4",-
11164,"Sauce au vin rouge, faite maison","Red wine sauce, homemade",10,1001,100102,"64,5",270,"0,81",7,"2,47","2,22","1,32","0,46","1,7","87,6"
11166,"Sauce au yaourt, faite maison","Yogurt sauce, homemade",10,1001,100101,"98,5",410,"3,64","5,04","4,37","6,91","1,46","0,8","1,28","80,1"
11167,"Sauce américaine, préemballée","American-style sauce, prepacked",10,1001,100101,409,1690,"1,34","9,99","6,05","39,8","3,09",1,"2,84","45,7"
11168,"Sauce aïoli, préemballée","Aioli sauce (garlic and olive oil mayonnaise), prepacked",10,1001,100101,480,1980,"1,13","5,44","2,61","50,2","4,8","0,25","1,82",-
11169,"Fond de veau pour sauces et cuisson, déshydraté","Veal stock for sauce and cooking, dehydrated",10,1003,000000,343,1450,"8,5","59,5","22,3","7,4","3,22","2,1","16,7","4,2"
11170,"Sauce basquaise ou sauce aux poivrons, préemballée","Basque-style sauce or tomato sauce with sweet peppers, prepacked",10,1001,100102,"63,1",264,"1,17","7,41","4,46","2,71","0,49","2,09","1,13",-
11171,"Fond de volaille pour sauces et cuisson, déshydraté","Poultry stock for sauce and cooking, dehydrated",10,1003,000000,336,1420,10,63,24,"4,5","1,84","1,5","13,5",-
11172,"Court-bouillon pour poissons, déshydraté","Aromatic stock cube, for fish, dehydrated",10,1003,000000,260,1080,5,7,"4,5",23,16,"2,5","47,5",-
11174,"Bouillon de volaille, déshydraté","Broth or stock, poultry, dehydrated",10,1003,000000,193,810,13,17,4,8,5,"0,5","56,4","8,14"
11175,"Gelée au madère, déshydratée","Madeira wine aspic, dehydrated",10,1003,000000,262,1110,47,18,"0,5","0,2","0,1",0,"27,5","4,7"
11176,Gelée au madère,Madeira wine aspic,10,1003,000000,136,580,"24,4","9,75","0,1","0,01","0,004","0,004","1,48",-
11177,"Sauce tomate aux champignons, préemballée","Tomato sauce, with mushrooms, prepacked",10,1001,100102,"68,3",286,"1,79","7,78","4,58","2,68","0,26","2,35","1,04","86,1"
11178,"Sauce tomate aux olives, préemballée","Tomato sauce, with olives, prepacked",10,1001,100102,110,456,"1,41","7,5","3,68","7,32","0,88","3,34","1,83","80,9"
11179,"Sauce pesto, préemballée","Pesto sauce, prepacked",10,1001,100102,370,1530,"3,94","6,6","3,2","35,4","4,39","2,5","2,64","46,6"
11182,"Sauce au poivre, chaude, préemballée","Pepper sauce, warm, prepacked",10,1001,100102,160,659,1,"4,8","1,76","14,8","1,91","1,13","1,58","75,7"
11184,Sauce (aliment moyen),Sauce (average),10,1001,000000,246,1020,"1,51","6,74","4,64","23,3","2,79","1,18","1,81","64,1"
11187,"Sauce crudités ou sauce salade, préemballée","Salad dressing, prepacked",10,1001,100101,303,1250,"0,61","6,17","4,17","30,5","2,53","0,56","2,33","61,8"
11189,"Sauce au fromage pour risotto ou pâtes, préemballée","Cheese sauce for risotto or pasta, prepacked",10,1001,100102,118,489,"3,11","4,24","0,68","9,53",7,"1,4","1,38","82,9"
11191,"Sauce au roquefort, préemballée","Roquefort sauce, prepacked",10,1001,100102,128,530,"2,85","4,4","1,1","10,9","7,18","0,6","1,25","80,9"
11192,"Sauce aux champignons et à la crème, préemballée","Cream sauce with mushrooms, prepacked",10,1001,100102,"75,5",315,"1,38","6,2","1,52",5,"2,51","< 0,5","0,96","86,1"
11194,"Sauce nuoc mâm ou sauce au poisson, préemballée","Nuoc mam sauce or fish sauce, prepacked",10,1001,100101,"81,2",345,"9,3","10,9","8,34",0,0,"0,2","22,2",-
11196,"Sauce burger, préemballée","Burger sauce, prepacked",10,1001,100101,427,1770,"1,28","13,2","10,3","40,4","3,31","0,58","2,04",-
11198,"Sauce crudités ou sauce salade, allégée en matière grasse, préemballée","Salad dressing, reduced fat, prepacked",10,1001,100101,160,662,"0,8","6,7","4,55","14,3","1,25","0,62","2,2","71,4"
11199,"Sauce grand veneur, préemballée","Grand veneur sauce (reduction of red wine with garlic, shallots and red currant jelly), prepacked",10,1001,100102,103,428,"1,5","8,45","6,6",7,"4,85",traces,"1,14",-
11202,"Sauce indienne type tandoori ou tikka masala, préemballée","Indian-style sauce, tandoori or garam masala type, prepacked",10,1001,100102,"86,7",365,"2,6","14,3","12,3","1,7","0,35","1,9","2,4",-
11203,"Sauce kebab, préemballée","Kebab sauce, prepacked",10,1001,100101,433,1790,"1,22","6,93","4,35","44,1","3,35","0,3","1,65",-
11205,"Sauce rouille, préemballée","Rouille sauce (mayonnaise with garlic, chilli pepper and fish broth), prepacked",10,1001,100101,551,2270,"0,6","2,7","0,8","59,8","4,3","< 0,5","1,6",-
11207,"Sauce tomate aux petits légumes, préemballée","Tomato sauce, with vegetables, prepacked",10,1001,100102,"66,8",279,"1,54","7,57","5,22","2,9","0,35","2,12","0,99",-
11208,"Sauce tomate au fromage, préemballée","Tomato sauce, with cheese, prepacked",10,1001,100102,180,748,"3,94","8,09","4,6","14,2","3,83","2,41","1,31",-
11210,"Sauce pesto rosso, préemballée","Pesto rosso sauce, prepacked",10,1001,100102,305,1260,"4,8","8,58","2,75",27,"3,95","4,15","1,99",-
11212,"Sauce au poivre, froide, préemballée","Pepper sauce, condiment, cold, prepacked",10,1001,100101,472,1950,"0,69","5,8","5,19","49,3","3,78","< 0,5","2,31","40,8"
11213,Sauce froide (aliment moyen),"Sauce, cold (average)",10,1001,100101,318,1320,"0,83","6,23","4,89","31,9","2,88","0,79","2,12","56,9"
11214,"Préparation culinaire à base de soja, type ""crème de soja""","Soy ""cream""",10,1009,000000,152,628,"3,25","2,03","1,6","14,7","1,65",-,"0,063","78,5"
11215,Caviar de tomates,Tomato caviar (seasoned tomato puree),10,1010,000000,218,901,"2,19","6,8","6,5","19,2","1,88","3,5","2,09","64,3"
11216,"Sauce soja sucrée, préemballée","Soy sauce, with sugar(s), prepacked",10,1001,100101,171,728,"2,88","39,5","39,5","< 0,5","< 0,01",traces,"6,9","42,1"
11217,"Sauce pour nems à base de nuoc-mam dilué, préemballée","Sauce for fried spring rolls, nuoc mam based, prepacked",10,1001,100101,132,561,"1,38","31,2","30,9","< 0,5","< 0,01",0,"4,29",-
11218,Sauce chaude (aliment moyen),"Sauce, warm (average)",10,1001,100102,123,512,"2,67","7,65","4,21","8,67","2,65","1,88","1,28","82,4"
11219,"Sauce végétale type bolognaise, aux protéines de soja, préemballée","Bolognese-type vegetarian sauce, with soya proteins, prepacked",10,1001,100101,68,284,"3,56","5,05","5,05",3,"0,48","2,46","0,77","83,7"
11220,Vinaigre de vin rouge,"Vinegar, red wine",10,1002,000000,"20,6",89,"0,25",traces,traces,0,-,0,"0,013","91,5"
11221,"Extrait de levure, à tartiner",Yeast extract spread,10,1003,000000,187,795,"42,4","3,5","1,6","0,4",-,traces,"10,8","26,7"
11222,"Ktipiti, tartinade de fromage frais aux poivrons rouges, préemballé","Ktipiti, fresh cheese and red pepper dip, prepacked",10,1010,000000,154,640,"7,24","3,9","3,1","11,9","0,94","1,35","0,89",-
11223,"Sauce d'huître, préemballée","Oyster sauce, prepacked",10,1001,100101,"50,7",215,"1,35","10,6",0,"0,25","0,043","0,3","6,83",80
11240,"Sauce algérienne, préemballée","Algerian style sauce, prepacked",10,1001,100101,486,2010,"1,76",14,"10,6","46,8","3,77","0,9","1,73",-
11243,"Sauce andalouse, préemballée","Andalusian style sauce, prepacked",10,1001,100101,548,2260,"1,61","8,03","5,77","56,5","5,4","0,7","1,36",-
11244,"Sauce cocktail, préemballée","Cocktail style sauce, prepacked",10,1001,100101,572,2360,"1,33","9,2","7,85","58,7",5,"0,78","1,65",-
11245,"Sauce pommes frites, préemballée","Pommes frites sauce, prepacked",10,1001,100101,330,1360,"0,82","10,3","6,59","31,6","2,55","0,2","2,08",-
11246,"Sauce samouraï, préemballée","Samourai style sauce, prepacked",10,1001,100101,523,2150,"1,11","5,09","3,04","55,2","4,43","0,65","2,05",-
11247,"Sauce au curry, froide, préemballée","Curry sauce, cold, prepacked",10,1001,100101,367,1510,"0,88","8,49","5,01","36,5","3,2","0,58","2,06",-
11248,"Sauce Caesar, préemballée","Salad dressing, Caesar style, prepacked",10,1001,100101,448,1850,"1,8","7,04","5,09","45,7","4,77",1,"2,18",-
11299,"Crème de pruneaux, préemballée","Prune sauce, prepacked",07,0704,000000,240,1020,"1,4",55,53,"0,45",0,5,"0,01",-
11300,"Sauce au chocolat, préemballée","Chocolate sauce, prepacked",10,1001,100103,308,1300,"2,16","62,3","48,9","5,1","2,37","1,8","0,048","27,6"
11301,"Sauce teriyaki, préemballée","Teriyaki sauce, prepacked",10,1001,100101,"88,1",374,"5,93",16,"14,1","0,02",0,"0,1","9,58","67,7"
11302,"Sauce à l'oseille, préemballée","Sorrel sauce, prepacked",10,1001,100102,153,632,"1,3","1,7","1,7",15,10,"3,2","0,63",-
11303,"Fumet de poisson, prêt à consommer, préemballé","Fish stock, ready to eat, prepacked",10,1003,000000,"53,6",225,"5,1","3,8","1,8",2,"1,2",-,"2,36",-
11304,"Fond de veau, préemballé","Veal stock, prepacked",10,1003,000000,"40,9",171,"3,15","2,4","0,7","2,05",1,"0,1","1,1",-
11306,"Ail, rôti/cuit au four","Garlic, roasted/baked",10,1006,100601,125,530,"5,56","23,8","1,4","< 0,5","< 0,01","2,7","< 0,013","65,4"
11307,"Ail, grillé/poêlé, sans matière grasse","Garlic, grilled/pan-fried, without fat",10,1006,100601,130,550,6,22,1,"0,4","0,2","5,8","< 0,013","63,5"
11506,"Édulcorant à l'aspartame, en pastilles","Aspartame sweetener, in tablets",07,0701,000000,44,187,11,-,0,0,0,-,"1,5",-
11507,Bicarbonate de soude,Sodium bicarbonate,10,1003,000000,"0,4","1,7","0,1",0,0,0,0,0,-,"0,2"
11509,"Édulcorant à l'aspartame, en poudre","Aspartame, in powder",07,0701,000000,"18,6","79,1",1,"3,7","3,7",0,0,0,"0,05",-
11510,Vermicelles multicolores,Rainbow sprinkles,07,0701,000000,389,1650,"1,16","95,6","93,6","0,15","0,01","0,5","0,025",-
12001,"Camembert, sans précision sur le type de lait (pasteurisé ou cru)","Camembert cheese, from cow's milk",05,0503,050301,280,1160,"19,1",traces,traces,"22,5","15,8",0,"1,45","54,8"
12003,"Fromage à pâte molle et croûte fleurie, non allégé en matière grasse (type camembert)","Soft-ripened cheese with bloomy rind (Camembert-type cheese), from cow's milk",05,0503,050301,271,1120,"19,3",traces,0,"21,5","14,8",0,"1,58",-
12004,"Fromage à pâte molle et croûte fleurie, allégé en matière grasse (type camembert)","Soft-ripened cheese with bloomy rind, reduced fat (Camembert-type cheese), from cow's milk",05,0503,050301,178,743,"22,2","1,07",traces,"9,3","6,8",0,"1,44","63,7"
12006,Camembert au lait cru ou thermisé,"Camembert cheese, from cow's milk, from raw milk or thermised milk",05,0503,050301,267,1110,"20,3",traces,"< 0,2","20,3","14,1",0,"1,45","55,9"
12007,Camembert au lait pasteurisé,"Camembert cheese, from cow's milk, from pasteurized milk",05,0503,050301,275,1140,"18,8","1,29",traces,"21,5","12,6",0,"1,43","55,1"
12008,"Fromage à pâte molle et croûte fleurie, double crème environ 30% MG","Soft-ripened cheese, double cream, around 30% fat, with bloomy rind, from cow's milk",05,0503,050301,346,1430,"16,3","0,64","0,38","30,9","21,2","0,041","1,37","51,2"
12010,Coulommiers,"Coulommiers cheese, from cow's milk",05,0503,050301,280,1160,"18,4",traces,0,23,"16,1","0,043","1,45","51,8"
12015,"Fromage à pâte molle type carré ou brique, à croûte fleurie, non allégé en matière grasse","Soft-ripened cheese with bloomy rind, square or brick , from cow's milk",05,0503,050301,330,1360,"17,4",traces,0,"28,8","18,7","0,05","1,31","49,9"
12020,"Brie, sans précision","Brie cheese, from cow's milk",05,0503,050301,345,1430,"17,3","0,68","0,15","30,4","21,5","0,056","1,43","51,4"
12021,Brie de Meaux,"Brie de Meaux cheese, from cow's milk",05,0503,050301,276,1150,21,"1,17","< 0,2","20,7","14,5","0,13","2,02","53,4"
12022,Brie de Melun,"Brie de Melun cheese, from cow's milk",05,0503,050301,288,1200,"21,6",traces,"< 0,2","22,2","15,2",0,"1,89","52,1"
12025,Carré de l'Est,"Carré de l'Est cheese, from cow's milk",05,0503,050301,318,1320,18,"0,83","0,33",27,"18,9",0,"1,6",-
12028,Chaource,"Chaource cheese, from cow's milk",05,0503,050301,278,1150,17,"0,58","< 0,2","22,9","15,8",0,"1,9",56
12029,"Maroilles, laitier","Maroilles ""laitier"" (milk collected in many farms) cheese, from cow's milk",05,0503,050301,338,1400,"21,8",traces,traces,"27,8","17,5",0,"1,87","45,9"
12030,"Maroilles, fermier","Maroilles ""fermier"" (milk collected in an unique farm) cheese, from cow's milk",05,0503,050301,349,1450,"20,8",0,traces,"29,5","17,3",0,"2,07","45,6"
12031,Neufchâtel,"Neufchâtel cheese, from cow's milk",05,0503,050301,300,1240,"17,8",traces,0,"25,5","18,1",0,"1,71","54,8"
12033,"Fromage à pâte molle, triple crème, environ 38% MG","Soft-ripened cheese, triple cream, around 3840% fat, from cow's milk",05,0503,050301,380,1570,"10,3","1,05","0,85","37,2","25,8",0,"1,04",48
12034,Fromage à pâte molle et croûte lavée (aliment moyen),"Soft-ripened cheese, washed rind (average)",05,0503,050301,313,1300,"19,6","0,42","0,37","25,9","17,8","0,087","1,77","50,3"
12035,"Fromage à pâte molle et croûte lavée, allégé en matière grasse","Soft-ripened washed-rind cheese, reduced fat, from cow's milk",05,0503,050301,200,834,"21,2",1,-,"12,4","8,08",0,"1,63","61,5"
12036,"Maroilles, sans précision","Maroilles cheese, from cow's milk",05,0503,050301,325,1350,"21,5",traces,"< 0,2","26,4","18,1",0,"2,09","48,3"
12037,Livarot,"Livarot cheese, from cow's milk",05,0503,050301,301,1250,"24,1",traces,"< 0,2","22,6","15,3","< 0,5","1,5","48,9"
12038,Époisses,"Époisses cheese, from cow's milk",05,0503,050301,286,1180,"17,3",traces,0,24,17,"< 0,5","1,77","55,6"
12039,Munster,"Munster cheese, from cow's milk",05,0503,050301,324,1350,20,"0,7","0,56","26,8","18,9","0,19",2,"49,2"
12040,Langres,"Langres cheese, from cow's milk",05,0503,050301,286,1180,"16,4","1,13","< 0,2","23,8","16,9",traces,"0,99","56,2"
12041,"Fromage à pâte molle et croûte lavée, non allégé en matière grasse","Soft-ripened washed-rind cheese, from cow's milk",05,0503,050301,311,1290,"19,9",traces,traces,"25,7","17,4",0,"1,57","51,8"
12042,Pont l'Évêque,"Pont l'Evêque cheese, from cow's milk",05,0503,050301,326,1350,"22,2",traces,"< 0,2","26,2","18,2",0,"1,3","47,9"
12045,Reblochon,"Reblochon cheese, from cow's milk",05,0503,050301,322,1330,"19,9",traces,0,"26,9",19,0,"1,38","49,1"
12049,Saint-Marcellin,"Saint-Marcellin cheese, from cow's milk",05,0503,050301,280,1160,"14,8",traces,"< 0,2","24,3","18,1",0,"1,08","58,3"
12050,Fromage à pâte molle et croûte mixte (lavée et fleurie) colorée,"Soft-ripened washed, bloomy and coloured rind cheese, from cow's milk",05,0503,050301,336,1390,"17,8",1,1,29,"19,5",0,-,"47,8"
12051,Mont d'or ou vacherin du Haut-Doubs (produit en France) ou vacherin-Mont d'Or (produit en Suisse),"Vacherin cheese or Mont d'or cheese, from cow's milk",05,0503,050301,293,1210,"17,5","0,54","0,5","24,6",17,0,"1,43","52,9"
12052,Saint-Félicien,"Saint-Felicien cheese, from cow's milk",05,0503,050301,281,1160,"13,1",traces,0,"25,2",18,0,"1,28","58,6"
12053,Fromage pour tartiflette (pâte molle et croûte mixte),"Cheese for tartiflette, soft with mixed rind, from cow's milk",05,0503,050301,320,1330,"19,8","0,72","0,72","26,4","18,5",< 1,"1,48",-
12054,"Spécialité fromagère non affinée en coque, enrichie en vitamines","Uncured soft cheese, spreadable, in a shell, fortified with vitamins, from cow's milk",05,0503,050305,242,999,"5,4","3,5",3,"22,9","15,7",0,"1,1",-
12059,"Brocciu ou brucciu corse, fromage à base de lactosérum de brebis et/ou de chèvre non affiné",Brocciu cheese from goat or ewe's whey,05,0503,050305,-,-,10,4,2,13,"9,2",0,"0,88",-
12060,"Fromage type feta, au lait de vache 100%","Feta-type cheese, 100% from cow's milk",05,0503,050305,273,1130,"15,1","1,22","0,84","22,6","14,1",0,"2,51","55,8"
12061,"Fromage type feta, au lait de brebis 100%","Feta or Feta-type cheese, 100% from ewe's milk",05,0503,050305,-,-,16,"0,83","0,83","21,8","15,1",0,"2,7","54,4"
12063,"Fromage type feta, au lait de vache 100%, à l'huile et aux aromates","Feta-type cheese, 100% from cow's milk, in oil and spices",05,0503,050305,283,1180,"17,3","0,16","< 0,2","23,4","13,2",0,"2,52","53,4"
12064,Boulette d'Avesne,Boulette d'Avesnes cheese from cow's milk,05,0503,050301,355,1470,"20,5",traces,traces,30,"19,8",0,"1,99","44,1"
12065,"Bouchée apéritive de fromage au lait de vache non affiné, fourrée ou enrobée","Finger-food cheese from cow's milk, filled or coated",05,0503,050305,274,1140,"11,1","2,92","1,7",24,"16,3",0,"1,63","58,9"
12066,"Feta, au lait de brebis 70% minimum et lait de chèvre 30% maximum","Feta cheese, 70% min. from ewe's milk, 30% min. from goat's milk",05,0503,050305,284,1180,"14,8","0,45",traces,"24,3","16,8","0,2","2,27","55,2"
12067,"Fromage type feta, au lait de vache 100%, à l'huile et aux aromates, égoutté","Feta-type cheese, 100% from cow's milk, in oil and spices, drained",05,0503,050305,-,-,"9,55","0,5","0,29","56,6","9,97","0,1","1,91",-
12068,"Fromage frais ou spécialité fromagère non affinée, nature, à tartiner, en barquette, non allégée en matière grasse","Uncured soft cheese, spreadable, plain, in tray, from cow's milk",05,0503,050305,225,931,"6,13","3,31","3,31","20,7",13,0,"0,9","67,8"
12069,"Fromage frais ou spécialité fromagère non affinée, nature, à tartiner, en barquette, allégée en matière grasse","Uncured soft cheese, spreadable, plain, in tray, reduced fat, from cow's milk",05,0503,050305,133,554,"10,6","5,12","4,79","7,48","4,94","0,25","0,92",74
12070,"Fromage frais ou spécialité fromagère non affinée, ail et fines herbes, à tartiner, non allégée en matière grasse","Uncured soft cheese, spreadable, flavoured with garlic and herbs), from cow's milk",05,0503,050305,320,1320,"7,87","2,7","2,34","30,8","20,2",0,"1,24","56,5"
12071,Brousse (fromage de brebis frais au lactosérum),Brousse (uncured cheese from ewes' milk),05,0503,050305,142,590,"9,19","4,81","4,81","9,36","5,7",0,"0,76","74,3"
12072,Burrata,"Burrata, from cow's milk",05,0503,050305,259,1070,"10,6","0,93","0,55","23,4","15,4",0,"0,53","63,2"
12073,"Fromage frais ou spécialité fromagère non affinée, olives, figues et noix, etc (autre que ail et fines herbes), à tartiner, non allégée en matière grasse","Uncured soft cheese, spreadable, flavoured, olives or fig and nuts (other than garlic and herbs), from cow's milk",05,0503,050305,-,-,"6,66","4,12","3,32","28,8","19,7","0,47","1,17","45,5"
12099,Emmental de Savoie ou emmenthal de Savoie,"Emmental cheese, from cow's milk, from Savoy",05,0503,050303,396,1650,"29,1",traces,"< 0,1","30,8","21,4",0,"0,26","34,9"
12100,Fromage à pâte pressée cuite (aliment moyen),Hard cheese (average),05,0503,050303,396,1640,"27,3","0,28","0,0031","31,6","20,7","0,0045","0,91","35,2"
12105,Beaufort,"Beaufort cheese, from cow's milk",05,0503,050303,404,1680,"26,1","0,72","0,1",33,"21,4","0,063","1,06","34,3"
12109,Cantal jeune,"Cantal cheese, not matured,  from cow's milk,",05,0503,050303,363,1510,"24,2",traces,0,"29,1","18,8",0,"1,81","40,6"
12110,Comté,"Comté cheese, from cow's milk",05,0503,050303,413,1710,"27,2",traces,0,"33,8","21,7",0,"0,84","33,2"
12111,Fromage à effilocher ou à dérouler,"Processed cheese, to unroll or to shred, from cow's milk",05,0503,050305,307,1280,"23,3","2,68","0,93","22,4","13,7",0,"1,66","46,5"
12112,Abondance,"Abondance cheese, from cow's milk",05,0503,050303,393,1630,"26,6",traces,"< 0,2","31,6","20,1","0,083","1,73","37,2"
12113,Gruyère IGP France,"Gruyere cheese, France, Protected Geographical Indication, from cow's milk",05,0503,050303,415,1720,"27,6","0,7",traces,"33,2","21,6",0,"1,11","33,2"
12114,"Gruyère, sans précision (origine France ou Suisse)","Gruyere cheese, from cow's milk",05,0503,050303,408,1690,"25,8","0,78","0,0001","33,5",22,0,"1,3","32,5"
12115,Emmental ou emmenthal,"Emmental cheese, from cow's milk",05,0503,050303,373,1550,"27,3",traces,traces,"28,8","19,7",0,"0,61","39,1"
12116,"Fromage à pâte pressée cuite type emmental ou emmenthal, allégé en matière grasse","Hard cheese, emmental-type cheese, reduced fat, from cow's milk",05,0503,050303,258,1080,"28,6","1,18",traces,"15,2","10,4",0,"1,4","49,6"
12118,"Emmental ou emmenthal, râpé","Emmental cheese, grated, from cow's milk",05,0503,050303,368,1530,"27,1","0,58",traces,"28,2","18,1","0,042","0,68",39
12119,Ossau-Iraty (fromage de brebis),"Ossau-Iraty cheese, from ewe's milk",05,0503,050303,423,1750,"23,7",1,"0,12",36,"24,3",0,"1,76","33,8"
12120,Parmesan,"Parmesan cheese, from cow's milk",05,0503,050303,411,1710,"30,5","1,14",traces,31,"20,6",0,"1,57","30,4"
12121,Fontina,"Fontina cheese, from cow's milk",05,0503,050303,384,1590,"25,1","0,8",0,"31,1","19,2",0,2,"37,9"
12122,Pecorino (fromage de brebis),"Pecorino cheese, from ewe's milk",05,0503,050303,383,1590,25,1,"< 0,5",31,22,0,"5,3","32,2"
12123,Grana Padano,"Grana Padano cheese, from cow's milk",05,0503,050303,399,1660,"33,2","1,17",traces,"28,5",17,0,"1,35","30,4"
12300,Fromage fondu en tranchettes,"Processed cheese, in slices, from cow's milk",05,0503,050304,246,1020,"13,8","5,34","4,95","18,5","12,3",0,"2,46","56,1"
12302,Spécialité fromagère fondue aromatisée en cubes pour l’apéritif (cubes de fromage fondu au lait de vache),"Processed cheese, from cow's milk, flavoured, in cubes, for aperitif",05,0503,050304,251,1040,"12,2","5,57","4,45","19,9","12,9",0,"2,18","58,3"
12303,"Fromage fondu en portion (triangle), non enrichi","Processed cheese, from cow's milk, triangle, not fortified",05,0503,050304,238,991,11,"8,52","5,75","17,6","12,3","0,13","1,84","58,2"
12304,"Fromage fondu en portion (triangle), enrichi en vitamines","Processed cheese, from cow's milk, triangle, fortified with vitamins",05,0503,050304,259,1070,"7,84","8,49","6,74","21,4","13,6","0,00005","1,65","58,4"
12305,"Fromage fondu, allégé en matière grasse","Processed cheese, reduced fat, from cow's milk",05,0503,050304,134,562,"11,3","4,6","4,6","7,36","4,6",0,"0,74","68,2"
12306,"Fromage blanc fondu en portion (carré), non enrichi en vitamines","Processed cheese, from cow's milk, square, not fortified with vitamins",05,0503,050304,305,1260,"8,59","2,98","2,21","28,6","18,9","0,0001","1,34","56,7"
12307,"Fromage blanc fondu en portion (carré ou bâtonnet), enrichi en vitamines","Processed cheese, from cow's milk, square or on stick, fortified with vitamins",05,0503,050304,305,1260,"8,21","3,39","2,47","28,7",19,"< 0,5","1,27","57,1"
12311,Crème de camembert,"Camembert cream (processed cheese), from cow's milk",05,0503,050304,-,-,11,4,4,23,16,0,"2,3",57
12325,Cancoillotte (spécialité fromagère fondue),"Cancoillotte (processed cheese), from cow's milk",05,0503,050304,151,629,"13,6","0,48",traces,"10,5","7,06",0,"1,73","72,5"
12342,"Fromage frais ou spécialité fromagère non affinée, ail et fines herbes, à tartiner, allégée en matière grasse","Uncured soft cheese, spreadable, reduced fat, from cow's milk, flavoured (ex : garlic and herbs)",05,0503,050305,-,-,3,"4,5",4,13,"8,5",0,"1,2","68,7"
12355,Spécialité fromagère fondante au fromage blanc et aux noix,"Processed cheese with fresh cream cheese and walnuts, from cow's milk",05,0503,050304,311,1280,11,"2,5","1,5","28,5",13,"< 0,5","1,7","50,8"
12356,Snack pour enfants à base de fromage fondu et de gressins,"Processed cheese snack , from cow's milk, with breadsticks, for children",05,0503,050304,298,1240,"9,63",24,"4,88","17,9","10,1",1,"1,63","42,6"
12500,Roquefort (fromage de brebis),"Roquefort cheese, from ewe's milk",05,0503,050302,384,1590,"19,1",traces,traces,"33,9","24,9",0,"3,22","41,9"
12519,Fourme de Montbrison,"Fourme de Montbrison cheese, from cow's milk,",05,0503,050302,365,1510,"22,1",0,traces,"30,8","20,5",0,"1,63","42,8"
12520,"Fromage bleu au lait de vache, non allégé en matière grasse","Blue cheese, from cow's milk",05,0503,050302,361,1500,"16,5","0,68","0,18","32,5","22,5","0,063","1,87","48,1"
12521,Fromage bleu d'Auvergne,"Auvergne blue cheese, from cow's milk",05,0503,050302,342,1420,"20,2",traces,0,29,"20,2","0,0001","2,68","44,1"
12522,Fourme d'Ambert,"Fourme d'Ambert cheese, from cow's milk",05,0503,050302,339,1400,"20,2",traces,traces,"28,4","16,3",0,"2,2","46,6"
12523,Fromage bleu des Causses,"Causses blue cheese, from cow's milk",05,0503,050302,350,1450,20,traces,0,30,"21,2",0,"3,4","45,2"
12524,Gorgonzola,"Gorgonzola cheese, from cow's milk",05,0503,050302,318,1320,"19,1",traces,0,"26,9","16,4",0,"1,89","51,1"
12526,Bleu de Gex ou fromage bleu du Haut-Jura ou bleu de Septmoncel,"Gex blue cheese, or Jura blue cheese or Septmoncel blue cheese, from cow's milk",05,0503,050302,364,1510,"22,1",traces,traces,"30,7","20,2",0,"1,44","43,6"
12528,"Fromage bleu au lait de vache, allegé en matière grasse","Bresse blue cheese, reduced fat, from cow's milk",05,0503,050302,223,929,21,1,"0,5",15,11,0,"1,7",-
12705,"Fromage à pâte pressée non cuite type maasdam, allégé en matière grasse","Firm cheese, Maasdam-type, reduced fat, from cow's milk",05,0503,050303,238,994,"27,7","0,8",0,"13,8","8,9",0,"2,06","52,2"
12716,Provolone,"Provolone cheese, from cow's milk",05,0503,050303,340,1410,"25,1",0,0,"26,6","17,1",0,"2,19",41
12720,"Fromage à pâte pressée non cuite, enrobé de cire, non allégé en matière grasse","Firm cheese in wax casing, from cow's milk",05,0503,050303,303,1260,"21,1",traces,traces,"23,8","15,3",0,"1,78","49,2"
12721,"Fromage à pâte pressée non cuite, enrobé de cire, allégé en matière grasse","Firm cheese in wax casing, reduced fat, from cow's milk",05,0503,050303,208,869,25,traces,"< 0,5",12,8,0,"1,8","56,4"
12722,Cantal entre-deux,"Cantal cheese, half matured, from cow's milk",05,0503,050303,383,1590,"26,1",traces,traces,"30,5","19,9",0,"1,85","37,1"
12724,Cantal,"Cantal cheese, from cow's milk",05,0503,050303,378,1570,"24,8",traces,"< 0,5",31,"24,2",0,"2,15",-
12725,Salers,"Salers cheese, from cow's milk",05,0503,050303,388,1610,"25,4",0,"< 0,2","31,4",20,0,"2,19","38,6"
12726,Cheddar,"Cheddar cheese, from cow's milk",05,0503,050303,399,1650,"24,2","1,2","0,15","32,6","20,1",0,"1,77","36,4"
12729,Edam,"Edam cheese, from cow's milk",05,0503,050303,320,1330,"25,2",traces,0,"24,4","16,7",0,"2,22","41,6"
12735,Mimolette jeune (moins de 6 mois d'affinage),"Mimolette cheese, young, from cow's milk (cured less than 6 months)",05,0503,050303,331,1380,"28,3",traces,0,"24,2","16,1",0,"2,44","40,1"
12736,Gouda,"Gouda cheese, from cow's milk",05,0503,050303,369,1530,"24,2",traces,0,"30,2","20,1",0,"1,95","38,4"
12737,Mimolette demi-vieille (6 mois d'affinage minimum),"Mimolette cheese, half-old, from cow's milk (cured 6 months minimum)",05,0503,050303,371,1540,30,"0,75",0,"27,5","17,9",0,3,"34,3"
12738,Mimolette vieille (12 mois d'affinage minimum),"Mimolette cheese, old, from cow's milk (cured 12 months minimum)",05,0503,050303,397,1650,"33,3",traces,"< 0,2","28,8",19,0,"3,68",30
12740,"Mimolette, sans précision","Mimolette cheese, from cow's milk",05,0503,050303,319,1320,"25,3",traces,0,"24,2","16,6",0,"2,17","45,5"
12741,"Fromage à pâte pressée non cuite type maasdam, non allégé en matière grasse","Firm cheese, Maasdam-type, from cow's milk",05,0503,050303,359,1490,25,traces,traces,"28,4","19,5",0,"1,29","41,1"
12742,Mimolette extra-vieille (18 mois d'affinage minimum),"Mimolette cheese, extra old, from cow's milk (cured 18 months minimum)",05,0503,050303,402,1670,33,1,0,"29,5","19,6",0,"3,33",31
12743,Morbier,"Morbier cheese, from cow's milk",05,0503,050303,355,1470,"22,4",traces,traces,"29,2","19,2",0,"1,41","43,6"
12747,"Fromage de brebis à pâte pressée non cuite des Pyrénées, type tomme ou tome","Pyrénées firm cheese, from ewe's milk",05,0503,050303,393,1630,"21,8","0,72","0,25","33,6",24,0,"1,61",38
12748,"Saint-Nectaire, laitier","Saint-Nectaire cheese, from cow's milk, milk collected in many farms",05,0503,050303,333,1380,"21,3","0,9","0,000033","27,2","18,2",0,"1,55",-
12749,Raclette (fromage),"Raclette cheese, from cow's milk",05,0503,050303,342,1420,"22,9",traces,traces,"27,5","18,5",0,"1,69","44,7"
12751,"Saint-Nectaire, fermier","Saint-Nectaire cheese, from cow's milk, milk collected in an unique farm",05,0503,050303,360,1490,"21,8","1,2","< 0,5","29,8","19,8",0,1,-
12752,"Saint-Nectaire, sans précision","Saint-Nectaire cheese, from cow's milk",05,0503,050303,342,1420,23,"0,5",0,"27,5",18,0,"1,8","44,6"
12755,Saint-Paulin (fromage à pâte pressée non cuite demi-ferme),"Saint-Paulin, firm cheese, from cow's milk (semi-hard cheese)",05,0503,050303,327,1360,"21,8",traces,traces,"26,4","17,9",0,"1,61","47,5"
12758,Tomme ou tome de vache,"Tomme cheese, from cow's milk",05,0503,050303,364,1510,"21,1","3,37",traces,"29,4","19,4",0,"1,28","42,3"
12760,"Tomme ou tome, allégée en matière grasse","Tomme cheese, reduced fat, around 13% fat",05,0503,050303,240,1010,"30,4",traces,0,"13,2","8,44",0,"1,84","49,8"
12761,Asiago,"Asiago cheese, from cow's milk",05,0503,050303,356,1480,"31,4",0,0,"25,6","15,9",0,"1,9",-
12762,Fromage de brebis corse à pâte molle,"Corsica soft ripened cheese, from ewe's milk",05,0503,050301,426,1760,20,0,0,"38,4",-,0,"1,9","28,7"
12763,Tome des Bauges,"Tomme cheese (PDO) from the French Bauges mountains, from cow's milk",05,0503,050303,381,1580,"26,1",0,traces,"30,8",19,0,"1,15","39,5"
12764,Tête de moine,"Tete de Moine cheese (PDO), from cow's milk",05,0503,050303,415,1720,"25,5","0,5",0,"34,5","21,5",0,2,-
12765,Raclette (fromage) fumée,"Raclette cheese, from cow's milk, smoked",05,0503,050303,345,1430,"23,6","0,5","0,17","27,7","18,7",0,"1,65",-
12766,"Raclette (fromage), au poivre","Raclette cheese, from cow's milk, with pepper",05,0503,050303,350,1450,24,"0,5","0,0001",28,"18,6",0,"1,66",-
12767,Gouda au cumin,"Gouda cheese, with cumin seed, from cow's milk",05,0503,050303,378,1570,"23,6","0,6","0,000033",31,"20,9","0,9","1,96",-
12768,"Fromage type feta, au lait de brebis 100%, à l'huile et aux aromates, égoutté","Feta-type cheese from ewe's milk, in oil and spices, drained",05,0503,050305,-,-,"6,9","0,1","0,1",-,-,0,"1,27",-
12771,Tomme ou tome de Savoie,"Tomme cheese, from cow's milk, from Savoy",05,0503,050303,361,1500,23,"0,97","0,058","29,2","20,8",0,"1,31","42,5"
12773,Tomme ou tome des Pyrénées,"Tomme cheese, from cow's milk, from Pyrénées",05,0503,050303,340,1410,"21,7","0,7","0,18","27,9","19,5",0,"1,79",-
12775,"Mélange de fromages râpés (ex : spécial gratins, spécial pâtes, spécial pizzas…)","Cheese mix, grated, from cow's milk",05,0503,000000,386,1600,"31,4","0,15","0,000033","28,9","20,1",0,"1,48",-
12776,Raclette de Savoie (fromage),"Raclette cheese, from cow's milk, from Savoy",05,0503,050303,357,1480,"23,6",traces,"< 0,2","29,1","20,2",< 3,"1,52","42,4"
12803,"Fromage de chèvre lactique affiné, type palet, crottin ou bûchette","Cheese, lactic, matured, from goat's milk",05,0503,050301,308,1280,"20,3","1,24","0,26","24,7","18,3",0,"1,52","50,9"
12805,"Fromage de chèvre frais, type palet, crottin ou bûchette","Cheese, fresh, from goat's milk,",05,0503,050305,194,804,"11,7","2,5","2,17","15,2","10,7","0,000017","1,15","64,8"
12807,Sainte-Maure de Touraine (fromage de chèvre),"Cheese, from goat's milk, from raw milk",05,0503,050301,286,1190,"18,1","1,12","0,017","23,3","17,6",0,"1,32","53,4"
12810,Fromage de chèvre demi-sec,"Cheese, semi-dry, from goat's milk",05,0503,050301,353,1460,"21,1",traces,0,"29,8","20,6",0,"1,81","45,5"
12812,Fromage de chèvre bûche,"Cheese, buche, from goat's milk",05,0503,050301,285,1180,"18,4",traces,traces,"23,3","16,2",0,"1,58","54,8"
12813,"Fromage de chèvre bûche, allégé en matière grasse","Cheese, buche, from goat's milk, reduced fat",05,0503,050301,183,764,"22,1",1,1,10,"6,8",0,"1,24","60,5"
12814,Fromage de chèvre à pâte molle non pressée non cuite et croûte naturelle,"Soft-ripened cheese, from goat's milk",05,0503,050301,286,1190,"19,1","0,72","0,69",23,"16,3",0,"1,56","53,6"
12815,Fromage de chèvre sec,"Cheese, dry, from goat's milk",05,0503,050301,440,1830,"29,9",traces,-,"35,6","24,6",0,"1,06",29
12816,Fromage à pâte pressée demi-cuite,"Hard cheese, from cow's milk",05,0503,050303,359,1490,"25,1",traces,"< 0,1","28,8","19,4",0,"1,58",-
12819,"Fromage de chèvre à tartiner, nature","Cheese, from goat's milk, spreadable, plain",05,0503,050305,161,671,"10,6","2,41","2,41","12,2","8,08",0,"0,92","72,9"
12820,"Fromage de chèvre à pâte molle et croûte fleurie (type camembert, cabécou)","Soft-ripened cheese with bloomy rind, from goat's milk, Camembert-type cheese",05,0503,050301,288,1200,"18,6",traces,0,"23,8","15,9",0,"0,84","52,8"
12824,Fromage de brebis à pâte molle et croûte fleurie,"Soft ripened cheese with bloomy rind, from ewe's milk",05,0503,050301,297,1230,"17,6",traces,0,"25,2","18,4",0,"1,41","55,6"
12828,Fromage de lactosérum de brebis,"Cheese, from ewe's whey",05,0503,050305,190,787,"9,91","4,3","4,3","14,8",-,0,"0,63","68,7"
12830,Chabichou (fromage de chèvre),"Chabichou cheese, from goat's milk",05,0503,050301,305,1260,19,"1,5","< 0,5","24,8","17,9",0,"1,45","50,4"
12831,Pélardon (fromage de chèvre),"Pélardon cheese, from goat's milk",05,0503,050301,343,1420,"23,3",0,traces,"27,8","18,6",0,"1,43","43,6"
12832,"Crottin de chèvre, au lait cru","Crottin cheese, from goat's milk, from raw milk",05,0503,050301,384,1590,"22,7",traces,traces,"32,6","24,1",0,"1,01","44,8"
12833,"Crottin de chèvre, sans précision sur le type de lait - pasteurisé ou cru -","Crottin cheese, from goat's milk",05,0503,050301,344,1430,"21,9",1,traces,28,"19,6",0,"1,17",-
12834,Crottin de Chavignol (fromage de chèvre),"Crottin de Chavignol cheese, from goat's milk",05,0503,050301,318,1320,"20,3","1,28",1,"25,8",19,0,"1,58","50,8"
12836,Picodon (fromage de chèvre),"Picodon cheese, from goat's milk",05,0503,050301,313,1300,"19,5",1,"0,9","25,6",19,"0,13","1,27","49,4"
12839,Pouligny Saint-Pierre (fromage de chèvre),"Pouligny Saint-Pierre cheese, from goat's milk",05,0503,050301,286,1190,"17,3","1,38",traces,"23,5","16,7",0,"1,43","52,7"
12842,Sainte-Maure (fromage de chèvre),"Sainte Maure cheese, from goat's milk",05,0503,050301,298,1240,"19,6","0,91","0,52",24,"17,1","0,000025","1,56","50,3"
12845,Selles-sur-Cher (fromage de chèvre),"Selles-sur-Cher cheese, from goat's milk",05,0503,050301,289,1200,"18,4","1,17","0,58","23,5","17,5",0,"1,47","53,1"
12846,Chevrot (fromage de chèvre),"Chevrot cheese, from goat's milk",05,0503,050301,263,1090,"16,9","1,42","0,49","21,1","14,3",0,"1,02","59,1"
12847,Rocamadour (fromage de chèvre),"Rocamadour cheese, from goat's milk",05,0503,050301,274,1140,"17,7","0,93","0,23","22,2",17,"0,5","1,14","57,2"
12848,Valençay (fromage de chèvre),"Valençay cheese, from goat's milk",05,0503,050301,295,1220,"18,5","0,64","0,64","24,3","17,7",0,"1,42","51,8"
12850,"Fromage de chèvre à pâte pressée non cuite, type tomme ou tome ou gouda de chèvre","Firm cheese, from goat's milk",05,0503,050303,344,1430,"21,7","0,9","0,18","28,2","18,9",0,"1,71",-
12999,Fromage (aliment moyen),Cheese (average),05,0503,000000,324,1350,"20,6","0,71","0,42","26,3",18,"0,015","1,44","48,2"
13000,"Abricot, dénoyauté, cru","Apricot, pitted, raw",02,0204,020401,"44,1",187,"0,81","9,01","6,7","< 0,5","< 0,01","1,7","< 0,013","87,1"
13001,"Abricot, dénoyauté, sec","Apricot, pitted, dried",02,0204,020404,239,1010,"2,88","59,1","34,3","0,5","0,19","8,3","< 0,013","24,7"
13002,"Ananas, chair sans peau, cru","Pineapple, flesh without skin, raw",02,0204,020401,"51,6",219,"0,25","11,7","10,5","< 0,5","< 0,01","1,2","< 0,013","85,5"
13004,"Avocat, chair sans peau, sans noyau, cru","Avocado, flesh without skin, pitted, raw",02,0201,020101,203,838,"1,56",traces,"0,4","20,6","4,51","3,6","0,015","70,3"
13005,"Banane, chair sans peau, crue","Banana, flesh without skin, raw",02,0204,020401,"87,6",371,"1,06","19,7","15,6","< 0,5","< 0,01","2,7","< 0,013","75,8"
13007,"Cassis, cru","Black currant, raw",02,0204,020401,"70,2",295,"1,4","9,68","9,68","0,41","0,034","7,13","0,005","80,9"
13008,"Ceriser, chair et peau, sans noyau, crue","Cherry, flesh and skin, pitted, raw",02,0204,020401,"53,7",227,"0,81",13,10,"< 0,3","< 0,01","1,6","< 0,013","85,7"
13009,"Citron, chair sans peau, sans pépins, cru","Lemon, flesh without skin, without seeds, raw",02,0204,020401,"24,3",105,"0,25","1,56","0,8","< 0,5","< 0,01","< 0,5","< 0,013","91,3"
13010,"Coing, cru","Quince, raw",02,0204,020401,59,250,"0,4","12,5","6,3","0,1","0,01","1,9","0,01","83,8"
13011,"Datte, chair et peau, sans noyau, sèche","Date, flesh and skin, pitted, dried",02,0204,020404,287,1210,"1,81","64,7","64,7","0,25","0,075","7,3","0,098","22,9"
13012,"Figue, crue","Fig, raw",02,0204,020401,"67,6",285,"1,19","13,5","12,2","< 0,5","< 0,01","4,1","0,013","80,2"
13013,"Figue, sèche","Fig, dried",02,0204,020404,261,1110,"2,9",55,"48,4","1,22","0,57","8,15","0,22","30,1"
13014,"Fraise, crue","Strawberry, raw",02,0204,020401,"35,1",147,"0,63","6,03","5,6","< 0,5","< 0,01","3,8","< 0,013","90,3"
13015,"Framboise, crue","Raspberry, raw",02,0204,020401,"47,9",201,"1,19","5,83","5,4","0,8","0,13","4,3","< 0,013","86,8"
13016,"Fruit de la passion ou maracudja, chair sans peau, avec pépins, cru","Passion fruit, flesh without skin, with seeds, raw",02,0204,020401,102,426,"2,13","10,9","8,5",3,"0,54","6,8","< 0,013","73,6"
13018,"Grenade, chair sans peau, avec pépins, crue","Pomegranate, flesh without skin, with seeds, raw",02,0204,020401,81,342,"1,44","14,3","13,3","1,2","0,07","2,3","< 0,013","79,4"
13019,"Groseille, crue","Red currant, raw",02,0204,020401,"67,2",284,"1,56","7,06","6,63","0,7","0,21","4,6","< 0,013","82,1"
13020,"Groseille à maquereau, crue","Gooseberry, raw",02,0204,020401,"39,4",165,"0,88","4,45",-,"0,58","0,038","4,3","0,0025","87,9"
13021,"Kiwi, chair sans peau, avec pépins, cru","Kiwi fruit, flesh without skin, with seeds, raw",02,0204,020401,"60,9",257,"0,88",11,"8,9","0,6","0,13","2,4","< 0,013","83,5"
13023,"Litchi, chair sans peau, sans noyau, cru","Lithchi, flesh without skin, pitted, flesh without skin, raw",02,0204,020401,"77,5",329,"1,13","16,1","15,7","< 0,5","< 0,01",2,"< 0,013","80,5"
13024,"Clémentine ou mandarine, chair sans peau, sans pépins, crue","Clementine or Mandarin orange, flesh without skin, without seeds, raw",02,0204,020401,"45,5",193,"0,81","9,17","8,6","< 0,5","< 0,01","1,7","< 0,013",87
13025,"Mangue, chair sans peau, sans noyau, crue","Mango, flesh without skin, pitted, raw",02,0204,020401,"71,1",302,"0,63","14,3","12,9","< 0,5","< 0,01","1,6","< 0,013","81,1"
13026,"Melon cantaloup (par ex.: Charentais), chair sans peau, sans pépins, cru","Melon, cantaloupe (ex Charentais melon), flesh without skin, without seeds, raw",02,0204,020401,"59,8",253,"1,13","14,8","10,6","< 0,5","< 0,01","1,3","0,06","84,2"
13027,"Prune mirabelle, sans noyau, crue","Mirabelle plum, pitted, raw",02,0204,020401,"74,6",315,"0,63",18,"13,3","< 0,5","< 0,01","2,2","< 0,013","78,1"
13028,"Myrtille, crue","Blueberry, raw",02,0204,020401,"57,7",244,"0,87","10,6","9,96","0,33","0,028","2,4","0,0025","84,2"
13029,"Mûre (de ronce), crue","Blackberry, raw",02,0204,020401,46,192,"1,13","6,53","6,1","0,7","0,07","5,2","< 0,013","86,1"
13032,"Olive noire, en saumure, égouttée","Olive, black, in brine",10,1002,000000,173,709,"1,38","< 0,1",0,"17,2","2,08","6,2","1,77","74,9"
13033,"Olive verte, en saumure, égouttée","Olive, green, in brine",10,1002,000000,164,677,"1,13","0,61",traces,"16,6","2,25","3,6","2,94","74,5"
13034,"Orange, chair sans peau, sans pépins, crue","Orange, flesh without skin, without seeds, raw",02,0204,020401,42,177,"0,75","8,03","7,6","< 0,5","< 0,01","2,7","< 0,013","87,3"
13035,"Papaye, chair sans peau, crue","Papaya, flesh without skin, raw",02,0204,020401,"39,6",167,"0,75","8,53","8,1","< 0,3","< 0,01","1,8","< 0,013","88,8"
13036,"Pastèque, chair sans peau, sans pépins, crue","Watermelon, flesh without skin, without seeds, raw",02,0204,020401,"35,4",150,"0,69","8,33","7,9","< 0,5","< 0,01","0,5","< 0,013",91
13037,"Poire, chair et peau, crue","Pear, flesh and skin, raw",02,0204,020401,"56,6",238,"0,36","12,3","9,75","0,27","0,067","2,9","0,0045","83,5"
13038,"Compote de pomme, préemballée","Apple compote, prepacked",02,0204,020402,107,453,"0,25","25,8","22,6","0,23","0,000025","1,54","0,031","72,9"
13039,"Pomme, chair et peau, crue","Apple, flesh and skin, raw",02,0204,020401,54,229,"0,25","11,6","10,6","0,25","0,052","1,4","0,0037","85,4"
13040,"Pomelo (dit Pamplemousse), chair sans peau, sans pépins, cru","Grapefruit, flesh without skin, without seeds, raw",02,0204,020401,"33,5",142,"0,84","5,92","5,87","< 0,5","< 0,15","1,1",< 2,90
13041,"Prune Reine-Claude, sans noyau, crue","Greengage plum, pitted, raw",02,0204,020401,69,292,"0,94","16,4","10,4","< 0,5","< 0,01","1,7","< 0,013","80,1"
13042,"Pruneau, sans noyau, sec","Prune, pitted",02,0204,020404,229,969,"1,63","55,4","38,1","0,4","0,16","5,1","< 0,013","34,9"
13043,"Pêche, chair et peau, sans noyau, crue","Peach, flesh and skin, pitted, raw",02,0204,020401,"37,9",160,"0,91","7,55","6,83","0,25","0,019","1,5","< 0,0028","88,9"
13044,"Raisin blanc, à gros grain (type Italia ou Dattier), cru","Grape, white, raw",02,0204,020401,"71,6",304,"0,75","16,6","15,5","< 0,5","< 0,01",1,"< 0,013","80,9"
13045,"Raisin noir, cru","Grape, red, raw",02,0204,020401,"69,5",294,"0,57","15,6","15,3","0,25","0,08","1,43","< 0,00097","82,1"
13046,Raisin sec,Raisin,02,0204,020404,322,1360,3,"73,2","70,3","0,9","0,31","4,2","0,013",16
13047,"Rhubarbe, tige, crue","Rhubarb, stalk, raw",02,0204,020401,"18,1","76,2","0,73","1,12","1,1","0,16","0,041","1,8","0,0075","93,6"
13051,"Mélange apéritif de fruits exotiques, sec","Tropical fruit mix, sweetened, for snack, dried",02,0204,020404,389,1640,"2,19","69,5","59,4","10,5","9,16","3,4","0,22","11,7"
13054,"Carambole, chair et peau, crue","Carambola, flesh and skin, raw",02,0204,020401,"28,4",119,"1,04","3,83","3,83","0,33","0,019","2,8","0,005","91,4"
13055,"Cerise acérola, chair et peau, sans noyau, crue","Acerola, flesh and skin, pitted, raw",02,0204,020401,-,-,"0,4","6,59",-,"0,3","0,068","1,1","0,018","91,4"
13056,"Anone ou chérimole, chair sans peau, crue","Cherimoya, flesh without skin, raw",02,0204,020401,80,338,"1,57","15,4","12,9","0,68","0,23",3,"0,018","79,4"
13061,"Feijoa, chair sans peau, crue","Feijoa, flesh without skin, raw",02,0204,020401,-,-,"0,71","8,2","8,2","0,42","0,1","6,4","0,0075","83,3"
13063,"Figue de Barbarie, chair et peau, avec pépins, crue","Prickly pear, flesh and skin, with seeds, raw",02,0204,020401,"51,5",216,"0,12","9,79","1,02","0,11","0,01","5,3","0,01",83
13066,"Kaki, chair et peau, cru","Persimmon, flesh and skin, raw",02,0204,020401,66,279,"0,88","14,3","13,9","< 0,3","< 0,01","3,4","< 0,013","81,8"
13067,"Citron vert ou lime, chair sans peau, sans pépins, cru","Lime, flesh without skin, without seeds, raw",02,0204,020401,"39,3",166,"1,13","3,14","2,1","< 0,3","< 0,01","4,3","0,015","86,3"
13071,"Mûre noire (du mûrier), crue","Black mulberry, raw",02,0204,020401,-,-,"1,44","8,1","8,1","0,39","0,027","1,7","0,025","87,7"
13077,"Ramboutan ou rambutan, chair sans peau, sans noyau, crue","Rambutan, flesh without skin, pitted, raw",02,0204,020401,-,-,"0,65",20,-,"0,21",-,"0,9","0,028",78
13080,"Tamarin, fruit mûr, chair sans peau, avec pépins, cru","Tamarind, mature fruit, flesh without skin, with seeds, raw",02,0204,020401,-,-,"2,8","57,4","38,8","0,6","0,27","5,1","0,07","31,4"
13083,"Goyave, chair sans peau, crue","Guava, flesh without skin, raw",02,0204,020401,"68,3",286,"2,55","9,02","8,92","0,95","0,27","5,4","0,005","80,8"
13085,"Pomme Canada, chair sans peau, crue","Apple, Canada, flesh without skin, raw",02,0204,020401,"51,1",216,"0,4","11,6",11,"0,1",-,"1,6","0,0092","84,4"
13086,"Pomme Golden, chair sans peau, crue","Apple, var. Golden, flesh without skin, raw",02,0204,020401,"50,4",213,"0,25","11,7","11,3","< 0,5","< 0,01","2,5","< 0,013","85,5"
13089,"Banane, chair sans peau, sèche","Banana, flesh without skin, dried",02,0204,020404,365,1540,"3,89","78,4","47,3","1,81","0,7","9,9","0,0075",3
13100,"Prune, sans noyau, crue","Plum, flesh and skin, pitted, raw",02,0204,020401,"51,6",219,"0,7","9,92","9,92","0,28","0,017","1,4",0,"87,2"
13101,"Raisin Chasselas, cru","Grape, Chasselas, raw",02,0204,020401,"77,8",329,"0,75","16,9","16,5","0,5","0,12",2,"< 0,013","79,4"
13110,"Griotte, crue","Morello cherry, raw",02,0204,020401,-,-,1,"10,6","8,49","0,3","0,068","1,6","0,0075","86,1"
13111,"Pomme, sèche","Apple, dried",02,0204,020404,247,1040,"0,93",55,"52,5","0,32","0,052","8,7","0,22","31,8"
13113,"Canneberge ou cranberry, crue","Cranberry, raw",02,0204,020401,-,-,"0,88","7,6","4,04","0,17","0,011","5,65","0,035","86,6"
13118,"Pêche, chair et peau, sans noyau, sèche","Peach, flesh and skin, pitted, dried",02,0204,020404,329,1390,5,"65,4","51,1",1,"0,092","14,3","0,2","7,5"
13119,"Pruneau, sans noyau, cuit","Prune, pitted, cooked",02,0204,020402,-,-,"1,23",-,-,"0,24","0,02",-,"0,005",68
13121,"Pomme Granny Smith, chair sans peau, crue","Apple, var. Granny Smith, flesh without skin, raw",02,0204,020401,51,216,"0,25","11,4","10,6","< 0,5","< 0,01","2,6","< 0,013","85,3"
13122,"Pomme Granny Smith, chair et peau, crue","Apple, var. Granny Smith, flesh and skin,, raw",02,0204,020401,"48,6",205,"0,25","10,7","10,1","< 0,5","< 0,01","2,8","< 0,013","85,8"
13125,"Citron, zeste, cru","Lemon zest, raw",02,0204,020401,-,-,"1,5","5,4","4,17","0,3","0,039","10,6","0,015","81,6"
13126,"Sureau, baie, crue","Elderberry, berries, raw",02,0204,020401,-,-,"0,66","11,4","6,52","0,5","0,023",7,"0,015","79,8"
13128,"Chayote ou christophine ou chouchou, crue","Chayote, raw",02,0201,020101,"19,1",80,"0,82","2,8","1,66","0,13","0,028","1,7","0,005","94,2"
13129,"Compote, tout type de fruits, allégée en sucres, préemballée, rayon frais","Fruit compote, miscellaneous fruits, reduced sugar, prepacked, refrigerated",02,0204,020402,"63,8",270,"0,17","14,7","14,1","0,073",0,"1,89","0,00033","83,9"
13131,"Olive noire, à l'huile (à la grecque)","Olive, black, in oil (Greek olive)",10,1002,000000,349,1440,"2,19","4,33","0,3","33,3","4,02","11,6","8,45",42
13132,"Myrtille, surgelée, crue","Blueberry, frozen, raw",02,0204,020401,-,-,"0,42","8,9","8,45","0,64","0,032","2,7","0,0025","86,6"
13134,"Salade de fruits, crue","Fruit salad, raw",02,0204,020401,"79,3",336,"0,61",18,"14,2","0,24","0,031","1,36","0,002",78
13136,"Framboise, surgelée, crue","Raspberry, frozen, raw",02,0204,020401,-,-,1,7,7,"0,5","0,048","6,5","0,0075","85,9"
13147,"Olives vertes, fourrées ou farcies (anchois, poivrons, etc.)","Olive, green, stuffed (anchovy, sweet peppers, etc…)",10,1002,000000,156,643,"2,09","1,17","< 0,4","15,2","2,63",3,"2,78",75
13148,"Nectarine ou brugnon, jaune, chair et peau, sans noyau, crue","Nectarine, yellow, flesh and skin, pitted, raw",02,0204,020401,"49,5",210,"0,69","11,3","8,8","< 0,5","< 0,01","0,6","< 0,013","86,6"
13149,"Nectarine ou brugnon, blanche, chair et peau, sans noyau, crue","Nectarine, white, flesh and skin, pitted, raw",02,0204,020401,"49,5",210,"0,81","11,4","8,9","< 0,5","< 0,01","< 0,5","< 0,013","86,5"
13150,"Mûre (de ronce), surgelée, crue","Blackberry, frozen, raw",02,0204,020401,-,-,"1,18","10,7",-,"0,43","0,015",5,"0,0025","82,2"
13151,"Compote de pomme, allégée en sucres, rayon ambiant","Apple compote, reduced sugar, prepacked, room temperature",02,0204,020402,"64,3",273,"0,25","15,1","14,3","0,13","0,078","1,3","< 0,013","82,9"
13152,"Dessert de fruits, tout type de fruits (en taux de sucres : compotes allégées en sucres < desserts de fruits < compotes), préemballé, rayon ambiant","Fruits dessert, all types (sugar content is less than fruits compote but more than fruits compote reduced sugar), prepacked, room temperature",02,0204,020402,"89,3",378,"0,33","20,6","17,4","0,21","0,041","1,95","0,0048","79,4"
13153,"Purée de fruits, tout type de fruits, type ""compote sans sucres ajoutés"", rayon ambiant","Stewed fruits, no added sugars, pulp or mixed fruits), prepacked, room temperature",02,0204,020402,"56,4",239,"0,25","13,3","11,3","< 0,3","< 0,01","1,7","< 0,013","84,2"
13154,"Spécialité de fruits, tout type de fruits, sucrée (mélange chairs et/ou purées de fruits, mais toujours avec autre ingrédient), préemballée, rayon ambiant","Stewed fruits, sweetened (pulp or mixed fruits, with sugar(s), but always with other ingredient), prepacked, room temperature",02,0204,020402,"72,7",308,"0,28","16,5","15,1","0,41","0,18","1,71","0,011",-
13157,Petit pot fruit avec banane pour bébé,"Baby food jar, fruits with banana",11,1103,000000,"56,6",240,"0,6","12,1",12,"< 0,5","< 0,0002","2,3","0,0036",84
13158,Petit pot fruit sans banane pour bébé,"Baby food jar, fruits without banana",11,1103,000000,"49,2",208,"0,29","10,9","10,2","< 0,5","< 0,0002","2,07","0,0012","85,8"
13159,Boisson aux fruits pour bébé dès 4/6mois,"Baby fruit-based beverage, from 4/6 months",11,1101,000000,"35,1",149,"0,25","8,57","8,23","< 0,5","< 0,0002","< 0,5","0,0017","90,2"
13160,Boisson à base de plantes pour bébé,Baby plant-based beverage,11,1101,000000,"23,2","98,6","0,25","5,8","4,97","< 0,5","< 0,0002","< 0,5","0,0017","94,2"
13161,Boisson infantile céréales lactées aux légumes pour dîner dès 4/6 mois,"Dairy and cereal-based beverage for baby's dinner, with vegetables, from 4/6 months",11,1101,000000,"82,1",345,"2,1","11,6","3,71","2,83","1,42","0,9","0,09","82,2"
13162,Boisson infantile céréales lactées aux fruits pour le goûter dès 4/6 mois,"Dairy and cereal-based beverage for baby's snack, with fruits, from 4/6 months",11,1101,000000,"67,6",283,"1,71","7,7","6,8",3,"1,23","1,5","0,096","85,8"
13163,Boisson infantile céréales lactées pour le petit déjeuner dès 4/6 mois,"Dairy and cereal-based beverage for baby's breakfast, from 4/6 months",11,1101,000000,"80,7",339,"1,94","12,1","5,7","2,7","1,26",< 3,"0,08","81,2"
13164,Dessert infantile lacté type crème dessert,"Dairy dessert for baby, custard type",11,1103,000000,87,366,"3,25","11,3","8,55","3,1","1,74",< 3,"0,088","79,7"
13165,Dessert infantile lacté au riz ou à la semoule,"Dairy dessert for baby, with rice or semolina",11,1103,000000,"90,8",382,"3,38","11,7","8,65","3,3","2,21",< 3,"0,075","79,1"
13166,"Dessert infantile lacté, sucré, nature ou aux fruits","Dairy dessert for baby, with sugar(s), plain or with fruits",11,1103,000000,97,408,"3,13","12,5","9,26","3,5","2,28",< 3,"0,075","77,7"
13167,"Céréales instantanées, poudre à reconstituer, dès 4/6 mois","Baby instant cereal (powder to be reconstituted), from 4/6 months",11,1104,000000,393,1670,"5,1","88,3","12,7","1,7","0,64","1,8","0,041","2,2"
13168,"Céréales instantanées, poudre à reconstituer, dès 6 mois","Baby instant cereal (powder to be reconstituted), from 6 months",11,1104,000000,391,1660,10,"81,1","32,8",2,"0,61","4,3","0,037","1,8"
13169,Boisson infantile céréales lactées pour le petit déjeuner dès 8/9 mois,"Dairy and cereal-based beverage for baby's breakfast, from 8/9 months",11,1101,000000,"81,2",341,"2,31","11,6","5,57","2,8","1,26",< 3,"0,083","81,3"
13170,Boisson infantile céréales lactées pour le petit déjeuner dès 12 mois,"Dairy and cereal-based beverage for baby's breakfast, from 12 months",11,1101,000000,"86,3",363,"2,18","12,6","4,7","2,78","1,19","1,1","0,066",81
13171,Boisson infantile lactées aux fruits pour le goûter dès 4/6 mois (sans céréales),"Dairy beverage for baby's snack from 4/6 months, with fruits (without cereals)",11,1101,000000,"72,5",305,"1,81","10,4","5,78","2,6","1,15",< 3,"0,048","83,1"
13172,Boisson infantile céréales lactées aux légumes pour diner dès 12 mois,"Dairy and cereal-based beverage for baby's dinner, with vegetables, from 4/6 months",11,1101,000000,-,-,-,"23,6","16,2","8,93",-,"1,45","0,094",-
13173,Boisson infantile céréales lactées pour le petit déjeuner,Dairy and cereal-based beverage for baby's breakfast,11,1101,000000,"85,5",359,"1,86","12,7","4,7","2,89","1,23","0,6","0,083","81,6"
13174,"Spécialité de fruits, tout type de fruits, sans sucres ajoutés (mélange chairs et/ou purées de fruits, mais toujours avec autre ingrédient), préemballée, rayon ambiant","Stewed fruits, no added sugars (pulp or mixed fruits, but always with other ingredient), prepacked, room temperature",02,0204,020402,"58,3",246,"0,32","12,7","11,5","0,37","0,14","1,91","0,0063",-
13175,"Pomme, chair sans peau, rôtie/cuite au four","Apple, flesh without skin, roasted/baked",02,0204,020402,"52,7",224,"0,16","12,9","12,6","< 0,5","< 0,15",< 1,< 2,"85,6"
13176,"Pomme, chair sans peau, bouillie/cuite à l'eau","Apples, raw, without skin, cooked, boiled/cooked in water",02,0204,020402,54,228,"0,26","11,2",11,"0,36","0,058","2,4","0,0025","85,5"
13177,"Chayote ou christophine ou chouchou, bouillie/cuite à l'eau","Chayote, boiled/cooked in water",02,0201,020102,"21,6","89,6","0,62","2,29",-,"0,48","0,086","2,8","0,0025","93,4"
13178,"Canneberge ou cranberry, séchée, sucrée","Cranberry, dried, with sugar(s)",02,0204,020404,332,1410,"0,25","76,4","72,8",1,"0,2","5,7","< 0,013","14,6"
13179,"Pomelo (dit Pamplemousse) jaune, chair sans peau, sans pépins, cru","Grapefruit, yellow, flesh without skin, without seeds, raw",02,0204,020401,-,-,"0,69","7,31","7,31","0,1","0,014","1,1",0,"90,5"
13180,"Pomelo (dit Pamplemousse) rose, chair sans peau, sans pépins, cru","Grapefruit, red or pink, flesh without skin, without seeds, raw",02,0204,020401,-,-,"0,77","6,2","6,2","0,14","0,021","1,6",0,"88,1"
13182,Boisson infantile céréales lactées (aliment moyen),Dairy and cereal-based beverage for baby (average),11,1101,000000,86,362,"2,17","12,6","4,72","2,78","1,19","1,11","0,066",81
13183,"Baie de goji, séchée","Goji berry, dried",02,0204,020404,300,1270,"12,1",49,"48,4","2,9","0,75","11,8","0,91","18,4"
13184,Olive (aliment moyen),Olive (average),10,1002,000000,165,680,"1,29","0,65","0,029","16,6","2,29","3,83","2,83","74,4"
13185,"Compote ou assimilé, tout type de fruits, sans précision sur la teneur en sucres (allégée en sucres ou non, sans sucres ajoutés…) ni sur le rayon (aliment moyen)","Fruit compote and similar, any fruit, sugar content unknown (average)",02,0204,020402,"80,2",340,"0,26","19,1","17,2","0,16","0,02","1,65","0,013","78,9"
13186,Olive noire (aliment moyen),"Olives, black (average food)",10,1002,000000,182,744,"1,41","0,26","0,015",18,"2,17","6,46","2,09","73,3"
13187,"Purée de pommes, type ""compote sans sucres ajoutés"", rayon ambiant","Stewed fruits, apple, no added sugars, (pulp or mixed fruits), room temperature",02,0204,020402,"56,4",239,"1,13","11,6","11,6","0,28","0,082","1,7","< 0,013","85,1"
13188,"Poire Conférence, chair sans peau, crue","Pear, var. Conférence, flesh without skin, raw",02,0204,020401,"49,1",207,"0,25","11,4","9,4","< 0,5","< 0,01","3,1","< 0,013","85,3"
13189,"Poire Williams, chair sans peau, crue","Pear, var. Williams, flesh without skin, raw",02,0204,020401,"50,2",211,"0,25","11,5","9,4","< 0,5","< 0,01","3,1","< 0,013","84,7"
13190,"Pomme Chantecler, chair sans peau, crue","Apple, var. Chanteclerc, flesh without skin, raw",02,0204,020401,"47,2",200,"0,25","11,2","10,8","< 0,5","< 0,01","1,9","< 0,013","86,4"
13191,"Pomme Gala, chair sans peau, crue","Apple, var. Gala, flesh without skin, raw",02,0204,020401,"51,6",218,"0,25","11,9","11,1","< 0,5","< 0,01","1,9","< 0,013","85,5"
13192,"Pomme Pink lady, chair sans peau, crue","Apple, var. Pink lady, flesh without skin, raw",02,0204,020401,"57,3",242,"0,25","12,8","12,3","< 0,5","< 0,01","2,9","< 0,013","83,6"
13193,"Pêche blanche, chair et peau, sans noyau, crue","Peach, white-flesh variety, flesh and skin, pitted, raw",02,0204,020401,"44,3",187,"0,69","9,48","8,7","< 0,5","< 0,01","2,1","< 0,013","87,6"
13194,"Pêche blanche, chair sans peau, sans noyau, crue","Peach, white-flesh variety, flesh without skin, pitted, raw",02,0204,020401,"44,3",188,"0,63","9,63","7,8","< 0,5","< 0,01","1,1","< 0,013","87,6"
13195,"Pêche jaune, chair sans peau, sans noyau, crue","Peach, yellow-flesh variety, flesh without skin, pitted, raw",02,0204,020401,"44,5",189,"0,69","9,8","7,6","< 0,5","< 0,01",1,"< 0,013","87,8"
13199,"Compote, tout type de fruits autres que pomme seule, allégée en sucres, préemballée, rayon ambiant","Fruit compote, miscellaneous fruits other than apple only, reduced sugar, prepacked, room temperature",02,0204,020402,"65,7",278,"0,25","15,4","14,6","0,2","0,071","1,6","< 0,013","82,9"
13200,"Mangue José, chair sans peau, sans noyau, crue, prélevée à La Réunion (Mangifera indica L.)","Mango José, flesh without skin, pitted, raw, sampled in the island La Réunion (Mangifera indica L.)",02,0204,020406,"88,8",376,"0,75","19,3","18,4","0,5","0,18","1,8","< 0,013","77,1"
13201,"Ananas Victoria ou Queen Victoria, chair sans peau, crue, prélevé à La Réunion","Queen Vicoria ananas, flesh, raw, sampled in the island La Réunion",02,0204,020406,"69,8",295,"0,94","15,1","14,9","< 0,3","< 0,01","2,4","< 0,013","81,3"
13202,"Papaye Colombo (fruit mûr), chair sans peau, sans pépins, crue, prélevée à La Réunion (Carica papaya L.)","Colombo Papaya (fruit), mature,flesh without skin, without seeds, raw, sampled in the island La Réunion (Carica papaya L.)",02,0204,020406,38,160,"0,56","7,88","7,7","< 0,3","< 0,01","2,2","< 0,013","88,6"
13203,"Rhubarbe, tige, cuite","Rhubarb, stalk, cooked",02,0204,020402,"18,8","79,2","0,94","1,35","1,3","< 0,5","< 0,15","2,3",< 2,94
13204,"Compote de pêche, préemballée","Peach compote, prepacked",02,0204,020402,106,449,"0,63","24,9","24,3","0,1","0,000033","1,65","0,02",-
13205,"Compote d'abricot, préemballée","Apricot compote, prepacked",02,0204,020402,103,436,"0,72","24,1","23,3","0,1","0,04","1,47","0,022","67,5"
13206,"Compote de rhubarbe, préemballée","Rhubarb compote, prepacked",02,0204,020402,111,469,"0,57","25,8","24,4","0,067","0,000033","2,38","0,025",-
13207,"Dessert de fruits, tout type de fruits (en taux de sucres : compotes allégées en sucres < desserts de fruits < compotes), préemballé, rayon frais","Fruits dessert, all types (sugar content is less than fruits compote but more than fruits compote reduced sugar), prepacked, refrigerated",02,0204,020402,"77,3",327,"0,35","17,7","17,1","0,22","0,049","1,78","0,0021",-
13208,"Spécialité de fruits divers, sucrée (mélange chairs et/ou purées de fruits, mais toujours avec autre ingrédient), préemballée, rayon frais","Stewed fruits, sweetened (pulp or mixed fruits, with sugar(s), but always with other ingredient), prepacked, refrigerated",02,0204,020402,"79,2",335,"0,36","18,2","17,1","0,22","0,061","1,87","0,0051",-
13209,"Spécialité de fruits, tout type de fruits, sans sucres ajoutés (mélange chairs et/ou purées de fruits, mais toujours avec autre ingrédient), préemballée, rayon frais","Stewed fruits, no added sugars (pulp or mixed fruits, but always with other ingredient), prepacked, refrigerated",02,0204,020402,"55,6",235,"0,38","12,2","11,2","0,3","0,1","1,8","0,0061",-
13210,"Purée de fruits, tout type de fruits, type ""compote sans sucres ajoutés"", préemballée, rayon frais","Stewed fruits, no added sugars (pulp or mixed fruits,), prepacked, refrigerated",02,0204,020402,"58,7",248,"0,43","12,7","11,5","0,29","0,064","2,02","0,0039",-
13211,"Compote, autres fruits, préemballée","Other fruit compote, prepacked",02,0204,020402,101,429,"0,25","23,9","23,1","0,072","0,028",2,"< 0,013","73,1"
13212,"Compote de pomme, sans précision sur la teneur en sucres ni sur le rayon (aliment moyen)","Apple compote, sugar content and temperature unknown, prepacked (average)",02,0204,020402,"93,5",396,"0,25","22,4",20,"0,2","0,025","1,46","0,023","76,1"
13213,"Dessert de fruits, tout type de fruits (en taux de sucres : compotes allégées en sucres < desserts de fruits < compotes), préemballé, sans précision sur le rayon (aliment moyen)","Fruits dessert, all types (sugar content is less than fruits compote but more than fruits compote reduced sugar), prepacked (average)",02,0204,020402,"84,4",357,"0,34","19,4","17,3","0,22","0,044","1,88","0,0037",-
13214,"Purée de fruits, tout type de fruits, type ""compote sans sucres ajoutés"", sans précision sur le rayon (aliment moyen)","Stewed fruits, no added sugars (pulp or mixed fruits,), prepacked (average)",02,0204,020402,"56,4",239,"0,25","13,3","11,3","0,15","0,005","1,7","0,0063","84,2"
13215,"Spécialité de fruits, tout type de fruits, (mélange chairs et/ou purées de fruits, mais toujours avec autre ingrédient), sans précision sur la teneur en sucres ni sur le rayon (aliment moyen)","Stewed fruits, sugar content unknown (pulp or mixed fruits, w or without sugar, but always with other ingredient), prepacked (average)",02,0204,020402,"72,7",308,"0,28","16,5","15,1","0,41","0,18","1,71","0,011",-
13395,Raisin cru (aliment moyen),"Grape, raw (average)",02,0204,020401,71,301,"0,7","16,3","15,4","0,25","0,025","1,11","< 0,0094","81,2"
13396,"Pomme, chair sans peau, crue (aliment moyen)","Apple, flesh without skin, raw (average)",02,0204,020401,"51,3",217,"0,26","11,9","11,4","0,24","< 0,01","2,39","0,0064","85,2"
13397,"Poire, chair, crue (aliment moyen)","Pear, flesh without skin, raw (average)",02,0204,020401,"49,7",209,"0,25","11,4","9,4","< 0,5","< 0,01","3,1","< 0,013",85
13398,"Pêche, chair sans peau, sans noyau, crue (aliment moyen)","Peach, flesh without skin, pitted, raw (average)",02,0204,020401,"44,4",189,"0,67","9,74","7,66","< 0,5","< 0,01","1,03","< 0,013","87,7"
13399,"Nectarine ou brugnon, chair et peau, sans noyau, crue (aliment moyen)","Nectarine, flesh and skin, pitted, raw (average)",02,0204,020401,"49,5",210,"0,74","11,3","8,84","< 0,5","< 0,01","0,47","< 0,013","86,6"
13400,"Abricot pays, chair et peau, sans noyau, au sirop, appertisé, non égoutté, prélevé à la Martinique","Mammee, flesh and skin, pitted, canned in syrup, solids and liquids, sampled in the island of La Martinique",02,0204,020405,-,-,"0,28","13,3","7,3","0,1",-,"1,8",-,"84,5"
13401,"Abricot pays, chair et peau, sans noyau, cru, prélevé à la Martinique","Mammee, flesh and skin, pitted, raw, sampled in the island of La Martinique",02,0204,020405,-,-,"0,48","10,8","3,7","0,05",-,"3,1",-,"85,4"
13402,"Ananas, chair sans peau, cru , prélevé à la Martinique","Pineapple, flesh without skin, raw, sampled in the island of La Martinique",02,0204,020405,-,-,"0,56",-,-,0,-,-,-,"83,4"
13403,"Caïmite (ou pomme étoile ou pomme de lait), chair sans peau, cru, prélevé à la Martinique","Star apple or milk truit, flesh without skin, raw, sampled in the island of La Martinique",02,0204,020405,-,-,"0,31",-,-,"2,87",-,-,-,"80,3"
13404,"Cerise acérola, chair et peau, sans noyau, crue, prélevée à la Martinique","Acerola, flesh and skin, pitted, raw, sampled in the island of La Martinique",02,0204,020405,-,-,"0,56",-,-,"0,097",-,-,-,"93,1"
13405,"Chadèque, chair sans peau, sans pépins, cru, prélevé à la Martinique","Shaddock, flesh without skin, without seeds, raw, sampled in the island of La Martinique",02,0204,020405,-,-,"0,48",-,-,"0,3",-,-,-,"90,6"
13406,"Chips d'abricot pays, prélevé à la Martinique","Mammee, crisps, sampled in the island of La Martinique",02,0204,020405,-,-,"0,96","68,7","33,3","18,7",-,"6,2",-,"5,13"
13407,"Goyave, chair sans peau, purée, prélevée à la Martinique","Guava, flesh without skin, mashed, sampled in the island of La Martinique",02,0204,020405,-,-,"0,83",-,-,"0,0067",-,-,-,"88,5"
13408,"Jus de carambole, prélevé à la Martinique, jus filtré","Star fruit juice, filtered, sampled in the island of La Martinique",02,0204,020405,-,-,-,-,-,"0,15",-,-,-,"91,6"
13409,"Jus de carambole, prélevée à la Martinique, jus non filtré","Star fruit juice, not filtered, sampled in the island of La Martinique",02,0204,020405,-,-,"0,063",-,-,"0,03",-,-,-,"90,4"
13410,"Jus de citron punch (variété petit calibre), pur jus, prélevé à la Martinique","Punch lemon juice (small grade), pure juice, sampled in the island of La Martinique",02,0204,020405,-,-,"0,48",-,-,"0,14",-,-,-,92
13411,"Jus de citron vert (variété gros calibre), pur jus, prélevé à la Martinique","Green lemon juice (big grade), pure juice, sampled in the island of La Martinique",02,0204,020405,-,-,"0,69",-,-,"0,46",-,-,-,"91,4"
13412,"Jus de corossol, prélevé à la Martinique","Soursop juice, sampled in the island of La Martinique",02,0204,020405,-,-,"0,65",-,-,"0,43",-,-,-,84
13413,"Jus de fruit de la passion ou maracudja, prélevé à la Martinique, pur jus","Passion fruit juice, pure juice, sampled in the island of La Martinique",02,0204,020405,-,-,"1,08",-,-,"0,37",-,-,-,"84,4"
13414,"Jus de grenade, prélevée à la Martinique","Pomegranate, juice, sampled in the island of La Martinique",02,0204,020405,-,-,"0,69",-,-,0,-,-,-,87
13415,"Jus de lime, pur jus, prélevé à la Martinique","Lime juice, pure juice, sampled in the island of La Martinique",02,0204,020405,-,-,"0,35",-,-,"0,57",-,-,-,"92,4"
13416,"Jus de mandarine commune, pur jus filtré pasteurisé, prélevée à la Martinique","Common mandarin juice, pure juice, filtered, pasteurized, sampled in the island of La Martinique",02,0204,020405,"37,6",160,-,"9,4","9,4",0,-,"< 0,5",-,-
13417,"Jus de mandarine commune, pur jus filtré, prélevée à la Martinique","Common mandarin juice, pure juice, filtered, sampled in the island of La Martinique",02,0204,020405,"42,1",178,"0,61","8,63","8,63","0,57",-,"< 0,5",-,90
13418,"Jus de mandarine macaque, pur jus filtré, prélevée à la Martinique","Macaque mandarin, pure juice, filtered, sampled in the island of La Martinique",02,0204,020405,"45,5",194,"0,6","10,8","3,87",0,-,"< 0,5",-,"88,2"
13419,"Jus de moubin, pur jus, prélevé à la Martinique","Moubin, pure juice, sampled in the island of La Martinique",02,0204,020405,-,-,"0,88",-,-,"0,19",-,-,-,"85,5"
13420,"Jus de pamplemousse (variété locale), pur jus, prélevé à la Martinique","Grapefruit (local variety), pure juice, sampled in the island of La Martinique",02,0204,020405,-,-,"0,42",-,-,"0,19",-,-,-,"92,3"
13421,"Jus de prune de cythère verte ""géante"" (variété locale), fruit mûr, pur jus filtré, prélevée à la Martinique","Prune de cythère or pomme cythere or golden apple (local variety), giant, mature, pure juice, filtered, sampled in the island of La Martinique",02,0204,020405,"33,4",141,"0,29","7,13","4,34","0,19",-,1,-,"91,1"
13422,"Jus de prune de cythère verte ""géante"" (variété locale), fruit vert, pur jus filtré, prélevée à la Martinique","Prune de cythère or pomme cythere or golden apple (local variety), giant, green or immature, pure juice, filtered, from La Martinique",02,0204,020405,32,135,"0,44","6,55","0,03","0,28",-,"0,8",-,"91,7"
13423,"Jus de prune de cythère verte ""naine"" (variété hybride), fruit mûr, pur jus filtré, prélevée à la Martinique","Prune de cythère or pomme cythere or golden apple (hybrid variety), dwarf, mature, pure juice, filtered, from La Martinique",02,0204,020405,"46,4",196,"0,69","9,97","6,14","0,21",-,"0,9",-,"87,8"
13424,"Jus de prune de cythère verte ""naine"" (variété hybride), fruit vert, pur jus filtré, prélevée à la Martinique","Prune de cythère or pomme cythere or golden apple (hybrid variety), dwarf, green or immature, pure juice, filtered, from La Martinique",02,0204,020405,"31,9",135,"0,67","6,34","0,19","0,26",-,"0,8",-,"91,6"
13425,"Mandarine commune, chair sans peau, sans pépins, au sirop, appertisée, non égouttée, prélevée à la Martinique","Common mandarin, flesh without skin, without seeds, canned in syrup, solids and liquids, sampled in the island of La Martinique",02,0204,020405,-,-,-,"17,4","17,4",-,-,"0,7",-,-
13426,"Mango bassignac, chair sans peau, sans noyau, cru, prélevé à la Martinique","Mango bassignac, flesh without skin, raw, sampled in the island of La Martinique",02,0204,020405,-,-,"0,32","18,5",-,traces,-,"3,2",-,"77,3"
13427,"Mangue moussache, chair sans peau, sans noyau, crue, prélevé à la Martinique","Mango moussache, flesh without skin, pitted, raw, sampled in the island of La Martinique",02,0204,020405,-,-,"1,28","20,9",-,traces,-,2,-,"75,5"
13428,"Mangue julie, chair sans peau, sans noyau, crue, prélevée à la Martinique","Mangue julie, flesh without skin, pitted, raw, sampled in the island of La Martinique",02,0204,020405,-,-,"0,71","18,3",-,traces,-,"2,8",-,"77,8"
13429,"Mangue verte, chair sans peau, sans noyau, crue, prélevée à la Martinique","Green mango, flesh without skin, pitted, raw, sampled in the island of La Martinique",02,0204,020405,-,-,"1,31","12,2",-,traces,-,"3,4",-,"82,1"
13430,"Melon, chair sans peau, sans pépins, cru, prélevé à la Martinique","Melon, flesh without skin, without seeds, raw, sampled in the island of La Martinique",02,0204,020405,-,-,"1,08",-,-,"0,047",-,-,-,87
13431,"Orange (variété locale), chair sans peau, sans pépins, prélevée à la Martinique","Orange (local variety), flesh without skin, without seeds, raw, sampled in the island of La Martinique",02,0204,020405,-,-,"0,6",-,-,"0,67",-,-,-,"90,2"
13432,"Orange amère, chair sans peau, sans pépins, crue, prélevée à la Martinique","Bitter orange, flesh without skin, without seeds, raw, sampled in the island of La Martinique",02,0204,020405,-,-,"0,73",-,-,"0,43",-,-,-,"91,6"
13433,"Pastèque, chair sans peau, sans pépins, crue, prélevée à la Martinique","Watermelon, flesh without skin, without seeds, raw, sampled in the island of La Martinique",02,0204,020405,-,-,"0,77",-,-,"0,26",-,-,-,"91,5"
13434,"Pomme cajou, chair et peau, crue, prélevée à la Martinique","Cashew apple,flesh and skin,, raw, sampled in the island of La Martinique",02,0204,020405,-,-,"0,79",-,-,"0,11",-,-,-,"88,5"
13435,"Pomme cannelle, chair sans peau, sans pépins, crue, prélevée à la Martinique","Sugar apple, flesh without skin, without seeds, raw, sampled in the island of La Martinique",02,0204,020405,-,-,"1,48",-,-,"0,57",-,-,-,"67,2"
13436,"Pomme d'eau ou pomme malaca, chair sans peau, sans noyau, crue, prélevée à la Martinique","Pomme d'eau or malaca apple, flesh without skin, pitted, raw, sampled in the island of La Martinique",02,0204,020405,-,-,"0,44",-,-,"0,023",-,-,-,"91,1"
13437,"Pomme liane, chair sans peau, avec pépins, crue, prélevée à la Martinique","Pomme liane, flesh without skin, with seeds, raw, sampled in the island of La Martinique",02,0204,020405,-,-,"0,88",-,-,"0,22",-,-,-,"82,6"
13438,"Prune de cythère, chair et peau, avec pépins, mûre, crue, prélevée à la Martinique","Prune de cythère, or pomme cythere or golden apple, mature, flesh and skin, with seeeds, raw, sampled in the island of La Martinique",02,0204,020405,-,-,"0,54",-,-,"0,03",-,-,-,"86,5"
13439,"Prune de cythère, chair et peau, avec pépins, verte ou immature, crue, prélevée à la Martinique","Prune de cythère or pomme cythere or golden apple, green or immature, flesh and skin, with seeeds, raw, sampled in the island of La Martinique",02,0204,020405,-,-,"0,6",-,-,"0,07",-,-,-,"89,6"
13440,"Fruit du jacquier ou jacque, chair sans peau, cru, prélevé à la Martinique","Jacques, pulp, flesh without skin, raw, sampled in the island of La Martinique",02,0204,020405,-,-,"1,98",-,-,"0,21",-,-,-,"69,9"
13499,"Fruit du jacquier ou jacque, chair sans peau, cru","Jackfruit, flesh without skin, raw",02,0204,020401,-,-,"1,72","20,6","19,1","0,64","0,2","1,5","0,005","73,5"
13523,"Datte du désert, chair et peau, sans noyau, crue","Desert date, flesh and skin, pitted, raw",02,0204,020401,-,-,"1,5","31,3","31,3","0,1","0,04","3,6","0,018","60,7"
13529,"Dourian ou durian, chair sans peau, sans noyau, cru","Durian, flesh without skin, pitted, raw",02,0204,020401,-,-,"1,47","23,3",-,"5,33",-,"3,8","0,005",65
13547,"Kaki de brousse, fruit, cru","Persimmon, from bush, fruit, raw",02,0204,020401,-,-,"0,58","17,1","12,5","0,19","0,02","3,6","0,0025","80,3"
13549,"Kumquat, chair et peau, sans pépin, cru","Kumquat, flesh and skin, without seeds, raw",02,0204,020401,-,-,"1,88","9,6","9,36","0,86","0,1","6,5","0,025","80,9"
13552,"Longan, chair sans peau, sans noyau, cru","Longan, flesh without skin, pitted, raw",02,0204,020401,-,-,"1,31",14,-,"0,1",-,"1,1",0,"82,8"
13564,"Nèfle du Japon, chair et peau, sans noyau, crue","Loquat, flesh and skin, pitted, raw",02,0204,020401,"48,1",204,"0,43","9,9","6,1","0,2","0,04","1,7","0,0025","86,7"
13583,"Prune violette, sans noyau, crue","Black plum, pitted, raw",02,0204,020401,"46,4",196,"0,8","9,6","9,6","0,1",-,"1,94","0,002",86
13614,"Pamplemousse chinois, chair sans peau, sans pépins, cru","Pummelo, flesh without skin, without seeds, raw",02,0204,020401,"38,4",163,"0,76","7,14",-,"0,04",-,1,"0,0025","89,1"
13620,"Pomme Golden, chair et peau, crue","Apple, var. Golden, flesh and skin,, raw",02,0204,020401,"54,1",229,"0,25","12,8","11,5","< 0,5","< 0,01","1,4","< 0,013","85,1"
13621,"Raisin noir Muscat, cru","Grape, red, Muscat, raw",02,0204,020401,"86,6",367,"0,69",20,"19,6","< 0,5","< 0,01","2,7","< 0,013","76,7"
13623,"Abricot, dénoyauté, sec, moelleux (réhydraté à 35-45%)","Apricot, pitted, dried, rehydrated to 35-45% water",02,0204,020404,200,846,"2,31","51,1","29,9","0,4","0,16","3,5","< 0,013","39,3"
13704,"Abricot au sirop (sans précision sur léger ou classique), appertisé, égoutté (aliment moyen)","Apricot, canned in syrup (sugar content unknown), drained (average)",02,0204,020403,"67,9",288,"0,59","15,5","14,9","< 0,5",-,"1,4","0,029","81,4"
13705,"Macédoine ou cocktail ou salade de fruits, au sirop (sans précision sur léger ou classique), appertisé, égouttée (aliment moyen)","Fruit cocktail or salad, canned in syrup (sugar content unknown), drained (average)",02,0204,020403,"64,9",275,"0,25","15,2",13,"< 0,5",-,2,"< 0,013",82
13706,"Macédoine ou cocktail ou salade de fruits, au sirop, appertisé, égoutté","Fruit cocktail or salad, canned in syrup, drained",02,0204,020403,"71,3",302,"0,25","16,8","13,8","< 0,5",-,"2,1","< 0,013","80,4"
13707,"Macédoine ou cocktail ou salade de fruits, au sirop, appertisé, non égoutté","Fruit cocktail or salad, canned in syrup, solids and liquids",02,0204,020403,"74,8",317,"0,25","17,8","14,3","< 0,5",-,"1,26","0,003","79,9"
13708,"Macédoine ou cocktail ou salade de fruits, au sirop léger, appertisé, égoutté","Fruit cocktail or salad, canned in light syrup, drained",02,0204,020403,"59,1",250,"0,25","13,7","12,2","< 0,5",-,"1,9","< 0,013","83,5"
13709,"Macédoine ou cocktail ou salade de fruits, au sirop léger, appertisé, non égoutté","Fruit cocktail or salad, canned in light syrup, solids and liquids",02,0204,020403,"59,7",253,"0,25",14,"12,3","0,061","0,009","1,18","0,0026",84
13712,"Abricot au sirop léger, appertisé, égoutté","Apricot, canned in light syrup, drained",02,0204,020403,"61,1",259,"0,94","13,5","13,1","< 0,5",-,"1,4","0,024",83
13713,"Abricot au sirop léger, appertisé, non égoutté","Apricot, canned in light syrup, solids and liquids",02,0204,020403,"62,5",265,"0,81",14,14,"0,043","0,003","0,83","0,025","83,5"
13714,"Abricot au sirop, appertisé, égoutté","Apricot, in syrup, canned, drained",02,0204,020403,"69,6",295,"0,5",16,"15,3","< 0,5",-,"1,4","0,03",81
13715,"Abricot au sirop, appertisé, non égoutté","Apricot, in syrup, canned, solids and liquids",02,0204,020403,"69,7",296,"0,29","16,3","15,1","< 0,5",-,"0,81","0,03","81,4"
13716,"Ananas au jus d'ananas, appertisé, égoutté","Pineapple, in pineapple juice, canned, drained",02,0204,020403,56,237,"0,25","12,9","12,8","< 0,5",-,"1,4","< 0,0025","84,5"
13717,"Ananas au jus d'ananas, appertisé, non égoutté","Pineapple, in pineapple juice, canned, solids and liquids",02,0204,020403,55,234,"0,25","12,9","12,6","< 0,5",-,"0,92","0,00049","84,9"
13718,"Ananas au sirop léger, appertisé, égoutté","Pineapple, in light syrup, canned, drained",02,0204,020403,"65,8",279,"0,25","15,3","15,3","< 0,5",-,"1,6","0,0048",82
13719,"Ananas au sirop léger, appertisé, non égoutté","Pineapple, in light syrup, canned, solids and liquids",02,0204,020403,"66,5",282,"0,25","15,6","15,6","0,078","0,009","1,01","0,0047","82,4"
13724,"Litchi, chair sans peau, sans noyau,  au sirop léger, appertisé, égoutté","Litchi, flesh without skin, pitted, in light syrup, canned, drained",02,0204,020403,"62,8",266,"0,63","14,3",14,"0,19","0,055","1,1",< 2,"83,4"
13730,"Pêche, sans noyau, au sirop léger, appertisée, égouttée","Peach, pitted, canned in light syrup, drained",02,0204,020403,59,250,"0,5","13,5","13,1","< 0,5",-,"1,5","< 0,013","83,9"
13731,"Pêche, sans noyau, au sirop léger, appertisée, non égouttée","Peach, pitted, canned in light syrup, solids and liquids",02,0204,020403,60,255,"0,31",14,"12,9","0,038","0,003","0,92","0,0022","84,3"
13734,"Poire au sirop léger, appertisée, égouttée","Pear, canned in light syrup, drained",02,0204,020403,"63,9",270,"0,25","13,9","11,5","0,4",-,"2,6","< 0,013","82,3"
13735,"Poire au sirop léger, appertisée, non égouttée","Pear, canned in light syrup, solids and liquids",02,0204,020403,"62,6",265,"0,3","14,5","12,8","0,12","0,002","1,23","0,013","83,7"
13742,"Melon miel ou melon honeydew, chair sans peau, sans pépins, cru","Melon, honeydew, flesh without skin, without seeds, raw",02,0204,020401,"22,2","93,9","0,54","4,3","4,25","0,14","0,038","0,8","0,045","89,8"
13996,Fruit séché (aliment moyen),"Fruit, dried (average)",02,0204,020404,267,1130,"2,13","61,3","52,1","0,56","0,21","6,43","0,068","26,6"
13997,"Fruits rouges, crus (framboises, fraises, groseilles, cassis)","Red berries (raspberries, strawberries, red currants, black currants), raw",02,0204,020401,-,-,1,7,"6,99","0,5",0,"4,5","0,01","85,1"
13998,"Coulis de fruits rouges (framboises, fraises, groseilles, cassis)",Red fruit sauce,10,1001,100103,124,527,"0,63","27,7","27,6","0,5","0,23","1,8",< 2,"70,1"
13999,Fruit cru (aliment moyen),"Fruit, raw (average)",02,0204,020401,"56,6",239,"0,69","12,1","10,4","0,26","0,02","1,98","0,0088","84,3"
14000,"Chevreuil, viande rôtie/cuite au four","Venison, roebuck, roasted/baked",04,0401,040106,174,732,"32,6",0,0,"4,8","1,25",0,"0,17",61
14002,"Sanglier, viande crue","Wild boar, raw",04,0402,040206,150,630,"21,5",0,traces,"7,14","2,62",0,"0,21","71,1"
14003,"Sanglier, viande rôtie/cuite au four","Wild boar, roasted/baked",04,0401,040106,153,643,"28,3",0,0,"4,38","1,3",0,"0,15","63,9"
14004,"Lièvre, viande crue","Hare, meat, raw",04,0402,040206,111,466,"21,6",0,0,"2,67","0,98",0,"0,15","73,3"
14005,"Chevreuil, viande crue","Venison, roebuck, raw",04,0402,040206,110,465,23,0,0,2,1,0,"0,053",-
14006,"Cerf, viande crue","Venison, hart, raw",04,0402,040206,114,480,23,0,0,"2,42","0,95",0,"0,13","73,6"
14007,"Cerf, viande rôtie/cuite au four","Venison, hart, roasted/baked",04,0401,040106,150,632,"30,2",0,0,"3,19","1,25",0,"0,14","65,2"
14008,"Gibier à poil, cuit (aliment moyen)","Game, cooked (average)",04,0401,040106,160,674,"30,2",0,0,"4,36","1,26",0,"0,15","62,8"
15000,"Amande, avec peau, sans sel ajouté","Almond, with peel, no added salt",02,0205,000000,615,2540,"22,6","9,51","4,2","51,3","4,11","12,5","< 0,013","4,8"
15001,"Cacahuète, sans sel ajouté","Peanut, no added salt",02,0205,000000,623,2580,"26,1","14,8","5,9","49,1","8,4","8,6","0,022","2,2"
15002,"Cacahuète, grillée, salée","Peanut, grilled, salted",02,0205,000000,635,2630,"26,2","14,2","4,25","50,8","8,63","8,08","1,26","1,22"
15004,"Noisette, sans sel ajouté","Hazelnut, no added salt",02,0205,000000,632,2610,17,"7,16","4,9","56,9","4,75","11,6","< 0,013","7,3"
15005,"Noix, cerneau, séchée","Walnut, kernel, dried",02,0205,000000,709,2930,"15,7","6,88",3,"67,3","6,45","6,7","< 0,13",4
15006,"Noix de coco, chair, fraîche","Coconut, pulp, fresh",02,0205,000000,369,1520,"4,09","4,69","4,69","34,7","30,3","10,6","0,048","45,5"
15007,"Noix de coco, chair, sèche","Coconut, pulp, dried",02,0205,000000,692,2850,"8,06","7,81","6,93","66,8","60,6","13,7","0,076",3
15008,"Noix du Brésil ou noix d'Amazonie, sans sel ajouté","Brazil nut, no added salt",02,0205,000000,701,2890,"16,4","4,23","2,33","67,1","16,1","7,5","0,0075","3,42"
15009,"Pistache, grillée, salée","Pistachio nut, grilled, salted",02,0205,000000,617,2550,"22,3","15,9","7,57","49,5","6,58","9,32","1,67","2,09"
15010,"Sésame, graine",Sesame seed,02,0205,000000,606,2510,"20,9","12,8","0,3","49,7","6,96","11,8","< 0,1","3,48"
15011,"Tournesol, graine","Sunflower, seed",02,0205,000000,653,2700,"25,1","10,1","2,62","55,5","6,23","6,4","0,023","3,38"
15013,"Crème de marron ou confiture de châtaigne, préemballée","Chestnut cream, prepacked",07,0704,000000,278,1180,"1,12","65,9","51,5","0,66","0,13","2,28","0,014","32,8"
15014,"Noix de coco, amande immature, fraîche","Coconut, immature kernel, fresh",02,0205,000000,360,1480,"3,93","6,22","6,22","33,5","29,7",9,"0,05",47
15015,"Purée de marrons, appertisée","Chestnut puree, canned",02,0205,000000,102,433,"2,69","22,8",-,-,-,-,"0,0026","74,4"
15017,Mélange apéritif de graines salées et fruits séchés,Mix of salted nuts and dried fruit,02,0205,000000,583,2420,"19,9","23,7","23,7","44,1","4,18","5,86","2,14",-
15018,Mélange apéritif de graines salées et raisins secs,Mix of salted nuts and raisins,02,0205,000000,561,2330,"19,6","27,1","21,6","39,6","4,98","8,4","0,42","5,3"
15019,"Noix de cajou, grillée, salée","Cashew nut, grilled, salted",02,0205,000000,632,2620,18,"26,7","8,01","49,5","10,5","3,85","1,15","1,51"
15020,"Châtaigne, bouillie/cuite à l'eau","Chestnut, boiled/cooked in water",02,0205,000000,123,518,"2,36",23,traces,"1,38","0,26","4,5","0,068","68,2"
15021,"Châtaigne, grillée","Chestnut, grilled",02,0205,000000,211,893,"3,94","41,1","11,3","1,7","0,27","7,1",< 2,"44,4"
15024,"Châtaigne, crue","Chestnut, raw",02,0205,000000,189,795,"2,39","36,8","7,92","1,76","0,33","8,1","0,0063","50,3"
15025,Pignon de pin,Pine nut,02,0205,000000,712,2930,"16,2","2,93","1,83","68,4","4,9",10,"0,023","2,45"
15026,"Noix de pécan, sans sel ajouté","Pecan nut, no added salt",02,0205,000000,727,3000,"10,8","4,25","3,81",72,"6,18","9,6",0,"3,52"
15027,"Noix de macadamia, sans sel ajouté","Macadamia nut, no added salt",02,0205,000000,757,3120,"9,33","5,22","4,24","75,8","12,1","8,6","0,013","1,36"
15029,"Graine germée de luzerne, crue","Alfalfa seeds, sprouted",02,0201,020101,"29,2",122,"3,99","0,81","0,2","0,69","0,069","1,9","0,015","92,8"
15030,"Graine germée de radis, fraîche, crue","Radish seeds, sprouted, fresh, raw",02,0201,020101,-,-,"3,81",-,-,"2,53","0,77",-,"0,015","90,1"
15032,"Luzerne, graine","Alfalfa, seeds",02,0205,000000,426,1790,35,"39,3",-,"12,6",-,"7,9",-,"7,4"
15033,"Noisette grillée, sans sel ajouté","Hazelnut, grilled, no added salt",02,0205,000000,684,2820,17,"8,81","4,89","62,4","4,51","9,4",-,"2,52"
15034,"Lin, graine","Flaxseed, seed",02,0205,000000,528,2180,"22,4","6,49","1,64","40,3","4,26","24,4","0,1","6,1"
15035,"Sésame, graine décortiquée","Sesame seed, husked",02,0205,000000,620,2570,"24,1","10,3","0,48",51,"7,9","11,6","0,12","3,75"
15037,"Cacahuète, grillée à sec, salée","Peanut, dry-grilled, salted",02,0205,000000,615,2550,"24,8","17,9","3,7","47,7",7,"7,4","1,8","2,3"
15038,"Sésame, grillé, graine décortiquée","Sesame seed, grilled, husked",02,0205,000000,582,2410,20,"9,14","0,48",48,"6,72","16,9","0,098",5
15039,"Châtaigne ou marron, appertisé","Chestnut, canned",02,0205,000000,145,613,"2,31","28,8","3,9","1,4","0,4",4,"0,13","62,7"
15041,"Amande, émondée, sans sel ajouté","Almond, peeled, no added salt",02,0205,000000,631,2610,"25,8","8,76","4,63","52,5","3,95","9,9","0,048","4,51"
15042,"Amande, grillée, salée","Almond, grilled, salted",02,0205,000000,647,2680,"24,1","12,2","3,94","53,9","5,68","8,46","0,95","2,41"
15043,"Noix de macadamia, grillée, salée","Macadamia nut, grilled, salted",02,0205,000000,724,2980,"8,3","9,95","4,4","70,2",11,"9,5","0,9","1,61"
15044,"Pistache, grillée, sans sel ajouté","Pistachio nut, grilled, no added salt",02,0205,000000,631,2610,"21,7","14,9","7,75","51,6","6,45","10,2","0,012","1,85"
15045,"Tournesol, graine, grillé, salé","Sunflower seed, grilled, salted",02,0205,000000,626,2590,25,"12,7","3,3",51,"2,2","8,3","2,63","1,2"
15046,"Noix de pécan, salées","Pecan nut, salted",02,0205,000000,731,3010,12,5,"4,9",73,"7,1",3,1,-
15047,"Chia, graine, séchée","Chia, seed, dried",02,0205,000000,454,1880,"19,5","7,72",-,"30,7","3,33","34,4","0,04","5,8"
15048,"Mélange apéritif de graines et fruits séchés, sans sel ajouté","Mix of nuts and dried fruit, no added salt",02,0205,000000,493,2060,"9,78",51,7,"26,3","5,07","6,36","0,3",-
15049,"Mélange apéritif de graines et raisins secs, sans sel ajouté","Mix of nuts and raisins, no added salt",02,0205,000000,541,2250,"14,8","31,8","29,4","37,2","4,96","9,6","0,018","6,1"
15050,"Noisette grillée, salée","Hazelnut, grilled, salted",02,0205,000000,664,2740,"15,8","7,67","2,91","61,2","6,43","9,43","0,83",-
15052,"Lin, brun, graine","Flaxseed, brown, seed",02,0205,000000,533,2200,"21,3","3,56","1,4","42,2","4,61","26,9","0,095","5,8"
15053,"Cacahuète, grillée, sans sel ajouté","Peanut, grilled, no added salt",02,0205,000000,644,2670,"26,9","14,4","6,01","51,9","6,01","5,7",< 2,"2,1"
15054,"Noix de cajou, grillée, sans sel ajouté","Cashew nut, grilled, no added salt",02,0205,000000,618,2560,"20,5","21,3","6,64","48,1","8,24","8,4","0,015","1,7"
15055,"Noix de cajou, grillée à sec, sans sel ajouté","Cashew nut, dry-grilled, no added salt",02,0205,000000,630,2610,"20,5","23,5","6,63",49,"8,87","5,7","0,02","1,3"
15057,"Cacahuète, grillée, aromatisée","Peanut, grilled, flavoured",02,0205,000000,598,2480,"26,1","14,6","3,62","46,6","8,73","7,8","1,92",-
15058,Cacahuète caramélisée ou chouchou,Candied peanut,07,0703,000000,544,2270,"14,8","51,4","44,7","29,7","3,95","6,1","0,013",-
15059,"Mélange apéritif de graines grillées, salées","Mix of nuts, grilled, salted",02,0205,000000,637,2630,"21,3","9,69","4,55","54,7","8,91","10,5","0,95",-
15062,"Amande, grillée, salée, goût fumé","Almond, grilled, salted, smoked",02,0205,000000,629,2600,"22,5","9,01","4,56",54,"4,31","8,25","1,23",-
15063,"Chanvre ou chènevis, graine décortiquée","Hemp, seed, hulled",02,0205,000000,617,2560,"37,2","5,38","1,5","48,8","4,6",4,"0,013","4,96"
15064,"Courge, graine, séchée","Pumpkin and squash, seed, dried",02,0205,000000,618,2560,"35,6","5,39","1,4","49,1","8,66",6,"0,018","5,23"
15065,"Fruits à coques et cacahuète, salé (aliment moyen)","Seeds and peanuts, dried, salted (average)",02,0205,000000,630,2610,"23,6","17,6","5,15","50,1","8,28","7,13","1,35","1,68"
15066,"Fruits à coques et cacahuète, sans sel ajouté (aliment moyen)","Seeds and peanuts, dried, unsalted (average)",02,0205,000000,632,2610,"18,2","10,5","5,55",55,"5,89","10,7","0,0085","5,43"
15201,"Pâte d'amande, préemballée","Marzipan or almond paste, prepacked",07,0703,000000,432,1820,7,"70,3","60,1","13,5","1,05","2,8","0,018","6,6"
15202,Beurre de cacahuète ou pâte d'arachide,Peanut butter or peanut paste,02,0205,000000,643,2670,"25,4","17,3","10,5","51,4","10,1",5,"1,07","1,23"
15203,Tahin ou purée de sésame,Tahini (sesame paste),02,0205,000000,631,2610,"20,3","13,8","0,49","53,4","7,48",7,"0,19","3,03"
16030,Huile ou beurre de cacao,Cocoa butter,09,0902,000000,900,3700,0,0,0,100,"59,7",0,0,0
16040,"Huile ou graisse de coco, sans précision",Coconut fat or oil,09,0902,000000,897,3690,0,"0,41",0,"99,5","84,5",0,0,"0,03"
16050,"Huile ou graisse de coco, vierge","Coconut fat or oil, virgin",09,0902,000000,899,3700,"0,16",traces,0,"99,9","85,4",0,< 4,"0,09"
16060,"Huile ou graisse de coco (coprah), raffinée","Coconut fat or oil, refined",09,0902,000000,900,3700,0,0,traces,100,"86,5",0,0,0
16080,Matière grasse ou graisse végétale solide (type margarine) pour friture ou graisse à frire,"Solid vegetal fat (margarine type), for frying",09,0902,000000,898,3690,"0,25",0,traces,"99,8","94,6",0,"< 0,013","0,17"
16110,Huile ou beurre de karité,Shea butter or shea oil,09,0902,000000,900,3700,0,0,0,100,"46,6",0,0,0
16128,"Huile pour friture, sans précision",Frying oil,09,0902,000000,900,3700,0,0,0,100,"9,86",0,"< 0,013","< 0,03"
16150,"Huile de palme, raffinée","Palm oil, refined",09,0902,000000,900,3700,0,0,0,100,"49,3",0,0,0
16200,"Huile ou graisse de palmiste, sans précision",Palm kernel fat,09,0902,000000,900,3700,0,0,0,100,"81,5",0,0,0
16400,"Beurre à 80% MG minimum, doux","Butter, 80% fat minimum, unsalted",09,0901,000000,753,3100,"0,63","0,71","0,71",83,60,0,"0,035","15,4"
16401,Huile de beurre ou beurre concentré,Butter oil or concentrated butter,09,0901,000000,900,3700,"0,27",0,0,"99,9","61,9",0,"0,005","1,5"
16402,"Beurre à 80% MG, demi-sel","Butter, 80% fat minimum, half-salted",09,0901,000000,725,2980,"0,75","0,5","0,5",80,"56,5",0,"1,9","15,5"
16403,"Beurre à 80% MG, salé","Butter, 80% fat minimum, salted",09,0901,000000,732,3010,"0,5","0,68",traces,"80,8","52,9",0,"2,52","15,7"
16404,"Beurre à 80% MG minimum, doux, tendre","Butter, 82% fa  minimumt, unsalted, easy-to-spread",09,0901,000000,755,3100,"0,7","0,5",-,"83,4",-,0,"0,055","15,6"
16410,"Beurre à 60-62% MG, à teneur réduite en matière grasse, doux","Butter, 60-62% fat, light, unsalted",09,0901,000000,550,2260,"0,56","0,7","< 0,2","60,6","40,1",0,"0,045","37,7"
16411,"Beurre à 60-62% MG, à teneur réduite en matière grasse, demi-sel","Butter, 60-62% fat, light, half-salted",09,0901,000000,555,2280,"0,9","0,5","0,5",61,"39,6",0,"1,13",37
16412,"Beurre ou assimilé allégé (léger ou à teneur réduite en matière grasse), doux (aliment moyen)","Butter spread, reduced fat, unsalted (average)",09,0901,000000,367,1510,"0,34","3,7","1,04","39,1","25,2","< 1,04","0,4","56,3"
16413,"Beurre sans précision sur la teneur en matière grasse (allégé ou non), demi-sel (aliment moyen)","Butter, unknown fat content, half-salted (average)",09,0901,000000,712,2930,"0,75","0,53","0,51","78,6","55,3",0,"1,85","17,1"
16414,"Beurre ou assimilé sans précision sur la teneur en matière grasse, doux (aliment moyen)","Butter, unknown fat content, unsalted (average)",09,0901,000000,731,3010,"0,61","0,88","0,73","80,5",58,"< 0,06","0,056","17,7"
16415,"Beurre à 39-41% MG, léger, doux","Butter, light, 39-41% fat, unsalted",09,0901,000000,390,1610,"0,25","3,6","1,26","41,7","26,2",0,"0,45","54,1"
16416,"Beurre à 39-41% MG, léger, demi-sel","Butter, light, 39-41% fat, half-salted",09,0901,000000,376,1550,traces,4,"1,5",40,26,0,"1,38",51
16520,Saindoux,Lard or pork fat,09,0905,000000,900,3700,0,0,0,100,"39,2",0,0,0
16530,"Lard gras, cru","Pork fat, raw",09,0905,000000,810,3330,"2,92",0,0,"88,7","32,2",0,"0,028","7,69"
16540,Graisse de poulet,Chicken fat,09,0905,000000,898,3690,0,0,0,"99,8","29,8",0,0,"0,2"
16550,Graisse de canard,Duck fat,09,0905,000000,898,3690,0,0,0,"99,8","33,2",0,0,"0,2"
16560,Graisse d'oie,Goose fat,09,0905,000000,898,3690,0,0,0,"99,8","27,7",0,0,"0,2"
16570,Graisse de dinde,Turkey fat,09,0905,000000,898,3690,0,0,0,"99,8","29,4",0,0,"0,2"
16588,"Matière grasse tartinable à teneur en MG <= 41%, doux, aux stérols végétaux","Spreadable fat <= 41% fat, unsalted, with plant strols",09,0903,000000,-,-,"0,25","1,3","< 0,5",35,"7,8",0,"0,72",-
16589,"Matière grasse tartinable à teneur en MG > 62%, doux, riche en oméga 3","Spreadable fat > 62% fat, unsalted, rich in omega 3",09,0903,000000,616,2530,"0,00005","0,00005","0,00005","67,7",18,"3,6","0,26",-
16590,"Matière grasse tartinable à teneur en MG > 62%, doux, standard","Spreadable fat > 62% fat, unsalted, standard",09,0903,000000,650,2670,"0,022","0,089","0,089","72,1","32,6","0,13","0,54","26,5"
16591,"Matière grasse tartinable à teneur en MG > 41% et <= 62%, doux, standard","Spreadable fat > 41% fat and <= 62% fat, unsalted, standard",09,0903,000000,540,2220,"0,25","0,14","0,14",60,"16,2",0,"0,38","39,8"
16592,"Matière grasse tartinable à teneur en MG <= 41%, doux, standard","Spreadable fat <=  41% fat, unsalted, standard",09,0903,000000,366,1510,"1,44","2,94","1,37","38,6","17,5",0,"0,53","55,8"
16593,"Matière grasse tartinable à teneur en MG > 62%, demi-sel, standard","Spreadable fat > 62% fat, half-salted",09,0903,000000,630,2590,"0,25","< 0,5","< 0,5",70,17,0,"1,4","26,5"
16594,"Matière grasse tartinable à teneur en MG > 41% et <= 62%, demi-sel, standard","Spreadable fat > 41% fat and <= 62% fat, half-salted",09,0903,000000,516,2120,"0,00005","0,34","0,34","57,3","22,3",0,"1,53","36,9"
16595,"Matière grasse tartinable à teneur en MG > 41% et <= 62%, doux, aux stérols végétaux","Spreadable fat > 41% fat and <= 62% fat, unsalted, with plant sterols",09,0903,000000,547,2250,"0,25",0,traces,"60,8","14,6",0,"0,32","39,4"
16596,"Matière grasse tartinable à teneur en MG > 41% et <= 62%, doux, riche en oméga 3","Spreadable fat > 41% fat and <= 62% fat, unsalted, rich in omega 3",09,0903,000000,508,2090,"0,081","0,12","0,11","56,4","14,1","0,094","0,37","40,4"
16597,"Matière grasse tartinable à teneur en MG > 41% et <= 62%, demi-sel, riche en oméga 3","Spreadable fat > 41% fat and <= 62% fat, half-salted, rich in omega 3",09,0903,000000,506,2080,"0,0001","0,0001","0,0001","56,3","14,5",0,"1,4","44,2"
16598,"Matière grasse tartinable à teneur en MG <= 41%, demi-sel, aux stérols végétaux","Spreadable fat <= 41% fat, half-salted, with plant sterols",09,0903,000000,321,1320,"0,25","1,4","< 0,5",35,"7,8",0,"1,2",-
16599,"Matière grasse tartinable à teneur en MG <= 41%, doux, riche en oméga 3","Spreadable fat <= 41% fat, unsalted, rich in omega 3",09,0903,000000,308,1260,"0,00005","0,4",0,34,"8,7",0,"0,3",-
16600,"Matière grasse tartinable à teneur en MG <= 41%, demi-sel, standard","Spreadable fat <= 41% fat, half-salted, standard",09,0903,000000,356,1470,"0,75","2,8","1,25",38,17,0,"1,65","51,6"
16601,"Matière grasse tartinable, sans précision sur la teneur en matière grasse, doux, standard (aliment moyen)","Spreadable fat, fat % unknown, unsalted (average)",09,0903,000000,557,2290,"0,31","0,43","0,26","61,7","21,8","0,042","0,45","37,1"
16602,"Matière grasse tartinable, sans précision sur la teneur en matière grasse, demi-sel, standard (aliment moyen)","Spreadable fat, fat % unknown, half-salted (average)",09,0903,000000,502,2060,"0,12","0,66","0,45","55,5","21,2",0,"1,53","38,2"
16603,"Matière grasse tartinable, sans précision sur la teneur en matière grasse, doux, riche en oméga 3 (aliment moyen)","Spreadable fat, fat % unknown, unsalted, rich in omega 3 (average)",09,0903,000000,501,2060,"0,078","0,13","0,11","55,6","13,9","0,091","0,37","40,4"
16713,"Matière grasse laitière à 15-25% MG, légère, ""à tartiner"", doux, enrichie en vitamine(s)","Spreadable dairy fat 15-25% fat, light, spreadable, unsalted, fortified with vitamin(s)",09,0901,000000,197,815,"0,25","6,2","1,56","19,1","12,1",< 3,"0,63","73,6"
17001,Huile végétale (aliment moyen),Vegetable oil (average),09,0902,000000,899,3700,"0,18","0,032",0,"99,9","12,9",0,"0,01","0,056"
17020,Huile de noyaux d'abricot,Apricot kernel oil,09,0902,000000,900,3700,0,0,0,100,"6,3",0,0,0
17030,Huile d'amande,Almond oil,09,0902,000000,900,3700,0,0,0,100,"8,2",0,0,0
17040,Huile d'arachide,Peanut oil,09,0902,000000,899,3700,"0,25",0,0,"99,9","16,2",0,"< 0,013","0,08"
17100,Huile d'avocat,Avocado oil,09,0902,000000,900,3700,0,0,0,100,"17,9",0,0,0
17110,Huile de germe de blé,Wheat germ oil,09,0902,000000,900,3700,0,0,0,100,"18,8",0,0,0
17130,Huile de colza,Rapeseed oil,09,0902,000000,900,3700,0,0,0,100,"7,26",0,"< 0,0028",0
17170,Huile de coton,Cottonseed oil,09,0902,000000,900,3700,0,0,0,100,"25,9",0,0,0
17180,Huile de lin,Linseed oil,09,0902,000000,900,3700,0,"0,018",0,100,"8,98",0,0,0
17190,Huile de maïs,Maize/corn oil,09,0902,000000,900,3700,0,0,0,100,"12,9",0,0,0
17210,Huile de noisette,Hazelnut oil,09,0902,000000,900,3700,0,0,0,100,"8,34",0,0,0
17220,Huile de noix,Walnut oil,09,0902,000000,900,3700,0,0,0,100,10,0,0,0
17270,Huile d'olive vierge extra,"Olive oil, extra virgin",09,0902,000000,899,3700,"0,25",traces,0,"99,9","15,2",0,"< 0,013","0,1"
17325,Huile de pavot,Poppyseed oil,09,0902,000000,900,3700,0,0,0,100,"13,5",0,0,0
17350,Huile de pépins de raisin,Grapeseed oil,09,0902,000000,900,3700,0,0,0,100,"11,4",0,"< 0,013","< 0,03"
17390,Huile de son de riz,Rice bran oil,09,0902,000000,900,3700,0,0,0,100,"19,7",0,0,0
17400,Huile de sésame,Sesame oil,09,0902,000000,900,3700,0,0,0,100,"14,9",0,0,0
17420,Huile de soja,Soy oil,09,0902,000000,900,3700,0,0,0,100,"15,7",0,"< 0,0028",0
17440,Huile de tournesol,Sunflower oil,09,0902,000000,900,3700,"0,25",traces,0,100,"11,1",0,"0,025","< 0,03"
17630,Huile de foie de morue,Cod liver oil,09,0904,000000,900,3700,0,0,traces,100,"22,6",0,0,0
17640,Huile de sardine,Sardine oil,09,0904,000000,900,3700,0,0,0,100,"29,9",0,0,0
17645,Huile de saumon,Salmon oil,09,0904,000000,900,3700,0,0,0,100,-,0,0,0
17650,Huile de hareng,Herring oil,09,0904,000000,900,3700,0,0,0,100,"21,3",0,0,0
17700,Huile combinée (mélange d'huiles),Combined oil (blended vegetable oils),09,0902,000000,897,3690,0,"0,49",0,"99,5","10,3",0,"0,0061",traces
17701,"Huile combinée, mélange d'huile d'olive et de graines",Combined oil (mix of olive oil and seeds oil),09,0902,000000,900,3700,0,0,0,100,"12,1",0,0,0
17800,Huile de cameline,Camelina oil,09,0902,000000,-,-,0,0,0,-,-,0,-,0
17850,Huile de chanvre,Hemp oil,09,0902,000000,900,3700,0,"< 0,5","< 0,1",100,"10,5","< 0,5","< 0,001","< 0,1"
17900,Huile d'argan ou d'argane,Argan oil,09,0902,000000,889,3650,0,0,0,"98,7","17,6",0,-,0
18001,"Boisson gazeuse aromatisée, sans fruit, sans sucres ajoutés, avec édulcorants","Carbonated beverage or soft drink, without fruit , no added sugars and with sweetener(s)",06,0602,060203,"0,23","0,99","0,000022","0,063","0,054","0,000022","0,000021","< 0,1","0,013","99,5"
18003,"Café, moulu","Coffee, ground",06,0602,060207,341,1410,"13,9","20,3",-,"13,9",-,"39,7","0,097","3,47"
18004,"Café, non instantané, sans sucres ajoutés, prêt à boire","Coffee, non instant no added sugars, ready-to-drink",06,0602,060206,"5,78","24,5","0,25","1,35",traces,"0,018","0,002","< 0,5","0,0067","97,8"
18005,"Café, poudre soluble","Coffee, powder, instant",06,0602,060207,291,1230,"18,5","41,9",0,"1,1","0,2",20,"0,2","4,42"
18007,Cocktail ou boisson apéritive sans alcool à base de jus de fruits sans sirop,"Cocktail, alcohol-free (juices based cocktail without syrup)",06,0602,060203,"42,8",182,"0,033","10,7","9,85","0,035","0,000015","0,15","0,016",-
18009,"Eau minérale, embouteillée, faiblement minéralisée (aliment moyen)","Mineral sparkling water, bottled, lightly mineralized (average)",06,0601,000000,"0,0036","0,015",0,"0,00091",0,0,0,0,"0,0018",100
18010,"Limonade, sucrée","Lemonade, with sugar(s)",06,0602,060203,33,140,"0,000022","8,24","8,22","0,000021","0,000019","0,14","0,0049","90,5"
18011,Eau de coco,Coconut water,06,0602,060205,"11,8","49,8","0,25","3,33","2,48","< 0,3","< 0,01","< 0,5","0,051","95,7"
18012,"Boisson à l'eau minérale ou de source, aromatisée, sucrée","Bottled water, flavoured, with sugar(s)",06,0602,060203,"16,2","68,8","0,00046","4,05","3,96",traces,traces,"0,11","0,0039",-
18013,"Tonic ou bitter, sans sucres ajoutés, avec édulcorants","Tonic drink, no added sugars, with sweetener(s)",06,0602,060203,"0,2","0,85","0,00002","0,058","0,058","0,00002","0,00002","< 0,5","0,0025",-
18014,"Tonic ou bitter, sucré, avec édulcorants","Tonic drink, with sugar(s) and sweetener(s)",06,0602,060203,"22,2","94,1","0,000071","5,54","5,53","0,000063","0,00005",0,"0,000033",-
18015,"Boisson au thé, aromatisée, sucrée, avec édulcorants","Still soft drink with tea extract, with sugar(s) and sweetener(s)",06,0602,060203,"17,1","72,5","0,027","4,25","4,16","0,022","0,0043","0,083","0,025",-
18016,"Limonade, sucrée, avec édulcorants","Lemonade, with sugar(s) and with sweetener(s)",06,0602,060203,8,34,"0,00005",2,2,"0,0001","0,00005",0,"< 0,01",-
18017,"Sirop à diluer, sucré","Syrup, to be diluted, with sugar(s)",06,0602,060207,252,1070,"0,25","62,5","58,8","< 0,5",0,"< 0,5","0,017","36,2"
18018,"Cola, sucré","Cola, with sugar(s)",06,0602,060203,"40,1",170,"0,000026",10,10,"0,000023","0,000019","0,000057","0,0071","90,3"
18019,"Boisson gazeuse aux fruits (teneur en fruits >= 10% et < 50%), sucrée","Carbonated beverage or fruit soft drink , fruit content >= 10% and < 50%, with sugar(s)",06,0602,060203,"46,4",197,"0,028","11,3","9,47","0,0097","0,0097","0,043","0,008","88,2"
18020,"Thé infusé, sans sucres ajoutés","Tea, brewed, no added sugars",06,0602,060206,"0,4","1,7","0,1",0,0,0,0,0,"0,0041","99,7"
18021,"Boisson plate aux fruits (teneur en fruits < 10%), sans sucres ajoutés, avec édulcorants","Still soft drink, fruit content <10%, no added sugars and with sweetener(s)",06,0602,060203,"4,07","17,3","0,06","0,96","0,96",0,0,traces,"0,05",-
18022,"Tisane infusée ou infusion, sans sucres ajoutés","Infusion, brewed, no added sugars",06,0602,060206,"0,8","3,4",0,"0,2",0,0,0,0,"0,0025","99,7"
18023,"Boisson plate aux fruits (teneur en fruits < 10%), sucrée","Still soft drink, fruit content <10%, with sugar(s)",06,0602,060203,"25,6",109,"0,13","6,39","6,1","0,11","0,0091","0,004","0,012",-
18024,"Boisson plate aux fruits (teneur en fruits >= 10% et < 50%), sucrée, avec édulcorants","Still soft drink, fruit content >= 10% and < 50%, with sugar(s) and  with sweetener(s)",06,0602,060203,"23,3","99,1","0,06","5,83","5,4","0,06","0,013","< 0,5","0,0095",-
18025,"Kombucha, préemballé","Kombucha, prepacked",06,0602,060203,"6,61","28,2","0,25","1,45","1,45","< 0,3","< 0,01","< 0,5","0,0053","97,6"
18026,"Boisson gazeuse aromatisée, sans fruit, sucrée","Carbonated beverage or soft drink, without fruit, with sugar(s)",06,0602,060203,"34,5",147,"0,0016","8,28","8,28","0,043","0,013","0,017","0,0067","91,2"
18028,"Boisson à l'eau minérale ou de source, aromatisée, sans sucres ajoutés, sans édulcorants","Bottled water, flavoured, no added sugars and no sweetener(s)",06,0602,060203,"0,096","0,41","0,000026","0,026","0,0091","0,000026","0,000016","0,000029","0,024",-
18029,Boisson rafraîchissante sans alcool (aliment moyen),Non-alcoholic beverage (average),06,0602,060203,"27,9",119,"0,059","6,86","6,64","0,023","0,0082","0,06","0,013","92,2"
18030,"Boisson à l'eau minérale ou de source, aromatisée, sans sucres ajoutés, avec édulcorants","Bottled water, flavoured, no added sugars and with sweetener(s)",06,0602,060203,"0,0017","0,0071","0,0001","0,0001","0,0001","0,0001","0,0001","< 0,5","0,0001",-
18033,"Boisson gazeuse aux fruits (teneur en fruits < 10%), sucrée, avec édulcorants","Carbonated beverage or fruit soft drink, fruit content < 10% , with sugar(s) and with sweetener(s)",06,0602,060203,"27,2",115,"0,0016","6,79","6,71","0,00049","0,00049","0,0051","0,0099",-
18034,"Boisson gazeuse aux fruits (teneur en fruits >= 10% et < 50%), sucrée, avec édulcorants","Carbonated beverage or fruit soft drink, fruit content >= 10% and < 50%, with sugar(s) and with sweetener(s)",06,0602,060203,"28,1",119,"0,022","6,92","6,74","0,000013","0,000013","0,15","0,0073",-
18035,"Limonade, sans sucres ajoutés, avec édulcorants","Lemonade, no added sugars, with sweetener(s)",06,0602,060203,"0,48","2,02","0,000033","0,12","0,12","0,000033","0,00003","0,15","0,0057",99
18037,"Cola, sucré, avec édulcorants","Cola, with sugar(s) and with sweetener(s)",06,0602,060203,"24,3",103,"0,000025","6,07","6,03","0,000025","0,000017","0,21","0,01",95
18039,"Diabolo (limonade et sirop), sucré",Lemonade with syrupwith sugar(s),06,0602,060203,"33,9",144,"0,06","8,43","8,43","0,00004","0,00004","0,1","0,014",-
18041,Lait de coco,Coconut milk,10,1003,000000,199,821,"1,94","4,29","2,5","19,2",17,"0,75","0,068","72,9"
18044,Eau minérale (aliment moyen),"Water, mineral (average)",06,0601,000000,"0,024","0,1",0,"0,0061",0,0,0,0,"0,0043","99,9"
18045,"Eau minérale, embouteilée, plate (aliment moyen)","Mineral still water, bottled (average)",06,0601,000000,"0,025","0,11",0,"0,0062",0,0,0,0,"0,002","99,9"
18046,"Eau minérale, embouteilée, gazeuse (aliment moyen)","Mineral sparkling water, bottled (average)",06,0601,000000,"0,018","0,077",0,"0,0046",0,0,0,0,"0,0097","99,9"
18048,"Boisson gazeuse aux fruits (teneur en jus non spécifiée), sucrée (aliment moyen)","Carbonated beverage or fruit soft drink (fruit juice content unknown), with sugar(s) (average)",06,0602,060203,"44,6",189,"0,025","10,9","9,28","0,01","0,0084","0,037","0,008","88,5"
18049,"Boisson gazeuse aux fruits (teneur en fruits < 10%), sucrée","Carbonated beverage or fruit soft drink, fruit content < 10% , with sugar(s)",06,0602,060203,"33,6",143,"0,011","8,36","8,25","0,015","0,00049","0,00005","0,0077","90,5"
18050,"Boisson gazeuse aux fruits (teneur en fruits < 10%), à teneur réduite en sucres","Carbonated beverage or fruit soft drink, fruit content <10%, reduced sugar",06,0602,060203,"28,7",122,"0,0067","7,15","7,06","0,1","0,01","0,02","0,0085",-
18051,"Boisson gazeuse aux fruits (teneur en fruits >= 10% et < 50%), sans sucres ajoutés, avec édulcorants","Carbonated beverage or fruit soft drink, fruit content  >= 10% and < 50%, no added sugars and with sweetener(s)",06,0602,060203,"3,69","15,6","0,027","0,91","0,84","0,02","0,000047","< 0,43","0,0061",98
18057,"Boisson préparée à partir de boisson concentrée à diluer type menthe, fraise, etc, sans sucres ajoutés, avec édulcorants, type ""sirop 0%"", diluée dans l'eau","Preparation for beverage diluted in water (eg. mint, strawberry etc.), no added sugars, with sweetener(s), type syrup 0%",06,0602,060203,6,"25,5","0,25","1,5",1,0,-,0,"0,025","93,4"
18058,"Boisson préparée à partir de sirop à diluer type menthe, fraise, etc, sucré, dilué dans l'eau","Syrup (eg. Mint, strawberry etc.), with sugar(s), diluted in water",06,0602,060203,"31,2",133,"0,055","7,7","7,7",0,0,0,"0,012","92,2"
18059,"Boisson concentrée à diluer, sans sucres ajoutés, avec édulcorants, type ""sirop 0%""","Concentrate beverage (to be diluted), no added sugars and with sweeteners, ""syrup 0%"" type",06,0602,060207,"19,5","82,7","0,25","3,79","0,66","< 0,5",0,"0,7","0,028","93,8"
18060,"Cola, sans sucres ajoutés, avec édulcorants","Cola, without added sugars and with sweetener(s)",06,0602,060203,"1,04","4,43","0,000019","0,25","0,04","0,00002","0,000015","0,000038","0,013","99,7"
18062,"Boisson au thé, aromatisée, sans précision sur la teneur en sucres et édulcorants (aliment moyen)","Still soft drink with tea extract, sugar and sweetener contents unknown (average)",06,0602,060203,"21,1","89,6","0,017","5,26","5,13","0,0023","0,00029","0,12","0,023","93,5"
18063,"Cola, sans précision sur la teneur en sucres et édulcorants (aliment moyen)","Cola, sugar(s) and sweetener(s) content unknown (average)",06,0602,060203,"27,5",117,"0,0056","6,88","6,81","0,0056","0,0011","0,019","0,0088","93,3"
18064,"Boisson au thé, aromatisée, à teneur réduite en sucres","Still soft drink with tea extract, flavoured, reduced sugar",06,0602,060203,"14,9","63,5","0,00001","3,75","3,6","0,000011","0,00001","0,063","0,011",-
18065,"Boisson au thé, aromatisée, sans sucres ajoutés, avec édulcorants","Still soft drink with tea extract, flavoured, no added sugars and with sweetener(s)",06,0602,060203,"0,53","2,27","0,000025","0,22","0,055","0,000015","0,000015","0,083","0,034","99,5"
18066,Eau du robinet,"Water, municipal",06,0601,000000,0,0,0,0,0,0,0,0,"0,0076",100
18067,"Cola, sucré, sans caféine","Cola, with sugar(s) and without caffeine",06,0602,060203,"40,9",174,"0,05","10,2","10,2","0,05","0,01","< 0,5","0,001","89,6"
18068,"Cola, sans sucres ajoutés, avec édulcorants, sans caféine","Cola, without added sugars, with sweetener(s) and no caffeine",06,0602,060203,"0,058","0,25","0,083","0,13","0,13","0,083","0,017","< 0,5","0,011","99,7"
18069,"Café, décaféiné, poudre soluble","Decaffeinated coffee, powder, instant",06,0602,060207,352,1500,"11,6",76,0,"0,2","0,091",0,"0,058","3,2"
18070,"Café décaféiné, non instantané, sans sucres ajoutés, prêt à boire","Decaffeinated non instant coffee, no added sugars, ready-to-drink",06,0602,060206,"4,42","18,6","0,1","0,6",0,"0,18","0,047",0,"0,02","98,6"
18071,"Café expresso, non instantané, sans sucres ajoutés, prêt à boire","Espresso coffee non instant coffee, no added sugars, ready-to-drink",06,0602,060206,"6,54","27,5","0,25","1,16",traces,"0,2","0,092","< 0,5","0,0071","97,8"
18072,"Café décaféiné, instantané, sans sucres ajoutés, prêt à boire","Decaffeinated instant coffee, no added sugars, ready-to-drink",06,0602,060206,"2,1","8,91","0,12","0,4",0,"0,002","0,001",0,"0,01","98,9"
18073,"Café, instantané, sans sucres ajoutés, prêt à boire","Instant coffee, no added sugars, ready-to-drink",06,0602,060206,"1,64","6,95","0,1","0,3",0,"0,004","0,002",0,"0,01","99,1"
18075,"Boisson au thé, aromatisée, sucrée","Still soft drink with tea extract, flavoured, with sugar(s)",06,0602,060203,"23,2","98,6","0,02","5,78","5,65","0,0027","0,00034","0,13","0,024","93,1"
18076,"Thé, feuille",Tea leaf,06,0602,060207,232,957,"19,4","6,3",-,2,-,"55,8","0,11","9,3"
18078,"Boisson gazeuse aromatisée, sans fruit, sucrée, avec édulcorants","Carbonated beverage or soft drink, without fruit, with sugar(s) and with sweetener(s)",06,0602,060203,"22,4",95,"0,0072","5,58","5,57","0,000015","0,000014","0,13","0,015",-
18100,"Cacao, sans sucres ajoutés, poudre soluble","Cocoa powder, no added sugars, powder, instant",06,0602,060207,387,1610,"22,4","11,6","0,9","20,6","12,4","29,5","0,11","3,5"
18101,"Poudre cacaotée ou au chocolat pour boisson, sucrée","Cocoa or chocolate powder, for beverages, with sugar(s)",06,0602,060207,379,1600,"6,65","75,6","67,9","3,29","2,16","10,5","0,21","1,67"
18102,"Poudre maltée, cacaotée ou au chocolat pour boisson, sucrée, enrichie en vitamines et minéraux","Malted cocoa or chocolate powder for beverage, with sugar(s), fortified with vitamins and minerals",06,0602,060207,-,-,"9,9","79,4","78,5","5,03","2,38",-,"0,55","2,25"
18104,"Chocolat chaud, boisson instantanée, sucrée, prête à boire (reconstituée avec du lait demi-écrémé)","Instant cocoa or chocolate beverage, with sugar(s), ready-to-drink (reconstituted with standard semi-skimmed milk)",06,0602,060206,"65,9",278,"3,78","9,5","8,68","1,42","0,85",traces,"0,12","84,7"
18106,"Chocolat chaud, boisson instantanée, sucrée, enrichie en vitamines, prête à boire (reconstituée avec du lait demi-écrémé)","Instant cocoa or chocolate beverage, with sugar(s), fortified with vitamins, ready-to-drink (reconstituted with semi-skimmed milk)",06,0602,060206,"71,4",301,"4,08","9,91",-,"1,71","0,99","< 0,5",-,"83,2"
18107,"Boisson à l'amande, nature, sans sucres ajoutés, non enrichie, préemballée","Almond drink, plain, no added sugars, not fortified, prepacked",06,0602,060205,"35,8",148,"1,06","0,68",traces,"3,2","0,31","< 0,5","0,051","94,6"
18110,"Boisson à l'amande, sucrée, enrichie en calcium, préemballée","Almond drink, with sugar(s), fortified with calcium, prepacked",06,0602,060205,"43,9",183,"0,69","3,96","3,44","2,8","0,58","< 0,5","0,095",92
18111,"Boisson à l'amande, préemballée (aliment moyen)","Almond drink, prepacked (average)",06,0602,060205,"35,8",148,"1,06","0,68",0,"3,2","0,31","< 0,5","0,051","94,6"
18112,"Boisson végétale, préemballée (aliment moyen)","Plant-based drink, prepacked (average)",06,0602,060205,"43,6",182,"2,91","2,38","1,32","2,33","0,29","0,63","0,064","91,5"
18113,"Boisson au soja, préemballée (aliment moyen)","Soy drink, prepacked (average)",06,0602,060205,"46,1",193,"3,52","2,93","1,75","2,04","0,28","0,76","0,069","90,5"
18150,"Chicorée et café, poudre soluble","Mix of chicory and coffee, powder, instant",06,0602,060207,332,1400,"9,3","66,9",-,"0,35","0,12",12,"0,72","4,1"
18151,"Café au lait, café crème ou cappuccino, instantané ou non, sans sucres ajoutés, prêt à boire","Coffee with milk or white coffee or cappuccino, instant or non instant coffee, no added sugars, ready-to-drink",06,0602,060206,"21,5","90,5","1,36","2,31","2,31","0,76","0,49",0,"0,059","95,3"
18152,"Chicorée, poudre soluble","Chicory, powder, instant",06,0602,060207,323,1350,"3,3","57,2","21,7","2,5","0,75","29,2","0,39","2,7"
18153,"Chicorée et café, instantané, sans sucres ajoutés, prête à boire (reconstituée avec du lait demi-écrémé)","Mix of chicory and coffee, instant, no added sugars, ready-to-drink (reconstituted with standard semi-skimmed milk)",06,0602,060206,"53,7",226,"3,66","5,9",5,"1,62",1,"0,46","0,13",87
18154,"Thé noir, infusé, sans sucres ajoutés","Black tea, brewed, no added sugars",06,0602,060206,"1,26","5,36",0,"0,3",0,"0,007","0,002",0,"0,0075","99,7"
18155,"Thé vert, infusé, sans sucres ajoutés","Green tea, brewed, no added sugars",06,0602,060206,"5,1","21,7",0,"1,09",-,0,-,0,"0,011","98,5"
18160,"Café au lait ou cappuccino, poudre soluble","Coffee with milk or cappuccino, powder, instant",06,0602,060207,416,1750,"11,9","70,1",52,"8,8","7,47","3,3","0,79",1
18161,"Chicorée, instantanée, sans sucres ajoutés, prête à boire (reconstituée avec du lait demi-écrémé)","Instant chicory, no added sugars, ready-to-drink (reconstituted with standard semi-skimmed milk)",06,0602,060206,"93,5",388,traces,"7,1",-,"7,1",-,"0,59","0,13",-
18162,"Chicorée et café, instantané, sans sucres ajoutés, prête à boire (reconstituée avec de l'eau)","Mix of chicory and coffee, instant, no added sugars, ready-to-drink (reconstituted with water)",06,0602,060206,"27,8",118,"0,56","6,06","0,43","< 0,3",-,"0,6","0,022","92,2"
18163,"Café au lait ou cappuccino au chocolat, poudre soluble","Coffee with milk or cappuccino with chocolate, powder, instant",06,0602,060207,384,1620,11,63,59,9,"8,11","3,5","1,25",-
18167,"Poudre cacaotée ou au chocolat pour boisson, sucrée, enrichie en vitamines et minéraux","Cocoa or chocolate powder, for beverages, with sugar(s), fortified with vitamins and minerals",06,0602,060207,376,1590,"4,68","79,3","76,7","3,04","1,44","6,48","0,43",-
18168,"Poudre cacaotée ou au chocolat pour boisson, sucrée, enrichie en vitamines","Cocoa or chocolate powder, for beverages, with sugar(s), fortified with vitamins",06,0602,060207,386,1640,"4,29",85,"82,7","2,04","1,3","5,3","0,31",2
18220,"Spécialité à diluer au citron pour boissons ou usages culinaires, sans sucres ajoutés","Lemon speciality to be diluted, for beverages or culinary use, no added sugars",06,0602,060207,"18,4","79,5","0,25","1,01","0,91",0,0,0,"0,0035","93,8"
18294,"Boisson plate aux fruits  (teneur en fruits < 10%), sucrée, rayon frais, enrichie en vitamine(s)","Still soft drink, fruit content <10%,  with sugar(s), refrigerated fortified with vitamin(s)",06,0602,060203,"33,7",143,0,"8,42","8,34",0,0,traces,"0,006",-
18295,"Boisson plate aux fruits  (teneur en fruits >= 10% et < 50%), sucrée, enrichie en vitamine(s)","Still soft drink, fruit content >= 10% and < 50%,  with sugar(s), fortified with vitamin(s)",06,0602,060203,38,161,"0,00002","9,49","9,25","0,00002","0,000019","0,18","0,0058",-
18296,"Boisson aux fruits avec de la purée de fruits type smoothie (teneur en fruits >=50%), enrichie en vitamine(s)","Still soft drink, with fruit puree, smoothie type, fruit content  >= 50%, fortified with vitamin(s)",06,0602,060203,"51,3",217,"0,52","11,5","9,95","0,45","0,41","0,54","0,0071",-
18297,"Boisson plate aux fruits (teneur en fruits >= 50%), rayon ambiant, enrichie en vitamine(s)","Still soft drink, fruit content >= 50%, room temperature, fortified with vitamin(s)",06,0602,060203,"45,1",191,"0,22","10,9","10,3","0,000067","0,000067","0,71","0,0084",-
18298,"Boisson plate aux fruits (teneur en fruits >= 50%), rayon ambiant","Still soft drink, fruit content >= 50%,  room temperature",06,0602,060203,"41,7",177,"0,19",10,"9,38","0,11","0,035","0,43","0,013",-
18299,"Citronnade, boisson plate au citron (teneur en fruits >= 10% et < 50%), sucrée","Still soft drink, lemonade, fruit content >= 10% and < 50%, with sugar(s)",06,0602,060203,"23,2","98,7","0,00003","5,77","5,6","0,005","0,000022","0,19","0,0081",-
18300,"Boisson aux fruits avec de la purée de fruits type smoothie (teneur en fruits >= 50%), sans sucres ajoutés, rayon frais","Still soft drink,  with fruit puree, smoothie type, fruit content >= 50%, no added sugars, refrigerated",06,0602,060203,"67,5",284,"0,8","12,1","11,8","1,45","1,13","1,4","0,0025",-
18304,"Boisson plate aux fruits (teneur en fruits >= 10% et < 50%), à teneur réduite en sucres","Still soft drink, fruit content >= 10% and < 50%, reduced sugar",06,0602,060203,"18,8","80,1","0,22","4,71","4,66","0,22",0,0,"0,0083","94,5"
18305,"Boisson plate aux fruits (teneur en fruits >= 10% et < 50%), sans sucres ajoutés","Still soft drink, fruit content >= 10% and < 50%, no added sugars",06,0602,060203,13,"55,2","0,052","3,18","3,06","0,0067","0,000016","0,000025","0,015",-
18306,"Boisson à l'aloe vera, sucrée","Aloe vera beverage, with sugar(s)",06,0602,060203,"32,9",140,"0,094","8,11","6,4",0,0,"0,069","0,02",-
18309,"Boisson plate aux fruits (teneur en fruits non spécifiée), sucrée","Still soft drink, fruit content unknown, with sugar(s)",06,0602,060203,"45,8",194,"0,1","11,2","10,6","0,07",0,0,"0,0018","88,3"
18315,Boisson plate au(x) fruits et au(x) légume(s),Fruit and vegetable beverage,06,0602,060203,"42,9",182,"0,31",10,"9,11","0,12","0,014","0,67","0,053","91,4"
18316,"Kéfir d'eau et de fruits, préemballé","Water kefir or Tibicos, prepacked",06,0602,060203,"3,6","15,3","0,1","0,9","0,4","< 0,5","< 0,5",traces,"< 0,1",-
18324,"Boisson énergisante, sans précision sur la teneur en sucres et édulcorants (aliment moyen)","Energy drink, sugar and artifical sweetener contents unknown (average)",06,0602,060203,"35,2",150,"0,097","8,77","8,69","0,0016","0,00001","0,11","0,093",88
18325,"Boisson plate aux fruits (teneur en fruits non spécifiée), sans précision sur la teneur en sucres et édulcorants ni sur l'enrichissement (aliment moyen)","Still soft drink, fruit content unknown, sugar and sweetener contents unknown (average)",06,0602,060203,"39,3",167,"0,18","9,38","8,49","0,13","0,031","0,22","0,012","88,7"
18326,"Boisson à l'eau minérale ou de source, aromatisée, sans précision sur la teneur en sucres et édulcorants (aliment moyen)","Bottled water, flavoured, sugar and sweetener contents unknown (average)",06,0602,060203,"1,88","7,97","0,000097","0,47","0,45","0,000046","0,00004","0,087","0,014",-
18327,"Limonade, sans précision sur la teneur en sucres et édulcorants (aliment moyen)","Lemonade, sugar and sweetener contents unknown (average)",06,0602,060203,"28,4",120,"0,000025","7,09","7,07","0,000026","0,000021","0,13","0,005","91,5"
18328,"Boisson préparée à partir de sirop ou de boisson concentrée à diluer type menthe, fraise, etc, diluée dans l'eau, sans précision sur la teneur en sucres et édulcorants (aliment moyen)","Syrup (eg. Mint, strawberry etc.), sugar content unknown, diluted in water (average)",06,0602,060203,"29,2",124,"0,071","7,21","7,17",0,0,0,"0,013","92,3"
18329,"Boisson gazeuse aromatisée, sans fruit, sans précision sur la teneur en sucres et édulcorants (aliment moyen)","Carbonated beverage or soft drink, without fruit, sugar and  sweetener contents unknown (average)",06,0602,060203,"27,6",117,"0,0067","6,87","6,82","0,0071","0,0017","0,035","0,0091","93,1"
18339,"Boisson plate aux fruits (teneur en fruits >= 10% et < 50%), sucrée","Still soft drink, fruit content >= 10% and < 50%, with sugar(s)",06,0602,060203,"41,1",175,"0,13","9,92","8,87","0,14","0,027","0,19","0,012","89,3"
18340,"Boisson gazeuse aux fruits (teneur en fruits < 10%), sans sucres ajoutés, avec édulcorants","Carbonated beverage or fruit soft drink, fruit content < 10% , no added sugars and with sweetener(s)",06,0602,060203,"2,06","8,77","0,063","0,45","0,43",traces,0,traces,"0,022","99,2"
18341,"Boisson gazeuse à la pomme (teneur en fruits >= 50%), sans sucres ajoutés","Carbonated beverage, apple content >=  50% and <99%, no added sugars",06,0602,060203,30,128,0,"7,5","6,5",0,0,0,"0,01",-
18343,Boisson au(x) fruit(s) et au lait,Still beverage with fruit juice and milk,06,0602,060204,"47,7",203,"0,68","10,7","9,89","0,041","0,0031","0,53","0,0016","87,5"
18344,"Tonic ou bitter, sucré","Tonic drink, with sugar(s)",06,0602,060203,"33,1",141,traces,"8,27","8,21",traces,traces,"0,14","0,0048","88,9"
18345,"Boisson gazeuse aux fruits (teneur en fruits < 10%), sans sucres ajoutés, sans édulcorants","Carbonated beverage or fruit soft drink, fruit content < 10% , no added sugars and no sweetener(s)",06,0602,060203,"16,7","70,8",0,"4,17",4,0,0,0,"0,002",-
18347,Boisson à la sève de bouleau,Birch sap beverage,06,0602,060203,"2,8","11,9","0,063","0,7","0,63","0,063","0,013",0,"0,01",-
18348,"Boisson pour le sport, sucrée","Sports drink, with sugar(s)",06,0602,060203,"21,7",92,"0,000013","5,41","5,04","0,000013","0,000013",0,"0,076","94,4"
18349,"Boisson pour le sport, sucrée, avec édulcorants","Sports drink with added sugars, with sugar(s)",06,0602,060203,"19,3","81,9","0,000025","4,82","3,74","0,000023","0,000023",0,"0,1",-
18352,"Boisson énergisante, sucrée","Energy drink, with sugar(s)",06,0602,060203,"40,9",174,"0,095","10,2","10,2",traces,traces,"0,11","0,095",88
18353,"Boisson énergisante, sans sucres ajoutés, avec édulcorants, enrichie en vitamines","Energy drink, no added sugar(s) and with sweetener(s), fortified with vitamins",06,0602,060203,"8,57","36,4","0,11","2,06","1,74","0,0091","0,000018","0,13","0,08",-
18354,"Boisson énergisante, sucrée, avec édulcorants","Energy drink, with sugar(s) and with sweetener(s)",06,0602,060203,"27,6",117,"0,042","6,86","6,22","0,000046","0,000046","0,13","0,1",-
18356,"Tonic ou bitter, sans précision sur la teneur en sucres et édulcorants (aliment moyen)","Tonic drink, sugar(s) and sweetener(s) content unknown (average)",06,0602,060203,"28,8",123,"0,000012","7,21","7,16","0,000012","0,000011","0,15","0,0044","88,9"
18430,Eau de source gazeuse ou plate,"Spring water, bottled",06,0601,000000,0,0,0,0,0,0,0,0,-,-
18899,"Boisson à l'avoine, nature, sans sucres ajoutés, non enrichie, préemballée","Oat drink, plain, no added sugar, not fortified, prepacked",06,0602,060205,41,173,"0,25","7,78",5,"1,1","0,2","< 0,5","0,066","90,5"
18900,"Boisson au soja, nature, non enrichie, préemballée","Soy drink, plain, not fortified, prepacked",06,0602,060205,"42,4",177,"3,5","1,87","0,53","2,1","0,28","0,71","0,053","91,5"
18901,"Boisson au soja, nature, enrichie en calcium, préemballée","Soy drink, plain, fortified with calcium, prepacked",06,0602,060205,"44,2",185,"3,75","2,18","2,18","2,05","0,26",1,"0,097","90,8"
18902,"Boisson au soja, aromatisée, sucrée, non enrichie, préemballée","Soy drink, flavoured, with sugar(s), not fortified, prepacked",06,0602,060205,"61,9",260,"3,38","7,54","5,98","1,8","0,3","0,73","0,11","86,3"
18903,"Boisson au soja, aromatisée, sucrée, enrichie en calcium, préemballée","Soy drink, flavoured, with sugar(s), fortified in calcium, prepacked",06,0602,060205,"43,2",181,"3,3","2,89","2,7","1,8","0,28","1,1","0,12","90,6"
18904,"Boisson au riz, nature, préemballée","Rice drink, plain, prepacked",06,0602,060205,"52,2",221,"0,25","10,8","5,6",1,"0,11","< 0,5","0,074","87,6"
18906,"Boisson à la châtaigne, nature, préemballée","Chestnut drink, plain, prepacked",06,0602,060205,"67,9",287,"0,25","13,5","9,01","1,4","0,18","0,61","0,077","83,9"
18907,"Boisson à la noix de coco, nature, préemballée","Coconut drink, plain, prepacked",06,0602,060205,"29,9",124,"0,25","2,75","2,46","2,1","1,87","< 0,5","0,089","94,6"
19000,"Lait de grand mélange, en vrac","Milk, bulk",05,0501,050101,"64,4",269,"3,21","4,65",-,"3,66","2,28",0,"0,12","87,7"
19010,"Lait entier, cru","Milk, whole, raw",05,0501,050101,-,-,-,-,-,"4,4",-,0,"0,12","86,4"
19012,"Lait de croissance infantile, liquide (aliment lacté destiné aux enfants en bas âge)","Baby milk, growing-up milk, ready to drink",11,1101,000000,"60,9",255,"1,25","7,77","5,98","2,71","1,1",0,"0,06","87,7"
19013,"Lait 1er âge, prêt à consommer (préparation pour nourrissons)","Baby milk, infant formula, ready to drink",11,1101,000000,"71,3",298,"1,19","8,04","6,72","3,79","1,48","< 0,5","0,06","86,3"
19014,"Lait 2e âge, prêt à consommer (préparation de suite)","Baby milk, follow-on formula, ready to drink",11,1101,000000,"65,1",273,"1,19","8,23","5,63","2,9","1,14","0,5","0,055","86,7"
19015,"Lait infantile pour prématurés, prêt à consommer","Baby milk, for premature baby, ready to drink",11,1101,000000,-,-,-,"48,5",35,"24,7",-,"3,55","0,93",-
19016,Lait entier (aliment moyen),"Milk, whole (average)",05,0501,050101,"63,9",267,"3,35","4,78","4,29","3,49","2,12",0,"0,12","87,9"
19021,"Lait en poudre, entier","Milk powder, whole",05,0501,050103,508,2130,26,42,"39,9","26,2","16,4",0,"0,91","2,35"
19023,"Lait entier, UHT","Milk, whole, UHT",05,0501,050101,"64,6",270,"3,39","4,77","4,64","3,55","2,08",0,"0,093","87,5"
19024,"Lait entier, pasteurisé","Milk, whole, pasteurised",05,0501,050101,"61,8",259,"3,23","4,8","3,2","3,3","2,25",0,"0,2","89,1"
19026,"Lait concentré sans sucres ajoutés, entier","Condensed milk, no added sugars, whole",05,0501,050103,119,498,"6,31","9,91","9,47","5,9","3,96",< 3,"0,24","74,5"
19027,"Lait concentré sucré, entier","Condensed milk, with sugar(s), whole",05,0501,050103,327,1380,"7,54","56,5","56,5","7,87","5,23",0,"0,21","27,2"
19033,Lait demi-écrémé (aliment moyen),"Milk, semi-skimmed (average)",05,0501,050101,"47,5",200,"3,38","4,97","4,91","1,55","0,98",0,"0,087","89,3"
19037,"Lait demi-écrémé, UHT, enrichi en vitamine D","Milk,  semi-skimmed, UHT, fortified with vitamin D",05,0501,050101,"46,6",196,"3,31","4,8","4,5","1,52","0,98",0,"0,09","89,4"
19038,"Lait à 1,2% MG, UHT, enrichi en vitamines","Milk, 1,2% fat, UHT, fortified with vitamins",05,0501,050101,"44,1",186,"3,31","4,79","4,5","1,25","0,81",0,"0,088","89,7"
19039,"Lait, sans précision sur la teneur en matière grasse, UHT (aliment moyen)","Milk, fat content unknown, UHT (average)",05,0501,050101,"47,7",201,"3,41","4,97","4,89","1,57","0,98",0,"0,088","89,2"
19041,"Lait demi-écrémé, UHT","Milk, semi-skimmed, UHT",05,0501,050101,"47,7",201,"3,41",5,"4,96","1,56","0,97",0,"0,088","89,2"
19042,"Lait demi-écrémé, pasteurisé","Milk, semi-skimmed, pasteurised",05,0501,050101,"46,4",195,"3,13","4,9","4,81","1,54","1,06",0,"0,078","89,4"
19044,"Lait en poudre, demi-écrémé","Milk powder, semi-skimmed",05,0501,050103,459,1930,"30,8","43,4","43,4","17,5","11,6",0,"0,78","2,47"
19050,"Lait écrémé, UHT","Milk, skimmed, UHT",05,0501,050101,"34,4",146,"3,53","5,01","4,68","0,021","< 0,15",0,"0,085","90,6"
19051,"Lait écrémé, pasteurisé","Milk, skimmed, pasteurised",05,0501,050101,"32,7",139,"3,3","4,7","4,7","0,08","0,051",0,"0,11","90,8"
19054,"Lait en poudre, écrémé","Milk powder, skimmed",05,0501,050103,361,1530,"34,6",54,"53,1","0,7","0,48",0,"1,32","1,95"
19060,"Lait demi-écrémé (ou à teneur en matière grasse légèrement inférieure), UHT,  à teneur réduite en lactose","Milk, semi-skimmed, UHT, reduced lactose",05,0501,050101,"44,4",187,"3,38","4,69","4,66","1,29","0,86",0,"0,088","89,7"
19114,"Boisson lactée aromatisée à la vanille, sucrée, au lait partiellement écrémé, enrichie en vitamine D","Vanilla flavoured milk, with sugar(s), partially skimmed, fortified with vitamin D",06,0602,060204,"57,4",243,2,11,11,"0,6","0,4",0,"0,1",-
19116,"Boisson lactée aromatisée au café, sucrée, au lait partiellement écrémé, enrichie en vitamine(s) et/ou minéraux","Coffee flavoured milk beverage, with sugar(s), partially skimmed fortified with vitamin(s) and/or mineral(s)",06,0602,060204,"50,6",215,"2,9","8,9","8,9","0,38","0,24",0,"0,19",-
19117,"Boisson lactée aromatisée au café, sucrée, au lait partiellement écrémé, non enrichie","Coffee flavoured milk beverage, with sugar(s), partially skimmed, not fortified",06,0602,060204,"70,3",295,"3,05","8,84","8,6","2,33","1,51","0,88","0,13",-
19118,"Boisson lactée aromatisée au chocolat, sucrée, au lait partiellement écrémé, non enrichie","Chocolate flavoured milk beverage, with sugar(s), partially skimmed, not fortified",06,0602,060204,"72,8",307,"3,42",11,"10,5","1,58",1,"0,5","0,12","84,7"
19119,"Boisson lactée aromatisée au chocolat, sucrée, au lait partiellement écrémé, enrichie en vitamine(s) et/ou minéraux","Chocolate flavoured milk beverage, with sugar(s), partially skimmed, fortified with vitamin(s) and/or mineral(s)",06,0602,060204,"66,5",281,"2,96","10,8","10,3","1,15","0,71","0,58","0,12",-
19120,"Boisson lactée aromatisée (sans précision sur l'arôme), sucrée, au lait partiellement écrémé, enrichie et/ou restaurée en vitamine(s) et/ou minéraux (aliment moyen)","Flavoured milk beverage, with sugar(s), partially skimmed, fortified with vitamins and/ormineral(s) (average)",06,0602,060204,61,258,"2,59","10,7","10,4","0,84","0,56","0,2","0,11","86,9"
19127,"Boisson lactée aromatisée à la fraise, sucrée, au lait partiellement écrémé, enrichie en vitamine D","Strawberry flavoured milk, with sugar(s), partially skimmed, fortified with vitamin D",06,0602,060204,"58,8",249,"2,48","10,7","10,4","0,72","0,5","0,033","0,1","86,9"
19200,"Lait de chèvre, entier, UHT","Goat milk, whole, UHT",05,0501,050102,"64,6",269,"2,9","4,2","4,2","4,02","2,52",0,"0,1","87,2"
19201,"Lait de chèvre, demi-écrémé, UHT","Goat milk, half skimmed, UHT",05,0501,050102,"45,8",193,"3,69","4,13","4,13","1,57","1,06",0,"0,15","89,6"
19202,"Lait de chèvre, entier, cru","Goat milk, whole, raw",05,0501,050102,"57,4",240,"3,15","4,01","4,01","3,2","2,16",0,"0,091","88,7"
19225,"Lait de jument, entier","Mare's milk, whole",05,0501,050102,50,211,"2,36","6,22","6,17","1,73","0,82",0,"0,05","89,2"
19250,"Lait de brebis, entier","Sheep milk, whole",05,0501,050102,103,429,"5,56","4,5","4,5","6,97","4,8",0,"0,11","82,2"
19270,"Lait de bufflesse, entier","Buffalo milk, whole",05,0501,050102,-,-,-,"5,1","4,95","7,35","4,86",0,"0,13","82,4"
19402,"Crème ou spécialité à base de crème légère, sans précision sur la teneur en matière grasse (aliment moyen)","Cream and similar, fat content unknown (average)",05,0504,000000,248,1020,"2,4","2,86","2,36",25,"16,1","0,93","0,077","67,5"
19403,"Crème ou spécialité à base de crème légère, sans précision sur la teneur en matière grasse, fluide (aliment moyen)","Cream and similar, fat content unknown, fluid (average)",05,0504,000000,244,1010,"2,44","3,97","3,4","24,2","14,9","< 0,2","0,094","67,5"
19404,"Crème ou spécialité à base de crème légère, sans précision sur la teneur en matière grasse, épaisse ou semi-épaisse (aliment moyen)","Cream and similar, fat content unknownthick or semi-thick (average)",05,0504,000000,165,680,"2,61","4,53","2,92","14,7","9,87","0,96","0,078","76,1"
19410,"Crème 30% MG, épaisse, rayon frais","Cream 30% fat, thick, refrigerated",05,0504,000000,285,1170,"2,28","1,38","1,38","29,9","19,5",< 3,"0,065","63,9"
19411,"Crème d'Isigny, >= 35% MG","Cream, from Isigny, >= 35% fat",05,0504,000000,382,1570,"2,5",3,"2,56",40,"28,9",0,"0,076","54,8"
19415,"Crème 30% MG, semi-épaisse, UHT","Cream 30% fat, semi-thick, UHT",05,0504,000000,294,1210,"2,44","1,94","1,94","30,7","21,4",< 3,"0,073","62,9"
19417,"Crème 30% MG, fluide, UHT","Cream 30% fat, liquid, UHT",05,0504,000000,293,1210,"2,16","3,69","2,93",30,"18,6",0,"0,068","63,6"
19420,"Crème chantilly, sous pression, UHT","Whipped cream, aerosol, UHT",05,0504,000000,305,1260,"2,06","10,6","10,4","28,2","18,9",< 3,"0,065","57,1"
19430,"Crème 12 à 25% MG, légère, semi-épaisse, UHT","Cream, 12-25% fat, light, semi-thick, UHT",05,0504,000000,189,783,"2,72","4,34","3,41","17,6","11,8","1,5","0,088","73,2"
19431,"Crème 12 à 25% MG, légère, épaisse, rayon frais","Cream, 12-25% fat, light, thick, refrigerated",05,0504,000000,162,669,"2,6","4,55","2,87","14,4","9,66","0,9","0,078","76,4"
19432,"Spécialité à base de crème légère 4-5% MG, fluide ou épaisse","Cream based preparation, light, 5% fat, fluid or thick",05,0504,000000,75,313,3,"4,5","4,5",5,3,0,"0,1",-
19433,"Spécialité à base de crème légère 4% MG environ, fluide ou épaisse","Cream based preparation, light, about 4% fat, fluid or thick",05,0504,000000,"73,2",306,"3,19","5,28","4,44","4,3","2,88",< 3,"0,11","84,8"
19434,"Spécialité culinaire à base de crème et d'aromates 19% MG, à cuisiner","Cream based preparation with aromatic herbs 19% fat, to cook",05,0504,000000,195,805,3,3,3,19,13,0,"1,28",70
19435,"Spécialité culinaire à base de crème légère et d'aromates 12% MG, à cuisiner","Cream based preparation with aromatic herbs 12% fat, to cook",05,0504,000000,128,529,3,2,2,12,"8,5",0,"1,28",-
19436,"Crème 12 à 20% MG, légère, fluide, rayon frais","Cream, 12-20% fat, light, fluid, refrigerated",05,0504,000000,173,714,"2,9","4,3","4,2",16,"9,4",0,"0,15","72,4"
19437,"Fromage de chèvre pané à dorer, préemballé","Cheese, breaded, to grill, prepacked, from goat's milk",01,0103,010308,-,-,"12,7",15,"3,5","19,2","9,99",-,"1,27","48,6"
19500,"Lait fermenté à boire, aromatisé, avec édulcorants, allégé en sucres, 0% MG, au L Casei","Fermented milk drink, flavoured, with sweetener(s), reduced sugar, 0% fat, with L Casei",05,0502,050201,"27,5",117,"2,84","3,64","3,56","0,1","0,018","0,35","0,11",-
19501,"Fromage blanc, nature ou aux fruits (aliment moyen)","Quark, plain or with fruits (average)",05,0502,050202,80,337,"6,87","6,34","6,05","2,83","1,83","0,02","0,09","82,4"
19508,"Lait fermenté ou yaourt à boire, aromatisé, sucré","Fermented milk drink, flavoured, with sugar(s)",05,0502,050201,"65,9",279,"3,09","10,7","9,67","0,89","0,59","0,14","0,093","83,5"
19516,"Lait fermenté à boire, aromatisé, sucré, au L Casei","Fermented milk drink, flavoured, with sugar(s), with L Casei",05,0502,050201,"69,7",294,3,"10,8","10,8","1,6",1,"0,033","0,1",-
19534,"Lait fermenté ou yaourt à boire, aromatisé, sucré, enrichi en vitamine D","Fermented milk drink, flavoured, with sugar(s), fortified with vitamin D",05,0502,050201,"73,3",310,"2,92","12,3","12,1","1,39","0,9","0,083","0,1",-
19535,"Lait fermenté ou yaourt à boire, aux fruits, sucré","Fermented milk drink, with fruits, with sugar(s)",05,0502,050201,"84,6",357,"2,85","11,9","11,5","2,49","1,66","0,079","0,11",-
19536,"Lait fermenté ou yaourt à boire, aux fruits, sucré, enrichi en vitamine D","Fermented milk drink, with fruits, with sugar(s), fortified with vitamin D",05,0502,050201,74,313,"2,84","12,4","11,7","1,42","0,91","0,1","0,1",-
19538,"Lait fermenté à boire, nature, sucré, au L Casei","Fermented milk drink, plain, with sugar(s), with L Casei",05,0502,050201,"69,6",294,3,"10,8","10,8","1,6",1,"< 0,05","0,1","83,4"
19539,"Lait fermenté type yaourt au bifidus, aromatisé, sucré","Fermented milk, yogurt type with bifidus, flavoured, with sugar(s)",05,0502,050201,"86,5",364,"3,78","10,8","10,7","2,81","1,83","0,75","0,095",80
19541,"Lait fermenté type yaourt au bifidus, aux fruits, 0% MG, avec édulcorants","Fermented milk, yogurt type with bifidus, with fruits, 0% fat, with sweetener(s)",05,0502,050201,"48,1",204,"4,58","6,71","6,37","0,094","0,039","1,08","0,18",-
19542,"Lait fermenté type yaourt au bifidus, aux fruits, sucré","Fermented milk, yogurt type with bifidus, with fruits, with sugar(s)",05,0502,050201,"87,7",369,"3,69","10,8","10,5","2,83","1,81","0,7","0,1","80,1"
19543,"Lait fermenté type yaourt aux esters de stérol, aux fruits, 0% MG, avec édulcorants","Fermented milk, yogurt type with sterol esters, with fruits, 0% fat, with sweetener(s)",05,0502,050201,47,199,"3,8","6,6","5,7","0,5","0,1","0,45","0,16",-
19544,"Lait fermenté type yaourt au bifidus, nature, 0% MG","Fermented milk, yogurt type with bifidus, plain, 0% fat",05,0502,050201,"42,9",182,"4,3","5,75","5,75","0,3","0,17",0,"0,14",-
19546,"Lait fermenté type yaourt au bifidus, nature","Fermented milk, yogurt type with bifidus, plain",05,0502,050201,"92,3",390,"6,23","10,8","10,2","2,38","1,46",0,"0,068","78,7"
19550,"Yaourt à la grecque nature, au lait de brebis","Yogurt, Greek-style, ewe's milk",05,0502,050201,124,515,"4,72","4,28","3,06","9,78","7,12","< 0,5","0,12","80,9"
19551,"Lait fermenté à boire, aromatisé, sucré,  enrichi en vitamine D, au L Casei","Fermented milk drink, flavoured, with sugar(s), fortified with vitamin D, with L Casei",05,0502,050201,"73,3",310,"2,78","12,1",12,"1,53","1,02",0,"0,1",-
19552,"Yaourt à la grecque sur lit de fruits, sucré","Yogurt, Greek-style, on a fruit layer, with sugar(s)",05,0502,050201,126,526,"2,29","14,4","13,5","6,53","4,32","0,27","0,1","75,2"
19553,"Yaourt au lait de brebis, aromatisé, sucré","Yogurt, ewe's milk, flavoured, with sugar(s)",05,0502,050201,"93,1",391,"4,94","9,16","8,3","3,7","2,52","0,17","0,12",80
19554,"Yaourt au lait de brebis, nature, 3% MG environ","Yogurt, ewe's milk, plain, around 3% fat",05,0502,050201,"66,5",279,"5,49","3,48","3,31","3,01","2,13","0,13","0,13","85,7"
19555,"Yaourt au lait de brebis, sur lit de fruits, sucré","Yogurt, ewe's milk, on a fruit layer, with sugar(s)",05,0502,050201,112,471,"4,25","15,2","13,6","3,73","2,49","0,47","0,097",-
19556,"Yaourt au lait de chèvre, nature","Yogurt, goat's milk, plain",05,0502,050201,"74,4",310,"4,19","2,53","2,53","4,9","3,24","0,25","0,096","86,2"
19557,"Yaourt ou lait fermenté, sur lit de fruits, sucré","Yogurt or fermented milk, on a fruit layer, with sugar(s)",05,0502,050201,"97,6",411,4,14,"12,9","2,77","1,84","0,3","0,11",81
19559,"Yaourt ou lait fermenté, aromatisé, 0% MG, avec édulcorants","Yogurt or fermented milk, flavoured, 0% fat, with sweetener(s)",05,0502,050201,"54,4",231,"4,99","7,73","5,08","0,063","0,0075",0,"0,13","85,2"
19572,"Fromage frais type petit suisse, aromatisé chocolat, sucré","Fresh cream cheese, petit-suisse type, chocolate flavoured, with sugar(s)",05,0502,050202,165,694,"4,13","22,5","19,7","6,48","4,3","0,2","0,28","62,4"
19574,"Yaourt ou lait fermenté, aromatisé, 0% MG, avec édulcorants, enrichi en vitamine D","Yogurt or fermented milk, flavoured, 0% fat, with sweetener(s), fortified with vitamin D",05,0502,050201,"52,3",222,"4,49","7,75","7,12","0,39","0,25",0,"0,15",-
19575,"Yaourt ou lait fermenté, aromatisé, sucré","Yogurt or fermented milk, flavoured, with sugar(s)",05,0502,050201,"86,1",363,"3,09","12,7","12,5","2,25","1,39","0,017","0,083","80,3"
19577,"Yaourt ou lait fermenté, aromatisé, à la crème, sucré","Yogurt or fermented milk, flavoured, with cream, with sugar(s)",05,0502,050201,123,514,"2,92",13,12,"6,59","4,16","0,013","0,11","77,6"
19578,"Yaourt ou lait fermenté, aromatisé, sucré, enrichi en vitamine D","Yogurt or fermented milk, flavoured, with sugar(s), fortified with vitamin D",05,0502,050201,"71,4",302,"3,09","11,7","11,4","1,06","0,66","0,067","0,083","82,4"
19579,"Yaourt ou lait fermenté, aux céréales","Yogurt or fermented milk, with cereals",05,0502,050201,111,468,"3,57",16,"14,6","3,43","2,22",1,"0,11","74,1"
19580,"Yaourt ou lait fermenté, aux copeaux de chocolat, à la crème, sucré","Yogurt or fermented milk, with chocolate flakes, with cream, with sugar(s)",05,0502,050201,126,530,"3,54","14,9","14,8","5,52","3,57","0,2","0,093","74,2"
19581,"Yaourt ou lait fermenté, aux fruits, 0% MG, avec édulcorants","Yogurt or fermented milk, with fruits, 0% fat, with sweetener(s)",05,0502,050201,"45,1",192,"4,29","5,66","5,4","< 0,1","< 0,15","0,7","0,12","86,9"
19582,"Yaourt ou lait fermenté, aux fruits, 0% MG, avec édulcorants, enrichi en vitamine D","Yogurt or fermented milk, with fruits, 0% fat, with sweetener(s), fortified with vitamin D",05,0502,050201,"45,5",194,"4,23",6,"5,42","< 0,1","< 0,15","0,6","0,12","86,9"
19584,Mascarpone,"Mascarpone cheese, from cow's milk",05,0503,050305,369,1520,"5,88","3,1","2,99",37,"25,9","< 0,5","0,13","51,5"
19585,Ricotta,"Ricotta cheese, from cow's milk",05,0503,050305,-,-,"7,96","4,09","3,69","10,7","7,38",0,"0,27","71,7"
19587,"Yaourt ou lait fermenté, aux fruits, sucré","Yogurt or fermented milk, with fruits, with sugar(s)",05,0502,050201,"88,9",375,"3,17","12,6","11,6","2,41","1,58","0,6","0,095","79,5"
19589,"Yaourt ou lait fermenté, aux fruits, à la crème, sucré","Yogurt or fermented milk, with fruits, with cream, with sugar(s)",05,0502,050201,113,474,"2,67","13,4","12,8","5,1","3,33","0,14","0,11","77,1"
19590,Mozzarella au lait de vache,"Mozzarella cheese, from cow's milk",05,0503,050305,227,942,"16,1","0,7","0,7","17,7","11,7",0,"0,6","62,7"
19591,"Mozzarella au lait de bufflonne ou buflesse (""di bufala"")","Mozzarella cheese, from buffala's milk",05,0503,050305,260,1080,"14,3","0,18",traces,"22,3",15,"0,063","0,49","61,3"
19592,"Yaourt ou lait fermenté, aux fruits, sucré, enrichi en vitamine D","Yogurt or fermented milk, with fruits, with sugar(s), fortified with vitamin D",05,0502,050201,"89,5",377,"3,26","12,3","11,6","2,65","1,76","0,2","0,088","79,8"
19593,"Yaourt ou lait fermenté, nature","Yogurt or fermented milk, plain",05,0502,050201,"50,1",211,"3,75","4,26",4,"1,68","1,08",traces,"0,1","88,4"
19594,"Yaourt ou lait fermenté, nature, 0% MG","Yogurt or fermented milk, plain, 0% fat",05,0502,050201,"39,1",166,"4,08","4,89","4,63","< 0,1","< 0,15","0,031","0,11","88,9"
19596,"Yaourt ou lait fermenté, nature, 0% MG, enrichi en vitamine D","Yogurt or fermented milk, plain, 0% fat, fortified with vitamin D",05,0502,050201,"38,5",163,"4,49","4,86","4,79","0,19","0,072","0,12","0,14",-
19598,"Yaourt ou lait fermenté, nature, à la crème","Yogurt or fermented milk, plain, with cream",05,0502,050201,107,444,"3,16","3,8","3,56","8,5","5,49","0,000017","0,085","82,9"
19599,"Yaourt ou lait fermenté, nature, sucré","Yogurt or fermented milk, plain, with sugar(s)",05,0502,050201,"81,7",344,"2,86","10,7","10,1","2,81","1,81","0,031","0,075","82,2"
19600,"Yaourt ou lait fermenté, nature, sans précision sur teneur en matière grasse et sucre (aliment moyen)","Yoghurt or fermented milk, plain (average)",05,0502,050201,"62,3",262,"3,85","5,85","5,5","2,3","1,49","0,029","0,093","86,2"
19624,"Yaourt ou lait fermenté, nature ou aux fruits (aliment moyen)","Yoghurtor fermented milk, plain or with fruits (average)",05,0502,050201,"72,9",307,"3,62","7,98","7,51","2,6","1,69","0,18","0,097","83,9"
19628,"Yaourt ou lait fermenté, aux fruits (aliment moyen)","Yoghurt or fermented milk, with fruits (average)",05,0502,050201,"91,2",384,"3,22","11,7",11,"3,12","2,04","0,43","0,1","79,9"
19638,Faisselle au coulis de fruits,"Drained soft fresh cheese, with fruit sauce",05,0502,050202,93,389,"3,5","8,5","8,5",5,"3,6",-,"0,077",-
19639,"Faisselle, 0% MG","Drained soft fresh cheese, 0% fat",05,0502,050202,"36,8",156,"4,43","4,65","3,71","0,05","0,025","0,083","0,13","89,9"
19641,"Faisselle, 6% MG environ","Drained soft fresh cheese, around 6% fat",05,0502,050202,"83,6",349,"4,38","3,36","3,36","5,5","3,74","0,21","0,088","84,7"
19643,"Fromage blanc et crème fouettée, sur lit de fruits, sucré","Quark and whipped cream, on a fruit layer, with sugar(s)",05,0502,050202,145,608,"4,5",16,15,7,"4,5",traces,"0,09","72,1"
19644,"Fromage blanc, nature, 0% MG","Quark, plain, 0% fat",05,0502,050202,"48,4",206,"7,19","4,22","3,29","< 0,1","< 0,15","0,042","0,09","86,5"
19645,"Fromage blanc, nature, 0% MG, enrichi en vitamine D","Quark, plain, 0% fat, fortified with vitamin D",05,0502,050202,"49,6",211,"7,41","4,76","4,76","0,1","0,06","< 0,23","0,12",-
19646,"Fromage blanc, nature, 2-3% MG","Quark, plain, 2-3% fat",05,0502,050202,"75,7",318,"7,13","3,86","3,86","3,23","2,07","0,019","0,088",84
19648,"Fromage blanc, nature, 2-3% MG, enrichi en vitamine D","Quark, plain, 2-3% fat, fortified with vitamin D",05,0502,050202,"75,5",317,"6,18","4,87","4,75","3,12","2,01","0,03","0,09","83,6"
19650,"Fromage blanc et crème fouettée, nature","Quark and whipped cream, plain",05,0502,050202,133,553,"6,59","3,8","3,8","9,94","6,53",0,"0,078","78,3"
19654,"Fromage blanc ou spécialité laitière, aux copeaux de chocolat, 7-8% MG, sucré","Quark or dairy specialty, with chocolate flakes, 7-8% fat, with sugar(s)",05,0502,050202,152,635,"5,98","16,3","15,4","6,93","4,83","0,1","0,073",-
19656,"Fromage blanc ou spécialité laitière, aux fruits, 0% MG, sucré","Quark or dairy specialty, with fruits, 0% fat, with sugar(s)",05,0502,050202,"80,3",341,"7,27","12,8",12,"< 0,37",0,0,"0,088",-
19657,"Fromage blanc ou spécialité laitière, aux fruits, 2-3% MG, sucré","Quark or dairy specialty, with fruits, 2-3% fat, with sugar(s)",05,0502,050202,"98,3",414,"6,02",12,"11,6","2,86","1,94","0,28","0,098","76,6"
19659,"Fromage blanc ou spécialité laitière, aux fruits, 6-7% MG, sucré","Quark or dairy specialty, with fruits, 7-8% fat, with sugar(s)",05,0502,050202,139,582,"5,46","14,4","13,6","6,55","3,57","0,34","0,097",73
19660,"Fromage blanc ou spécialité laitière, sur lit de fruits, 7-8% MG, sucré","Quark or dairy specialty, on a fruit layer, 7-8% fat, with sugar(s)",05,0502,050202,129,541,"4,05","12,8","12,2","6,91","4,69",< 1,"0,093",-
19663,"Fromage frais type petit suisse, nature, 0% MG","Fresh cream cheese, petit-suisse type, plain, 0% fat",05,0502,050202,"56,5",240,"9,7","4,2","4,2","0,1","< 0,1","< 0,1","0,14","84,3"
19664,"Fromage frais type petit suisse, nature, 4% MG environ","Fresh cream cheese, petit-suisse type, plain, around 4% fat",05,0502,050202,88,369,"9,52","3,11","3,11","3,9","2,66","< 0,15","0,095","81,6"
19665,"Mousse de fromage blanc sur lit de fruits, 0% MG, avec édulcorants, enrichie en calcium et vitamine D","Fresh cream cheese mousse, on a fruit layer, 0% fat, with sweetener(s), fortified with calcium and vitamin D",05,0502,050202,"56,2",237,"6,35",6,"5,05","0,45","0,26","1,35","0,15",-
19666,"Fromage frais type petit suisse, nature, 10% MG environ","Fresh cream cheese, petit-suisse type, plain, around 10% fat",05,0502,050202,137,572,"9,01","2,61","2,61","9,89","6,55","0,78","0,075","76,2"
19669,"Spécialité laitière riche en protéines, sur lit de fruits, sucrée","Yoghurt, rich in protein, on a fruit layer, with sugar(s)",05,0502,050201,"97,6",412,"7,31","11,5","11,3","2,29","1,56",-,"0,083","76,3"
19671,"Yaourt ou lait fermenté, aromatisé ou aux fruits, 0% MG (aliment moyen)","Yogurt or fermented milk, with fruits or flavoured, 0% fat (average)",05,0502,050201,"47,2",201,"4,45","6,14","5,32","0,053","0,06","0,54","0,12","86,5"
19672,"Yaourt ou lait fermenté, aromatisé ou aux fruits, non allégé en matière grasse (aliment moyen)","Yogurt or fermented milk, with fruits or flavoured, no reduced fat (average)",05,0502,050201,"91,6",386,"3,09","12,5",12,"2,92","1,87","0,23","0,093","79,6"
19673,"Crème dessert, allégée en matière grasse, rayon frais","Custard dessert, reduced fat, refrigerated",05,0502,050203,"78,2",330,"3,58","12,6","11,4","1,1","0,72","1,5","0,13",80
19674,"Flan aux oeufs, rayon frais","Flan with eggs, refrigerated",05,0502,050203,113,476,"4,14","17,7",16,"2,74","1,52","0,38","0,15","74,1"
19675,"Yaourt ou lait fermenté, aromatisé ou aux fruits, avec édulcorants (aliment moyen)","Yogurt or fermented milk, with fruits or flavoured, with sweetener(s) (average)",05,0502,050201,"47,2",201,"4,45","6,14","5,32","0,053","0,06","0,54","0,12","86,5"
19676,"Yaourt ou lait fermenté, aromatisé ou aux fruits, sucré (aliment moyen)","Yogurt or fermented milk, with fruits or flavoured, with sugar(s) (average)",05,0502,050201,"91,9",387,"3,09","12,6","12,1","2,94","1,89","0,23","0,094","79,5"
19677,"Yaourt ou lait fermenté, aromatisé ou aux fruits, non allégé en matière grasse, sucré (aliment moyen)","Yogurt or fermented milk, with fruits or flavoured, no reduced fat, with sugar(s) (average)",05,0502,050201,"91,8",387,"3,09","12,6","12,1","2,94","1,88","0,23","0,094","79,5"
19678,"Lait emprésuré aromatisé, rayon frais","Renneted milk, flavoured, refrigerated",05,0502,050203,111,466,"4,55",16,"14,9","3,03","2,05","0,6","0,15","72,1"
19679,"Lait gélifié aromatisé, nappé caramel, rayon frais","Milk jelly, flavoured, covered with caramel sauce, refrigerated",05,0502,050203,"91,4",386,"2,5","16,8","14,3","1,05","0,69","2,2","0,098","76,7"
19680,"Lait gélifié aromatisé, rayon frais","Milk jelly, flavoured, refrigerated",05,0502,050203,124,523,"3,32","19,5","17,6","3,53","2,15","0,52","0,14","75,2"
19681,"Liégeois ou viennois (chocolat, café, caramel ou vanille), rayon frais","Custard (chocolate, coffee, caramel or vanilla) topped with whipped cream, refrigerated",05,0502,050203,139,583,"3,03","16,1","14,6","6,48","4,27",2,"0,12","71,4"
19682,"Yaourt ou lait fermenté, aromatisé ou aux fruits (aliment moyen)","Yogurt or fermented milk, with fruits or flavoured (average)",05,0502,050201,"87,5",368,"3,23","11,9","11,4","2,65","1,7","0,26","0,097","80,2"
19684,"Oeufs au lait, rayon frais","Egg custard, refrigerated",05,0502,050203,124,521,"4,92","14,7","14,4","5,08","2,88",0,"0,16",-
19685,"Panna cotta, avec préparations de fruits ou caramel, rayon frais","Panna cotta, with fruit preparation or caramel, refrigerated",05,0502,050203,192,802,"2,63","15,9","15,8","12,1","8,21","1,44","0,099","66,1"
19686,"Spécialité laitière ou dessert lacté, aromatisé, à faible teneur en matière grasse, sucré, avec édulcorants, rayon frais","Dairy specialty or milk-based desert, flavoured, reduced fat, with sugar(s) and sweetener(s), refrigerated",05,0502,050203,"75,5",319,"3,73","11,9","9,76","1,05","0,68","1,73","0,2",-
19688,"Baba au rhum, rayon frais","Rum baba, refrigerated",07,0709,000000,174,732,"2,8","28,3","28,3","2,35","1,8","0,76","0,33","64,3"
19691,"Fromage blanc ou spécialité laitière, aux fruits, 0% MG, avec édulcorants, sucré, enrichi en vitamine D","Quark or dairy specialty, with fruits, 0% fat, with sweetener(s), with sugar(s), fortified with vitamin D",05,0502,050202,"53,7",228,"6,4","6,45","6,15","0,1","0,06","0,7","0,14",-
19692,"Dessert au soja, aux fruits, sucré, enrichi en calcium, fermenté, rayon frais","Soy dessert, with fruits, with sugar(s), fortified with calcium, fermented, refrigerated",05,0502,050205,"86,2",364,3,"12,9","11,6","2,3","0,79","< 0,5","0,07","80,7"
19693,"Dessert au soja, nature, sans sucres ajoutés, non enrichi, fermenté, rayon frais","Soy dessert, plain, no added sugars, not fortified, fermented, refrigerated",05,0502,050205,"44,7",188,"4,13","2,05","0,69","1,9","0,22","0,8","0,085","90,7"
19694,"Dessert au soja, nature, sans sucres ajoutés, enrichi en calcium, fermenté, rayon frais","Soy dessert, plain, no added sugars, fortified with calcium, fermented, refrigerated",05,0502,050205,42,176,"3,94","1,1","0,27","2,1","0,34","0,6","0,053","91,4"
19695,"Dessert au soja, aux fruits, sucré, non enrichi, fermenté, rayon frais","Soy dessert, with fruits, with sugar(s), not fortified, fermented, refrigerated",05,0502,050205,78,329,"3,63",11,"10,6","1,7","0,34","1,1","0,085","81,8"
19696,"Dessert au soja, aux amandes, sucré, enrichi en vitamines et minéraux, fermenté, rayon frais","Soy dessert, with almonds, with sugar(s), fortified with vitamins and minerals, refrigerated",05,0502,050205,56,234,4,"2,85","1,09","2,8","0,38","0,6","0,19","88,7"
19697,"Fromage blanc ou spécialité laitière, aromatisé, 0% MG, avec édulcorants, sucré, enrichi en vitamine D","Quark or dairy specialty, flavoured, 0% fat, with sweetener(s), with sugar(s), fortified with vitamin D",05,0502,050202,"53,7",228,"6,5","6,7","6,3","0,1","0,055",0,"0,12",-
19698,"Tiramisu au café, rayon frais","Tiramisu with coffee, refrigerated",05,0502,050204,242,1010,"4,25","30,2","19,5","9,8","6,41","1,2","0,19","51,6"
19699,"Tiramisu aux fruits, rayon frais","Tiramisu with fruits, refrigerated",05,0502,050204,220,924,"3,62","32,1","21,7","8,27","6,18","1,39","0,14",-
19705,"Fromage blanc ou spécialité laitière, aromatisé, 0% MG, avec édulcorants, sucré","Quark or dairy specialty, flavoured, 0% fat, with sweetener(s), with sugar(s)",05,0502,050202,"47,3",201,"5,6",6,"5,2","0,05","0,0001","0,2","0,13",-
19707,"Fromage blanc ou spécialité laitière, sur lit de fruits, 0% MG, avec édulcorants, sucré, enrichi en vitamine D","Quark or dairy specialty, on a fruit layer, 0% fat, with sweetener(s), with sugar(s), fortified with vitamin D",05,0502,050202,"52,8",224,"6,3",6,"5,4","0,4","0,3",-,"0,12",-
19708,"Fromage blanc ou spécialité laitière, sur lit de fruits, 0% MG, avec édulcorants, sans sucres ajoutés, enrichi en vitamine D","Quark or dairy specialty, on a fruit layer, 0% fat, with sweetener(s), no added sugars, fortified with vitamin D",05,0502,050202,53,224,"6,77","5,63","3,73","0,17","0,033","1,7","0,09",-
19709,"Fromage blanc ou spécialité laitière, aromatisé, 0% MG, avec édulcorants, sans sucres ajoutés","Quark or dairy specialty, flavoured, 0% fat, with sweetener(s), no added sugars",05,0502,050202,"45,6",194,"7,5","3,9","3,5","0,0001","0,0001",0,"0,1",-
19711,"Fromage blanc, nature, 7-8% MG","Quark, plain, 7-8% fat",05,0502,050202,116,484,"5,44","5,87","3,69","7,63","5,19","0,05","0,11","79,5"
19712,"Fromage blanc, nature, au lait de brebis, 5% MG environ","Quark from ewe's milk, plain, around 5% fat",05,0502,050202,"92,5",386,"6,22","4,29","2,93","5,61","3,91",0,"0,1",-
19713,"Fromage blanc, nature, au lait de chèvre, 7% MG environ","Quark from goat's milk, plain, around 7% fat",05,0502,050202,"98,3",410,"6,42","3,04","2,65","6,73","4,61",0,"0,077",-
19714,"Fromage blanc ou spécialité laitière, aromatisé, 0% MG, sucré","Quark or dairy specialty, flavoured, 0% fat, with sugar(s)",05,0502,050202,"76,9",327,"6,86","12,3","11,9","0,05","0,038",0,"0,1","78,2"
19715,"Fromage blanc ou spécialité laitière, aromatisé, 2-3% MG, sucré","Quark or dairy specialty, flavoured, 2-3% fat, with sugar(s)",05,0502,050202,"98,7",416,"6,08","12,8","12,4","2,59","1,67","0,000033","0,093","77,3"
19716,"Fromage blanc, nature, 2-3% MG, sucré","Quark, plain, 2-3% fat, with sugar(s)",05,0502,050202,101,427,"7,5","10,9","10,8","3,09","2,03",0,"0,099",-
19718,"Fromage blanc ou spécialité laitière, aromatisé, 7-8% MG, sucré","Quark or dairy specialty, flavoured,  7-8% fat, with sugar(s)",05,0502,050202,131,550,"5,18","12,8","12,5","6,57","4,22","0,1","0,088",-
19719,"Fromage frais type petit suisse, aux fruits, 2-3% MG, sucré","Fresh cream cheese, petit-suisse type, with fruits, 2-3% fat, with sugar(s)",05,0502,050202,101,424,"6,26","12,9","12,3","2,64","1,71","0,067","0,092","76,4"
19720,"Fromage frais type petit suisse, aux fruits, 2-3% MG, sucré, enrichi en vitamine D","Fresh cream cheese, petit-suisse type, with fruits, 2-3% fat, with sugar(s), fortified with vitamin D",05,0502,050202,"57,6",242,"3,36","4,68","3,6","2,44","1,52","0,4","0,1","87,4"
19721,"Fromage frais type petit suisse, aromatisé, 2-3% MG, sucré","Fresh cream cheese, petit-suisse type, flavoured, 2-3% fat, with sugar(s)",05,0502,050202,"92,7",391,"5,84","12,3","11,8","2,23","1,46",0,"0,1",-
19722,"Fromage frais type petit suisse, aromatisé, 2-3% MG, sucré, enrichi en vitamine D","Fresh cream cheese, petit-suisse type, flavoured, 2-3% fat, with sugar(s), fortified with vitamin D",05,0502,050202,"90,2",380,"4,79","12,2","11,4","2,48","1,67","0,036","0,12",-
19723,"Yaourt ou lait fermenté, nature, enrichi en vitamine D","Yogurt or fermented milk, plain, fortified with vitamin D",05,0502,050201,"63,4",266,"4,23","4,4","4,19","2,85","1,85","0,0071","0,1","86,5"
19724,"Spécialité laitière riche en protéines, nature","Yoghurt, rich in protein, plain",05,0502,050201,"74,5",313,"9,1","3,45","3,45","2,7","1,9","< 0,1","0,12",-
19725,"Fromage blanc ou spécialité laitière, sur lit de fruits, 0% MG, sucré","Quark or dairy specialty, on a fruit layer, 0% fat, with sugar(s)",05,0502,050202,"78,6",334,"7,92","11,5","10,9","0,089","0,05","0,13","0,11",-
19726,"Yaourt ou lait fermenté, nature, sucré, enrichi en vitamine D","Yogurt or fermented milk, plain, with sugar(s), fortified with vitamin D",05,0502,050201,"85,4",359,"3,03","10,9","10,8","3,02","1,93","0,017","0,078","81,5"
19727,"Yaourt au lait de chèvre, aux fruits, sucré","Yogurt, goat's milk, with fruits, with sugar(s)",05,0502,050201,"99,9",419,"3,75","11,6","11,2","4,29","2,97",-,"0,088",-
19728,"Yaourt au lait de chèvre, sur lit de fruits, sucré","Yogurt, goat's milk, on a fruit layer, with sugar(s)",05,0502,050201,107,450,"3,77","13,2","12,4","4,38","3,05",-,"0,093",-
19733,"Yaourt ou lait fermenté, sur lit de fruits, à la crème, sucré","Yogurt or fermented milk, on a fruit layer, with cream, with sugar(s)",05,0502,050201,126,528,"2,51","14,2","13,6","6,47","4,08","0,52","0,1",-
19801,"Lait fermenté à boire ou lait ribot, nature, maigre","Fermented milk drink, plain, skimmed milk",05,0502,050201,"36,2",153,"3,26","3,87","3,87","0,54","0,34","0,05","0,11","90,6"
19805,"Lait fermenté à boire ou lait ribot, nature, au lait entier","Fermented milk drink, plain, whole milk",05,0502,050201,"52,7",220,"3,31","1,99","1,99","3,2","2,24",< 3,"0,088","88,3"
19852,"Mousse à la crème de marrons, rayon frais","Chestnut mousse, refrigerated",05,0502,050204,207,872,"2,13","34,4","28,3","6,5","4,52","1,1","0,04","55,4"
19860,Yaourt à la grecque nature,"Yogurt, Greek-style, plain",05,0502,050201,103,428,"2,96","3,73","3,11","8,16","5,26","0,071","0,08","83,5"
19862,"Yaourt à la grecque aromatisé, sucré","Yogurt, Greek-style, flavoured, with sugar(s)",05,0502,050201,134,559,"2,34","14,2","13,5","7,49",5,"0,15","0,1",-
19863,"Tzatziki à base de yaourt, préemballé","Tzatziki, with yogurt, prepacked",10,1010,000000,138,571,"6,06","3,8","2,7","10,9","0,81",-,"0,88","77,8"
19864,"Tzatziki à base de fromage frais, préemballé","Tzatziki, with quark, prepacked",10,1010,000000,132,546,"6,33","2,98","2,25","10,2","1,01","1,15","0,96","79,4"
19865,Kéfir de lait,Milk kefir,05,0502,050201,"61,1",255,"3,13","4,5","3,42","3,4","2,33",0,"0,12","87,6"
19882,"Yaourt au lait de brebis, nature, 6% MG environ","Yogurt, ewe's milk, plain, around 6% fat",05,0502,050201,"98,9",411,"5,31","3,98","2,54","6,77","4,76","0,49","0,13",-
19999,"Poivron, vert, jaune ou rouge, cuit (aliment moyen)","Sweet pepper, green , yellow or red, cooked (average)",02,0201,020102,33,139,"1,11","5,42","5,1","0,33","0,088","1,99","0,0055","90,6"
20000,"Artichaut, cuit","Artichoke, globe, cooked",02,0201,020102,"33,2",137,"2,53","0,99","0,99","0,28","0,069","8,3","0,15","85,8"
20002,"Aubergine, cuite","Eggplant, cooked",02,0201,020102,"27,1",113,"0,83","4,17","3,2","0,23","0,044","2,5","0,0025","89,7"
20003,"Betterave rouge, cuite","Beetroot, cooked",02,0201,020102,"41,5",175,"1,44","7,13","6,7","0,4","0,15","2,5","0,23","88,3"
20004,"Bette ou blette, côte (sans feuille), crue","Swiss chard, stalk without leaves, raw",02,0201,020101,"12,8","53,5",1,"1,63","1,2","< 0,5","< 0,01","1,8","0,57","95,4"
20005,"Bette ou blette, côte (sans feuille), cuite","Swiss chard, stalk without leaves, cooked",02,0201,020102,"11,2","46,3","0,7","1,23","0,8","< 0,5","< 0,01","2,5","0,25","95,3"
20007,"Carotte, appertisée, égouttée","Carrot, canned, drained",02,0201,020102,"21,8","91,3","0,7","3,29","2,49","0,19","0,068","1,88","0,57",93
20009,"Carotte, crue","Carrot, raw",02,0201,020101,"30,2",127,"0,78","5,16","4,85","< 0,5","< 0,15","2,9","0,12",90
20010,"Champignon, tout type, cru","Mushroom, all types, raw",02,0201,020101,"24,3",102,"2,42","2,25","1,74","0,34","0,05","1,63","0,012","92,5"
20011,"Champignon, tout type, appertisé, égoutté","Mushroom, all types, canned, drained",02,0201,020102,"24,9",104,"1,87","2,56","2,19","0,29","0,038","2,4","1,06","91,1"
20012,"Salade ou chicorée frisée, crue","Curly endive, raw",02,0201,020101,26,108,"1,7","2,13","0,7","0,3","0,073",4,"0,11",92
20014,"Chou rouge, cru","Red cabbage, raw",02,0201,020101,"26,4",111,"1,13","4,33","3,9","< 0,5","< 0,01","2,8","0,035","90,7"
20015,"Chou vert, cuit","Green cabbage, cooked",02,0201,020102,"24,1",101,"1,03","3,04","2,79","0,45","0,14","2,4","0,098","93,9"
20016,"Chou-fleur, cru","Cauliflower, raw",02,0201,020101,"24,9",104,"1,81","2,13","1,7","0,7","0,24","2,2","0,015","92,9"
20017,"Chou-fleur, bouilli/cuit à l'eau","Cauliflower, boiled",02,0201,020102,"20,9","87,3","1,6","1,6",traces,"0,46","0,097",2,"< 0,098","93,7"
20018,"Coeur de palmier, appertisé, égoutté","Palm heart, canned, drained",02,0201,020102,"41,5",174,"2,51","5,5","1,5","0,56","0,13","2,2","0,81","90,2"
20019,"Concombre, chair et peau, cru","Cucumber, flesh and skin, raw",02,0201,020101,"16,8",71,"0,65","2,87","1,67","0,11","0,037","0,5","0,012","95,2"
20020,"Courgette, chair et peau, crue","Courgette or zucchini, flesh and skin, raw",02,0201,020101,"16,7","70,1","1,21","1,75","1,74","0,32","0,084",1,"0,02","94,8"
20021,"Courgette, chair et peau, cuite","Courgette or zucchini, flesh and skin, cooked",02,0201,020102,"15,5","64,8","0,93","1,4",traces,"0,36","0,1","1,5","0,098","93,8"
20022,"Cresson de fontaine, cru","Watercress, raw",02,0201,020101,"15,5","65,7","2,3","1,11","0,2","0,1","0,027","0,5","0,1","95,1"
20023,"Céleri branche, cru","Celery stalk, raw",02,0201,020101,"15,4","64,2","0,63","2,41","1,3","< 0,5","< 0,01","2,2","0,2","93,4"
20025,"Céleri-rave, cuit","Celeriac, cooked",02,0201,020102,"36,5",153,"1,3","4,6","2,8","0,86",-,"2,6","0,15","90,1"
20026,"Endive, crue","Chicory, raw",02,0201,020101,"16,6",70,"1,19","2,83","2,4","< 0,5","< 0,01","1,1","< 0,013","94,3"
20027,"Épinard, cuit","Spinach, cooked",02,0201,020102,"19,6","81,8","3,2","0,25",traces,"0,14","0,054","2,7","0,069","92,8"
20028,"Fenouil, cru","Fennel, raw",02,0201,020101,"18,2","76,1",1,"2,63","2,2","< 0,5","< 0,01","2,6","0,055","92,9"
20029,"Graine germée de haricot mungo ou pousse de ""soja"", appertisée, égouttée","Mung bean, sprouted, canned, drained",02,0201,020102,"22,4","94,3","1,63","2,57","2,09","0,15","0,03","1,8","0,5","93,5"
20030,"Haricot vert, cuit","French bean, cooked",02,0201,020102,"29,4",123,2,3,0,"0,17","0,048",4,"0,4","89,3"
20031,"Laitue, crue","Lettuce, raw",02,0201,020101,"14,7","61,5","1,35","1,22","0,73","0,2","0,022","1,1","0,021","95,4"
20033,"Navet, cuit","Turnip, cooked",02,0201,020102,25,105,"0,9","3,8","2,9","0,2","0,008","2,2","0,073","93,4"
20034,"Oignon, cru","Onion, raw",02,0201,020101,39,164,"1,1","6,25","4,8","0,62","0,2","1,7","0,098","89,6"
20035,"Oignon, cuit","Onion, cooked",02,0201,020102,"34,6",146,"1,3","6,2",4,"0,2","0,024","1,4","0,021","90,4"
20036,"Petits pois, appertisés, égouttés","Garden peas, canned, drained",02,0201,020102,"92,5",389,"4,87","13,7","3,59","0,8","0,15","5,75","0,65","72,8"
20037,"Petits pois, cuits","Garden peas, cooked",02,0201,020102,"61,4",257,"5,8","4,7","1,7","0,87","0,21","5,8","0,018","82,9"
20038,"Pissenlit, cru","Dandelion, raw",02,0201,020101,"48,5",204,"2,7","6,1","0,71","0,7","0,17","3,5","0,22","85,6"
20039,"Poireau, cru","Leek, raw",02,0201,020101,"30,4",128,"1,5","4,55","3,9","0,3","0,04","1,8","0,05","90,4"
20040,"Poireau, cuit","Leek, cooked",02,0201,020102,-,-,"0,81",-,-,traces,-,-,"0,04","91,9"
20041,"Poivron, vert, jaune ou rouge, cru","Sweet pepper, green, yellow or red, raw",02,0201,020101,"22,6","95,1","0,8","3,5","1,5","0,27","0,071","1,5","0,021","92,1"
20044,"Potiron, cru","Pumpkin, raw",02,0201,020101,"20,1","85,1","1,05","3,5","1,93","0,1","0,051","0,5","0,0025","93,7"
20045,"Radis rouge, cru","Radish, raw",02,0201,020101,11,46,"0,94","1,53","1,1","< 0,5","< 0,01","1,4","0,04","95,5"
20046,"Salsifis, cuit","Salsify, cooked",02,0201,020102,"67,7",286,"2,73","12,3","2,9","0,17","0,041","3,1","0,04",-
20048,"Tomate, pelée, appertisée, égouttée","Tomato, peeled, canned, drained",02,0201,020102,"16,4","68,9","0,9","1,61","1,6","0,28","0,034","1,27","0,33","94,8"
20049,"Maïs doux, en épis, cuit","Corn, on the cob, cooked",02,0201,020102,106,449,"3,41","18,6","4,54","1,5","0,2","2,4","0,0025","73,4"
20050,"Topinambour, cuit","Jerusalem artichoke, cooked",02,0202,000000,"69,3",293,"1,8","14,4","1,7","0,01",0,"2,2","0,09","80,2"
20051,"Macédoine de légumes, appertisée, égouttée","Mixed diced vegetables, canned, drained",02,0201,020102,"40,4",170,"2,32","5,59","1,73","0,28","0,076","3,16","0,61",87
20052,"Artichaut, cru","Artichoke, globe, raw",02,0201,020101,"45,4",190,"3,27","4,84","0,99","0,15","0,036","5,4","0,24","84,9"
20053,"Aubergine, crue","Eggplant, raw",02,0201,020101,"22,9","95,5","0,98","2,7","2,7","0,18","0,034",3,"0,005","92,3"
20054,"Cardon, cru","Cardoon, raw",02,0201,020101,"13,7","57,3","0,7","1,7","1,5","0,1","0,011","1,6","0,43",94
20055,"Céleri-rave, cru","Celeriac, raw",02,0201,020101,"26,3",109,"1,38","3,98","1,6","< 0,5","< 0,01","4,5","0,085","88,8"
20056,"Champignon de Paris ou champignon de couche, cru","Button mushroom or cultivated mushroom, raw",02,0201,020101,21,"88,2","2,11","1,83","1,55","0,36","0,067",1,"0,098","93,9"
20057,"Brocoli, cru","Broccoli, raw",02,0201,020101,"31,9",134,"2,9","2,15","1,7","0,36","0,047","2,6","0,075",90
20058,"Chou de Bruxelles, cru","Brussels sprout, raw",02,0201,020101,"43,9",184,"3,38","4,59","2,2","0,3","0,062","3,8","0,063",86
20059,"Épinard, cru","Spinach, raw",02,0201,020101,"33,3",140,"2,68","3,06","0,46","0,39","0,063","2,6","0,2",90
20060,"Épinard, appertisé, égoutté","Spinach, canned, drained",02,0201,020102,"24,5",102,"2,81","0,93","0,4","0,5","0,081","2,4","0,81","91,8"
20061,"Haricot vert, cru","French bean, raw",02,0201,020101,"31,9",134,"1,83","4,14","3,26","0,22","0,05","2,7","0,015","90,3"
20062,"Haricot vert, appertisé, égoutté","French bean, canned, drained",02,0201,020102,"23,2","96,4","1,34","2,07","0,77","0,32","0,083","3,36","0,65","93,4"
20063,"Haricot beurre, appertisé, égoutté","Butter bean or yellow bean, canned, drained",02,0201,020102,"23,2","97,3","1,2","3,25","0,86","0,2","0,022","1,78","0,67","93,3"
20064,"Navet, pelé, cru","Turnip, peeled, raw",02,0201,020101,"25,6",108,"0,9","4,39","3,71","0,1","0,011","1,8","0,17","91,9"
20065,"Chou-rave, cru","Kohlrabi, raw",02,0201,020101,"25,1",105,"1,7","2,44","2,44","0,1","0,013","3,6","0,05",91
20066,"Maïs doux, appertisé, égoutté","Corn, sweet, canned, drained",02,0201,020102,105,443,"2,66","18,3","2,37","1,68","0,26","3,1","0,59","75,4"
20067,"Artichaut, appertisé, égoutté","Artichoke, canned, drained",02,0201,020102,"39,8",167,"1,5","6,5","1,5","0,2",0,3,"0,8","89,9"
20068,"Tomate, concentré, appertisé","Tomato paste, concentrated, canned",02,0201,020102,"99,2",419,"4,4","17,1","13,3","0,53","0,1","4,2","0,27",72
20069,"Chou vert, cru","Green cabbage, raw",02,0201,020101,"24,4",102,"1,43","2,74","2,74","0,14","0,023","2,55","0,051","92,1"
20070,"Haricot vert, surgelé, cru","French bean, frozen, raw",02,0201,020101,"33,1",139,"1,79","4,76","2,21","0,21","0,047","2,6","0,0075","89,9"
20071,"Haricot vert, surgelé, cuit","French bean, frozen, cooked",02,0201,020102,"33,7",142,"1,49","5,1","1,23","0,17","0,042",3,"0,0025","91,4"
20072,"Petits pois, crus","Garden peas, raw",02,0201,020101,"81,2",342,"5,42","11,4","5,67","0,4","0,071","5,1","0,013","78,9"
20074,"Artichaut, cuit à la vapeur sous pression","Artichoke, globe, steamed",02,0201,020102,"46,4",192,"2,63","3,24","1,9","< 0,3","< 0,01","10,9","0,068","81,4"
20076,"Asperge, appertisée, égouttée","Asparagus, canned, drained",02,0201,020102,"20,3","84,7","1,57","1,2","1,03","0,65","0,15","1,55","0,72",94
20077,"Chou de Bruxelles, appertisé, égoutté","Brussels sprout, canned, drained",02,0201,020102,"37,8",158,"2,5","4,1","2,5","0,53","0,097","3,3","0,57","88,9"
20078,"Céleri branche, appertisé, égoutté","Celery stalk, canned, drained",02,0201,020102,"13,1","54,4","0,63","1,38","0,8","0,15","0,1",2,"0,54",95
20079,"Champignon de Paris ou champignon de couche, appertisé, égoutté","Button mushroom or cultivated mushroom, canned, drained",02,0201,020102,"18,3","75,8",2,"0,64",0,"0,37","0,065","2,5","0,63","92,9"
20081,"Salsifis, appertisé, égoutté","Salsify, canned, drained",02,0201,020102,"29,2",123,"1,33","4,33",1,"0,17","0,07","2,5","0,64","91,5"
20082,"Chou-fleur, surgelé, cru","Cauliflower, frozen, raw",02,0201,020101,"25,1",105,"2,01","2,5","2,22","0,27","0,041","2,3","0,06","92,5"
20083,"Epinard, haché ou purée ou en branches, surgelé, cru","Spinach, frozen, raw",02,0201,020101,28,117,"3,32",1,"0,83","0,54","0,041","2,95","0,14","90,2"
20084,"Petits pois, surgelés, crus","Garden peas, frozen, raw",02,0201,020101,"77,9",328,"5,86","9,5","3,75","0,4","0,066","6,45","0,18",80
20085,"Poivron vert, cru","Sweet pepper, green, raw",02,0201,020101,"22,5","93,9","0,81","3,43",3,"< 0,5","< 0,01","3,2","< 0,013",93
20086,"Poivron vert, cuit","Sweet pepper, green, cooked",02,0201,020102,"17,3","72,8","0,92","2,36","2,36","0,2","0,029","1,2","0,005","91,9"
20087,"Poivron rouge, cru","Sweet pepper, red, raw",02,0201,020101,"33,6",141,"1,06","5,98","4,8","< 0,5","< 0,01","3,2","< 0,013","90,2"
20088,"Poivron rouge, cuit","Sweet pepper, red, cooked",02,0201,020102,"37,9",159,"1,17","6,41",6,"0,35","0,1","2,2","0,0055","90,2"
20089,"Radis noir, cru","Radish, black, raw",02,0201,020101,"28,2",119,"0,94","5,52","4,3","< 0,3","< 0,01","1,2","0,058","91,4"
20090,"Scarole, crue","Escaroles, raw",02,0201,020101,"20,5","85,5","1,44",2,"0,7","0,23","0,049","2,3","0,036","92,9"
20091,"Betterave rouge, crue","Beetroot, raw",02,0201,020101,"40,2",169,"1,61","6,34","6,34","0,17","0,027","2,8","0,2","87,6"
20092,"Carotte, déshydratée","Carrot, dehydrated",02,0201,020103,317,1330,"8,1",56,"38,8","1,49","0,26","23,6","0,69",4
20093,"Petits pois et carottes, appertisés, égouttés","Garden peas and carrots, canned, drained",02,0201,020102,"53,8",227,"2,52","8,58","3,32","0,37","0,074","3,08","0,62","87,5"
20094,"Chou-rave, bouilli/cuit à l'eau","Kohlrabi, boiled/cooked in water",02,0201,020102,28,118,"1,8","4,4","2,8","0,11","0,014","1,1","0,053","90,3"
20095,"Chou rouge, bouilli/cuit à l'eau","Red cabbage, boiled/cooked in water",02,0201,020102,"25,3",106,"1,51","3,32","3,32","0,09","0,011","2,6","0,07","90,8"
20096,"Potiron, cuit","Pumpkin, cooked",02,0201,020102,"26,1",110,"0,81","4,47","3,1","0,07","0,037",2,"< 0,01",92
20097,"Échalote, crue","Shallot, raw",02,0201,020101,"61,7",261,"1,81","12,2","3,3","< 0,5","< 0,01","2,6","0,013","82,3"
20099,"Mâche, crue","Lamb's lettuce, raw",02,0201,020101,15,"62,6",2,"0,5",traces,"< 0,5","< 0,01","2,3","< 0,013","93,7"
20101,"Légumes, mélange surgelé, crus","Mixed vegetables, frozen, raw",02,0201,020101,"65,1",271,"2,26","5,71","2,18","2,65","0,84","4,7","0,6","85,2"
20102,"Champignon de Paris ou champignon de couche, bouilli/cuit à l'eau","Button mushroom or cultivated mushroom, boiled/cooked in water",02,0201,020102,"28,7",120,"2,17",3,"2,34","0,47","0,061","2,2","0,005","91,1"
20103,"Champignon, chanterelle ou girolle, crue","Chanterelle or girolle mushroom, raw",02,0201,020101,"24,7",102,"1,49","1,77","1,16","0,53","0,5","3,8","0,023","89,9"
20105,"Champignon, morille, crue","Morel, raw",02,0201,020101,"23,5","97,9","3,12","0,1","0,057","0,57","0,065","2,8","0,053","89,6"
20106,"Champignon, truffe noire, crue","Black truffle, raw",02,0201,020101,-,-,"5,77",-,"0,7","0,51","0,11","8,5","0,17","75,9"
20108,"Maïs doux, en épis, surgelé, cru","Corn, on the cob, frozen, raw",02,0201,020101,"97,4",411,"3,36",17,"2,74","1,19","0,19","2,65","0,01","73,3"
20111,"Oseille, crue","Sorrel, raw",02,0201,020101,"23,4","97,8","1,89","1,6","1,54","0,65","0,1","1,8","0,0094",93
20114,"Champignon, pleurote, crue","Oyster mushroom, raw",02,0201,020101,"26,8",112,"3,31","1,5","1,07","0,41","0,062","2,3","0,045","89,2"
20116,"Chou blanc, cru","White cabbage, raw",02,0201,020101,"35,2",147,"1,38","4,63","4,2","0,6","0,27","3,5","0,033",90
20118,"Fenouil, bouilli/cuit à l'eau","Fennel, boiled/cooked in water",02,0201,020102,"11,7","48,8","1,13","0,8","0,5","< 0,1","< 0,039",2,"0,15","94,4"
20119,"Tomate verte, crue","Tomato, green, raw",02,0201,020101,"24,8",105,"1,2",4,4,"0,2","0,028","1,1","0,033",93
20123,"Batavia, crue","Lettuce, var. batavia, raw",02,0201,020101,"14,9","62,4","1,25","1,78","1,1","< 0,5","< 0,01","2,1","0,015","95,6"
20124,"Petits pois, surgelés, cuits","Garden peas, frozen, cooked",02,0201,020102,"65,8",277,"5,15","7,95","4,65","0,27","0,049","5,5","0,18","79,5"
20125,"Champignon de Paris ou champignon de couche, sauté/poêlé, sans matière grasse","Button mushroom or cultivated mushroom, sautéed/pan-fried, without added fat",02,0201,020102,"38,4",161,"4,44","4,53",traces,"0,6","0,18","0,9","0,028","88,4"
20127,"Pourpier, feuille, cru","Purslane, leaf, raw",02,0201,020101,-,-,"2,03",-,-,"0,36",-,-,"0,11","92,9"
20128,"Courge musquée, chair sans peau, crue","Pumpkin (cucurbita moschata), flesh without skin, raw",02,0201,020101,"23,5","99,3","0,55","4,6",-,"0,1",-,1,-,"93,3"
20132,"Potimarron, chair sans peau, cru","Red kuri squash, flesh without skin, raw",02,0201,020101,"22,1","92,7","0,95","3,1","1,69","0,28","0,027","1,7","0,074","91,5"
20134,"Courge hokkaïdo, chair sans peau, crue","Sweet green hokkaido squash, flesh without skin, raw",02,0201,020101,"56,1",236,"1,4","9,98",-,"0,6",-,"2,6",-,"86,1"
20135,"Fondue de poireau, préemballée","Leeks fondue or slow-simmered leeks, prepacked",02,0201,020102,"58,4",240,"1,1",-,-,"5,2","3,6","3,6","0,5",-
20136,"Courge melonnette, chair sans peau, crue","Squash, melonnette jaspée from Vendée, flesh without skin, raw",02,0201,020101,"30,8",130,"0,75","5,98",-,"0,13",-,"1,35",-,"91,2"
20137,"Tomate, pelée, appertisée, au jus, non égouttée","Tomato, peeled, canned, in juice, solids and liquids",02,0201,020102,"21,8","91,4","0,79","3,15","2,55","0,25","0,034","1,9","0,025","94,8"
20138,"Courge butternut (doubeurre), chair sans peau, crue","Squash, butternut, flesh without skin, raw",02,0201,020101,"30,5",129,1,"5,4","2,2","0,1","0,021",2,"0,01","86,4"
20139,"Courge, crue","Squash, all types, raw",02,0201,020101,"14,4","60,2","0,95","1,6","1,6","0,13","0,027","1,5","0,01","94,9"
20141,"Courge butternut (doubeurre), chair sans peau, bouillie/cuite à l'eau","Squash, butternut, flesh without skin, boiled",02,0201,020102,"28,2",118,"0,69","4,56","4,51","0,2","0,052","2,4","0,01","91,6"
20143,"Courge spaghetti, chair sans peau, cuite","Squash, spaghetti, flesh without skin, cooked",02,0201,020102,28,118,"0,66","5,06","2,53","0,26","0,062","1,4","0,045","92,3"
20145,"Courge spaghetti, chair sans peau, crue","Squash, spaghetti, flesh without skin, raw",02,0201,020101,"32,3",136,"0,64","5,41","2,76","0,57","0,12","1,5","0,043","91,6"
20151,"Piment, cru","Chili pepper, raw",02,0201,020101,"37,4",158,"1,87","5,75","4,01","0,44","0,042","1,5","0,023",88
20155,"Artichaut, coeur, appertisé, égoutté","Artichoke, globe, heart, canned, drained",02,0201,020102,"24,2",101,"1,8","2,31","1,2","< 0,5","< 0,01","3,2","0,78","90,5"
20156,"Artichaut, fond, appertisé, égoutté","Artichoke, globe, base, canned, drained",02,0201,020102,"23,4","98,1","1,2","3,02","0,8","< 0,5","< 0,01","2,6","0,73","91,3"
20158,"Tétragone cornue, cuite","New Zealand spinach, cooked",02,0201,020102,"13,5","56,6","1,3",1,"0,25","0,17","0,027","1,4","0,27","94,8"
20159,"Champignon, oronge vraie, crue","Caesar's mushroom or royal agaric, raw",02,0201,020101,-,-,2,-,1,"0,3","0,07","1,7","0,013","92,9"
20160,"Champignon, cèpe, cru","Cep or boletus mushroom, raw",02,0201,020101,"28,8",121,"3,23",2,"1,28","0,49","0,12","2,12","0,048","90,3"
20161,"Champignon, rosé des prés, cru","Field mushroom, raw",02,0201,020101,-,-,"2,3",-,1,"0,4","0,1","1,7","0,013","92,1"
20162,"Chicorée rouge, crue","Red endive, raw",02,0201,020101,"18,9","78,7","1,4","1,6","1,6","0,1","0,02",3,"0,018",94
20163,"Chicorée verte, crue","Green endive, raw",02,0201,020101,"16,1","67,3","1,9","0,5","0,5","0,5","0,12",1,"0,041","91,2"
20165,"Rutabaga, cuit","Rutabaga or Swede, cooked",02,0201,020102,26,109,"0,93","4,26","3,95","0,18","0,029","1,8","0,013","91,5"
20166,"Citrouille, chair sans peau, crue","Pumpkin, flesh without skin, raw",02,0201,020101,"29,7",126,1,"5,79","2,76","0,1","0,052","0,5","0,0025","91,6"
20167,"Chou chinois pé-tsaï, cru","Chinese cabbage (nappa cabbage), raw",02,0201,020101,"16,4","69,2","1,25","2,1","0,82","0,2","0,042","0,73","0,023","95,2"
20168,"Poivron jaune, cru","Sweet pepper, yellow, raw",02,0201,020101,"29,4",124,"0,94","4,73","4,3","0,3","0,11","1,2","< 0,013","91,9"
20169,"Tomate, chair, appertisée","Tomato flesh without skin, canned",02,0201,020102,"22,6","95,1","1,2","3,63","3,2","< 0,5","< 0,01","1,8","0,068",93
20170,"Tomate, purée, appertisée","Tomato puree, canned",02,0201,020102,"47,6",202,"1,5","8,42","3,3","0,2","0,052","1,6","0,42","85,6"
20171,"Laitue romaine, crue","Cos or romaine lettuce, raw",02,0201,020101,"17,2","71,8","1,23","1,35","1,19","0,3","0,039","2,1","0,02","94,6"
20172,"Tomate cerise, crue","Tomato, cherry, raw",02,0201,020101,"31,8",135,"1,31","5,62","4,8","< 0,5","< 0,01","1,2","< 0,013","90,1"
20173,"Pois mange-tout ou pois gourmand, cru","Snow pea, raw",02,0201,020101,43,181,"2,8","6,2",4,"0,2","0,039","2,6","0,01","88,9"
20180,"Oignon, séché","Onion, dried",02,0201,020103,355,1500,"8,95","74,1","37,4","0,46","0,078","9,2","0,053","3,93"
20181,"Panais, cru","Parsnip, raw",02,0201,020101,"67,9",286,"1,2","12,6","4,8","0,3","0,05","4,9","0,025","79,5"
20183,"Graine germée de haricot mungo ou pousse de ""soja"", crue","Mung bean, sprouted, raw",02,0201,020101,"28,3",119,"2,81","3,4","3,4","< 0,5","< 0,0002","1,7","0,043","91,7"
20188,"Bambou, pousses, appertisées, égouttées","Bamboo shoots, canned, drained",02,0201,020102,"19,3",81,"1,63","1,9","1,89","0,31","0,072","1,2","0,19","95,1"
20189,"Tomate, séchée","Tomato, dried",02,0201,020103,-,-,"14,1","43,5","37,6","2,97","0,43","12,3","0,62","14,6"
20192,"Tomate côtelée ou coeur de boeuf, crue","Tomato, beef heart, raw",02,0201,020101,"17,4","73,5","0,5","3,4","2,98","< 0,5","< 0,01","0,9","< 0,013","94,6"
20194,"Haricots blancs à la sauce tomate, appertisés","Haricot beans with tomato sauce, canned",01,0103,010306,"80,5",339,"4,83","11,7",3,"0,5","0,16",5,"0,87","74,7"
20195,"Haricot beurre, cru","Butter bean or yellow bean, raw",02,0201,020101,"37,6",158,"1,82","5,6",-,"0,12","0,026","3,4","0,015","90,3"
20196,"Topinambour, cru","Jerusalem artichoke, raw",02,0202,000000,"74,7",316,2,"15,8","9,6","0,01",0,"1,6","0,01",78
20197,"Salsifis noir, ou scorsonère d'Espagne, cru","Salsify, black, raw",02,0201,020101,83,351,"3,13","15,3",-,"0,3","< 0,1","3,3","0,011",77
20198,"Bambou, pousse, crue","Bamboo shoots, raw",02,0201,020101,"29,1",122,"2,6","2,57","2,57","0,3","0,069","2,2","0,01",91
20199,"Cresson alénois, cru","Garden cress, raw",02,0201,020101,"23,8","99,6","2,6","1,22","1,22","0,7","0,023","1,1","0,035","89,4"
20200,"Laitue iceberg, crue","Iceberg lettuce, raw",02,0201,020101,"17,3","72,6","0,95","2,5","1,24","0,14","0,018","1,1","0,016","95,6"
20201,"Rutabaga, cru","Rutabaga or Swede, raw",02,0201,020101,"33,2",140,"1,08","5,7","4,46","0,16","0,027","2,3","0,03","89,4"
20202,"Champignon noir, séché","Cloud ear fungus, dried",02,0201,020103,-,-,"7,5",-,0,"0,075",0,-,"0,088",-
20203,"Haricot beurre, surgelé, cru","Butter bean or yellow bean, frozen, raw",02,0201,020101,"33,1",139,"1,8","4,59","2,5","0,21","0,047","2,8","0,0075","89,9"
20204,"Brocoli, surgelé, cru","Broccoli, frozen, raw",02,0201,020101,"26,4",110,"2,78","1,5","1,24","0,42","0,076","2,75","0,046","90,6"
20206,"Chou de Bruxelles, surgelé, cru","Brussels sprout, frozen, raw",02,0201,020101,"45,2",190,"3,78","4,69","2,35","0,41","0,084","3,8","0,025","87,1"
20208,"Carotte, surgelée, crue","Carrot, frozen, raw",02,0201,020101,"33,6",141,"0,78","4,95","4,69","0,46","0,047","3,3","0,17",90
20210,"Concombre, chair sans peau, cru","Cucumber, flesh without skin, raw",02,0201,020101,"11,1","46,8","0,56","2,23","1,8","< 0,5","< 0,01","0,8","< 0,013","96,3"
20211,"Champignon, lentin comestible ou shiitaké, séché","Shiitake mushroom, dried",02,0201,020103,316,1330,"9,58","63,9","2,21","0,99","0,23","11,5","0,033","9,5"
20212,"Champignon, lentin comestible ou shiitaké, cuit","Shiitake mushroom, cooked",02,0201,020102,"60,9",258,"1,56","12,3","3,84","0,22","0,05","2,1","0,01","83,5"
20214,"Petits pois et carottes, surgelés, crus","Garden peas and carrots, frozen, raw",02,0201,020101,53,223,"3,4","7,1","3,43","0,47","0,084","3,4","0,2","84,4"
20216,"Pois mange-tout ou pois gourmand, bouilli/cuit à l'eau","Snow pea, boiled/cooked in water",02,0201,020102,"30,9",129,"2,25","3,39","2,3","0,3","0,08","2,8","0,013","90,9"
20217,"Roquette, crue","Roman rocket, raw",02,0201,020101,"27,9",117,"2,58","2,1","2,05","0,66","0,086","1,6","0,068","91,7"
20218,"Chou frisé, cru","Curly kale, raw",02,0201,020101,"49,5",207,"4,28","4,2","2,26","0,93","0,091","3,6","0,095",84
20219,"Chou frisé, cuit","Curly kale, cooked",02,0201,020102,"29,7",125,"1,9","3,63","1,25","0,4","0,052",2,"0,058","91,2"
20221,"Chou chinois pé-tsaï, sauté/poêlé","Chinese cabbage (nappa cabbage),  sautéed/pan-fried, without added fat",02,0201,020102,"18,9","79,5","1,06","2,77","2,72","< 0,5","< 0,15","1,6","0,043","94,2"
20228,"Champignon de Paris ou champignon de couche, surgelé, cru","Button mushroom or cultivated mushroom, frozen, raw",02,0201,020101,"16,1","67,2","1,87","0,93","0,25","0,2","0,1","1,97","0,02","93,2"
20230,"Courgette, chair et peau, surgelée, crue","Courgette or zucchini, flesh and skin, frozen, raw",02,0201,020101,"16,5",69,"1,08",2,"1,11","0,13","0,027","1,48","0,028","94,7"
20231,"Crosne, surgelé, cru","Chinese or Japanese artichokes, frozen, raw",02,0201,020101,"51,8",220,"7,38","5,51","0,5","0,03",0,0,"0,0025",-
20232,"Artichaut, fond, surgelé, cru","Artichoke globe, base, frozen, raw",02,0201,020101,"54,5",227,"1,89","7,02","1,89","0,42","0,1","7,54","0,18","85,9"
20233,"Maïs doux, surgelé, cru","Corn, frozen, raw",02,0201,020101,105,444,"3,28","19,8","3,78","0,78","0,12","2,8","0,013","71,8"
20234,"Navet, surgelé, cru","Turnip, frozen, raw",02,0201,020101,"20,4","85,6","1,04","2,8","1,9","0,16","0,017","1,8","0,063","95,7"
20235,"Oignon, surgelé, cru","Onion, frozen, raw",02,0201,020101,"30,3",127,"0,89","5,22","3,81","0,06","0,011","2,65","0,025","90,2"
20236,"Poireau, surgelé, cru","Leek, frozen, raw",02,0201,020101,"26,6",111,"1,48","3,37","2,95","0,26","0,25","2,55","0,018","91,7"
20237,"Salsifis, surgelé, cru","Salsify, frozen, raw",02,0201,020101,"41,1",172,"2,34","4,68","2,5","0,16",0,"5,8","0,043","85,8"
20238,"Oignon rouge, cru","Red onion, raw",02,0201,020101,35,147,"1,31","5,63","5,2","0,4","0,14","2,5","< 0,013","90,3"
20239,"Oignon jaune, cru","Yellow onion, raw",02,0201,020101,"35,9",151,"1,19","6,39","0,2","< 0,5","< 0,01","2,6","< 0,013",89
20240,"Piperade basquaise, préemballée","Piperade, Basque-style (fondue of sweet peppers and tomatoes with onions and garlic), prepacked",01,0103,010306,"67,8",282,"1,1","5,38","4,9","3,8",2,"3,4","0,76","84,5"
20241,"Cardon, cuit","Cardoon, cooked",02,0201,020102,22,"92,3","0,76","3,63",-,"0,11","0,012","1,7","0,44","93,5"
20242,"Tomate, chair et peau, bouillie/cuite à l'eau","Tomato, flesh and skin, boiled/cooked in water",02,0201,020102,"17,4","73,4","0,95","2,8","2,49","0,11","0,015","0,7","0,028","94,3"
20243,"Pois mange-tout ou pois gourmands, cuits","Snow pea, cooked",02,0201,020102,"47,3",199,"3,5","5,92","4,82","0,38","0,073","3,1","0,013","86,6"
20246,"Petit pot légumes, dès 4-6 mois","Baby food jar with vegetables, from 4-6 months",11,1102,000000,24,101,"0,9","3,8","3,7","< 0,5","< 0,0002","2,6","0,042","92,2"
20247,"Petit pot légumes, avec féculent, dès 4/6 mois","Baby food jar with vegetables and starchy food, from 4-6 months",11,1102,000000,"41,7",175,"1,3","6,45","0,5","0,8","0,088","1,75","0,022","89,8"
20248,"Plat légumes, avec féculent, dès 6-8 mois","Baby meal, vegetables and starchy food, from 6-8 months",11,1102,000000,"42,9",180,"1,2","6,9","2,8","0,7","0,066","2,1","0,24","88,6"
20249,"Plat légumes, avec féculent et lait/crème, dès 6/8 mois","Baby meal, vegetable with milk/cream and starchy food, from 6-8 months",11,1102,000000,"70,2",295,"2,38","9,12","4,62","2,3","0,29","1,5","0,075","83,9"
20250,"Plat légumes, avec féculent et lait/crème, dès 8/12 mois","Baby meal, vegetable with milk/cream and starchy food, from 8-12 months",11,1102,000000,"77,5",324,"2,1","8,1","3,4","3,5","1,31","2,6","0,27","83,6"
20251,"Plat légumes, avec féculent et lait/crème, dès 12 mois","Baby meal, vegetable with milk/cream and starchy food, from 12 months",11,1102,000000,"71,6",300,"2,88","8,53","2,37","2,3","0,26","2,4","0,2","83,1"
20252,Soupe pour bébé légumes et pomme de terre,"Baby soup, with vegetables and potatoes",11,1102,000000,"38,1",160,1,"5,88","1,32","0,91","0,16","1,4","0,18","90,4"
20253,"Soupe pour bébé légumes, céréales et lait","Baby soup, with vegetables, cereals and milk",11,1102,000000,"59,5",249,"1,5","7,19","3,23","2,5","0,41","0,9","0,21","87,2"
20254,"Plat légumes, avec féculent et lait/crème, dès 18 mois","Baby meal, vegetable with milk/cream and starchy food, from 18 months",11,1102,000000,"70,3",295,"2,56","8,59","2,71","2,4","0,77","1,4","0,2",84
20255,"Échalote, cuite","Shallot, cooked",02,0201,020102,"69,3",293,"2,13","13,5","6,3","< 0,5","< 0,0002","3,4","0,031",80
20256,"Tomate, séchée, à l'huile","Tomato, dried, in oil",02,0201,020103,-,-,"5,06","7,98","6,5","13,2","1,89","5,8","0,67","53,8"
20257,"Haricots verts, purée","French bean, puree",02,0201,020102,"56,3",234,"1,7","4,2","1,5","2,9","1,9","3,3","0,36",-
20258,"Légumes (3-4 sortes en mélange), purée","Vegetables (3-4 types), mashed",02,0201,020102,"61,2",254,"1,94","4,25","2,4","3,4","2,17","3,3","0,63",86
20259,"Brocoli, purée","Broccoli, puree",02,0201,020102,29,122,"2,5","2,75","1,65","0,38",-,"2,39","0,02","91,7"
20260,"Tomate, coulis, appertisé (purée de tomates mi-réduite à 11%)","Tomato coulis, canned (tomato puree semi-reduced 11%)",02,0201,020102,"45,5",192,"2,05","7,57","5,5","0,2","0,08","2,6","0,88","89,1"
20261,"Carotte, purée","Carrots, puree",02,0201,020102,"30,1",126,"0,88","5,06","4,8","< 0,3","< 0,01","3,1","0,13","90,1"
20262,"Poêlée de légumes assaisonnés sans champignon, surgelée, crue","Vegetables, pan-fried without mushrooms, seasonned, frozen, raw",01,0103,010306,"50,4",210,"2,6",5,"1,5","1,5","0,4","3,6","1,25","87,1"
20263,"Légumes pour potages, surgelés, crus","Mixed vegetables for soups, frozen, raw",02,0201,020101,"33,9",143,"1,33","5,83","3,17",0,0,"2,67","0,038","89,2"
20264,"Courgette, purée","Courgette or zucchini, puree",02,0201,020102,"57,3",240,"2,8","6,5","2,3","1,9","1,3","1,5","0,6",-
20265,"Julienne ou brunoise de légumes, surgelée, crue","Thinly-shredded or diced vegetables, frozen, raw",02,0201,020101,"27,9",117,"1,19","4,08","3,13","0,25","0,1","2,28","0,1",-
20266,"Légumes pour ratatouille, surgelés","Mixed vegetables for ratatouille, frozen",02,0201,020101,21,"88,3","1,01","3,23","2,88","0,089",0,"1,67","0,082","94,2"
20267,"Printanière ou jardinière de légumes, surgelée, crue (petits pois, pommes de terre, haricots verts, carottes, oignon)","Spring vegetables, frozen, raw (green peas, potatoes, green beans, carrots, onions)",02,0201,020101,"51,3",216,"2,4","8,48","2,62","0,078",0,"3,62","0,042","85,7"
20268,"Tomate, double concentré, appertisé","Tomato paste, double concentrate, canned",02,0201,020102,"99,5",422,"3,75","19,3","19,3","0,47",0,"1,5","0,93","74,3"
20269,"Haricot plat, cru","Flat bean, raw",02,0201,020101,"32,4",136,"1,93","4,47","1,3","0,12",0,"2,97","0,035","92,2"
20270,"Épinard, jeunes pousses pour salades, cru","Spinach, young leaves for salad, raw",02,0201,020101,17,"70,5","2,06",traces,traces,"0,4","0,09","2,4","0,063","93,7"
20271,"Macédoine de légumes, précuite, à finir de cuire, surgelée","Mixed diced vegetables, pre-cooked, to be recooked, frozen",02,0201,020102,"62,4",262,4,"7,5","3,5","0,5",0,6,"0,045","84,4"
20272,"Mesclun ou salade, mélange de jeunes pousses","Mesclun or salads, mix of baby leaves",02,0201,020101,22,"92,5",2,"2,5",0,0,0,2,"0,048",-
20273,"Poêlée de légumes assaisonnés à l'asiatiques ou wok de légumes, surgelée, crue","Vegetables, pan-fried or stir-fried, seasonned, Asian-style, frozen, raw",01,0103,010306,"73,5",305,"1,75",4,"3,25",5,"0,5","2,75","0,18",-
20274,"Poêlée de légumes assaisonnés grillée, méridionale ou méditerranéenne, surgelée, crue","Vegetables, pan-fried or stir-fried, seasonned, Mediterranean-style, frozen, raw",01,0103,010306,48,200,"1,61","4,33","2,66","1,77","0,15","4,14","0,25","86,5"
20275,"Poivron rouge, appertisé, égoutté","Sweet pepper, red, canned, drained",02,0201,020102,"26,3",111,"0,96","4,5","3,2","0,2","0,029","1,35","0,17","91,9"
20276,"Tomate ronde, crue","Tomato, round, raw",02,0201,020101,"17,5","73,8","0,5","3,42",3,"< 0,5","< 0,01",1,"< 0,013","94,6"
20277,"Asperge blanche, bouillie/cuite à l'eau","Asparagus, white, boiled/cooked in water",02,0201,020102,"17,3","72,6","1,44","1,63","1,2","0,3","0,1","1,3","0,013","94,9"
20278,"Céleri-rave, purée","Celeriac, puree",02,0201,020102,"26,2",109,"1,37","2,83","2,11","0,18",0,"4,01","0,12","91,4"
20279,"Asperge, verte, crue","Asparagus, green, raw",02,0201,020101,"24,7",103,"2,46","2,03","1,5","0,27","0,069","2,15","0,014","92,5"
20280,"Chou romanesco ou brocoli à pomme, cru","Romanesco cauliflower or romanesco broccoli, raw",02,0201,020101,"29,7",124,"2,95","2,2","2,2","0,3","0,047","3,2","0,058","89,8"
20282,"Asperge, blanche ou violette, pelée, crue","Asparagus, white or purple, peeled, raw",02,0201,020101,21,"88,2","2,2","1,62","1,62","0,12","0,04","2,1","0,005","93,2"
20283,"Salicorne (Salicornia sp.), crue","Glasswort (Salicornia sp.), fresh, raw",02,0201,020101,"13,1","54,5","1,02","0,98","0,021","0,17",-,"1,79","2,96","92,2"
20284,"Petits pois, purée","Garden peas, puree",02,0201,020102,86,360,"4,8",8,3,"2,8","1,7","4,8","0,74",-
20288,"Salade sucrine, crue","Lettuce, sucrine, raw",02,0201,020101,"16,6",70,"1,13","2,58","1,78","< 0,3","< 0,01","0,8","< 0,013","94,8"
20289,"Tomate, chair et peau, rôtie/cuite au four","Tomato, flesh and skin, roasted/baked",02,0201,020102,24,101,1,"3,53","3,1","0,4","0,11","1,9","< 0,013","92,6"
20290,"Chou romanesco ou brocoli à pomme, cuit","Romanesco cauliflower or romanesco broccoli, cooked",02,0201,020102,"34,5",143,3,"2,03","1,6","0,8","0,27","4,3","< 0,013","91,5"
20291,"Potimarron, chair sans peau, cuit à l'étouffée","Red kuri squash, flesh without skin, braised",02,0201,020102,"44,2",185,"1,31","7,05","4,5","0,5","0,14","3,3","< 0,013","87,3"
20292,"Courge butternut (doubeurre), chair sans peau, cuite","Pumpkin (cucurbita moschata), flesh without skin, cooked",02,0201,020102,"28,9",122,"1,06","5,24",4,"< 0,5","< 0,01","1,8","< 0,013","90,9"
20293,"Haricot coco, bouilli/cuit à l'eau","Coco bean, boiled/cooked in water",02,0203,020301,130,545,"9,63","13,7","1,1","0,5","0,11","15,8","0,023","61,3"
20295,"Salade feuille de chêne, crue","Lettuce, oak-leaf, raw",02,0201,020101,"10,7","44,6","1,13","1,03","0,6","< 0,5","< 0,01","1,8","0,023","95,8"
20296,"Brèdes chou de Chine ou bok choy ou pak choï, tiges et feuilles, cuites à la vapeur, prélevées à La Réunion (Brassica rapa subsp. Chinensis)","Chinese cabbageor bok choï bredes, rods and leafs, steamed, from the island La Réunion (Brassica rapa subsp. Chinensis)",02,0201,020105,"16,4","68,9","1,69","1,7","0,4","< 0,3","< 0,01","1,3","0,038","94,1"
20297,"Chayote ou christophine ou chouchou, chair sans peau, sans noyau, cuite à la vapeur, prélevée à La Réunion (Sechium edule)","Chayote, without skin, pitted, steamed, sampled in the island La Réunion (Sechium edule)",02,0201,020105,"20,9","88,2","0,63","3,5","2,8","< 0,3","< 0,01","1,4","0,018","93,4"
20298,"Carotte, purée cuisinée à la crème, préemballée","Carrots, , seasoned puree with cream, prepacked",02,0201,020102,"43,7",182,"1,44","4,57","4,39","1,6","0,99",3,"0,53","89,6"
20299,"Asperge verte, bouillie/cuite à l'eau","Asparagus, green, boiled/cooked in water",02,0201,020102,"25,3",106,"2,69","1,73","1,3","0,3","0,07","2,2","< 0,013","92,7"
20300,"Aubergine, chair et peau, rôtie/cuite au four","Eggplant, flesh and skin, roasted/baked",02,0201,020102,"31,1",132,"1,31","3,83","3,4","< 0,3","< 0,01","1,9","< 0,013",91
20301,"Bette ou blette, côte et feuille, bouillie/cuite à l'eau","Swiss chard, leaf and stalk, boiled/cooked in water",02,0201,020102,"15,6","64,5","0,88","1,43",1,"0,3","0,1","2,5","0,19","95,2"
20302,"Brocoli, bouilli/cuit à l'eau, croquant","Broccoli, boiled/cooked in water, crunchy",02,0201,020102,"22,2","92,6","2,5","1,23","0,8","0,4","0,1","2,6","0,043","92,9"
20303,"Brocoli, bouilli/cuit à l'eau, fondant","Broccoli, boiled/cooked in water, tender",02,0201,020102,"21,8","90,6","2,19","1,03","0,6","0,5","0,14",3,"0,033","93,8"
20304,"Brocoli, cuit à la vapeur","Broccoli, steamed",02,0201,020102,38,160,"4,13","2,53","1,5","0,7","0,25","2,2","0,04","89,4"
20305,"Carotte, bouillie/cuite à l'eau, croquante","Carrot, boiled/cooked in water, crunchy",02,0201,020102,"33,1",139,"0,75","6,33","5,9","< 0,3","< 0,01","3,2","0,11","89,2"
20306,"Carotte, bouillie/cuite à l'eau, fondante","Carrot, boiled/cooked in water, tender",02,0201,020102,"29,6",124,"0,25","5,73","5,1","< 0,3","< 0,01","3,3","0,12","90,1"
20307,"Carotte, cuite à la vapeur","Carrot, steamed",02,0201,020102,"40,3",169,"0,63","7,33","6,9","0,3","0,07","3,7","0,11","87,7"
20308,"Chou blanc, bouilli/cuit à l'eau","White cabbage, boiled/cooked in water",02,0201,020102,"20,8","87,1",1,"3,23","2,8","< 0,3","< 0,01","2,7","0,018","92,9"
20309,"Chou de Bruxelles, bouilli/cuit à l'eau","Brussels sprout, boiled/cooked in water",02,0201,020102,"44,4",187,"3,19","5,4","4,1","< 0,3","< 0,01","4,8","0,023","85,5"
20310,"Chou rouge, cuit à l'étouffée","Red cabbage, braised",02,0201,020102,"33,9",143,"1,19","5,7","4,5","< 0,3","< 0,01",3,"0,033","89,1"
20311,"Chou vert, bouilli/cuit à l'eau","Green cabbage, boiled/cooked in water",02,0201,020102,19,79,"1,63","1,83","1,4","< 0,3","< 0,01","3,3","0,013","92,7"
20312,"Chou-fleur, cuit à la vapeur","Cauliflower, steamed",02,0201,020102,"30,5",129,"2,56","3,41","2,4","0,3","0,09","1,8","0,013","91,1"
20313,"Courgette, chair et peau, rôtie/cuite au four","Courgette or zucchini, flesh and skin, roasted/baked",02,0201,020102,"20,3","85,6","1,5","3,13","2,7","< 0,3","< 0,01","1,7","< 0,013","93,1"
20314,"Céleri branche, cuit à l'étouffée","Celery stalk, braised",02,0201,020102,"14,7","61,4","0,75","2,48","1,7","< 0,3","< 0,01","1,5","0,35","94,3"
20315,"Céleri rave, bouilli/cuit à l'eau","Celeriac, boiled/cooked in water",02,0201,020102,"26,2",110,"0,94","4,32","1,2","0,3","0,09","2,6","0,093",91
20316,"Endive, rôtie/cuite au four","Chicory, roasted/baked",02,0201,020102,22,"93,7","1,13","4,38","3,2","< 0,3","< 0,01","< 0,5","< 0,013","93,7"
20317,"Fenouil, cuit à l'étouffée","Fennel, braised",02,0201,020102,"11,8","49,1","0,25","1,94","1,3","< 0,3","< 0,01","1,8","0,028","95,1"
20318,"Haricot beurre, bouilli/cuit à l'eau","Butter bean or yellow bean, boiled/cooked in water",02,0201,020102,35,147,"2,19","4,45","2,2","0,3","0,09","2,7","< 0,013","89,6"
20320,"Haricot vert, bouilli/cuit à l'eau","French bean, boiled/cooked in water",02,0201,020102,27,113,"1,75","3,39","2,5","< 0,3","< 0,01","3,2","< 0,013","90,8"
20321,"Navet, bouilli/cuit à l'eau","Turnip, boiled/cooked in water",02,0201,020102,"18,4","77,3","0,75","3,23","2,8","< 0,3","< 0,01","2,1","0,025","94,2"
20322,"Oignon blanc ou jaune, sauté/poêlé sans matière grasse","Onion, white or yellow, sautéed/pan-fried, without added fat",02,0201,020102,"39,2",165,"1,56","6,73",5,"< 0,3","< 0,01","2,8","< 0,013","88,1"
20323,"Oignon nouveau ou oignon frais ou cébette, sauté/poêlé sans matière grasse","Spring onion, sautéed/pan-fried, without added fat",02,0201,020102,28,117,"1,13","3,56","2,8","0,3","0,09","3,1","< 0,013","91,2"
20324,"Oignon rouge, sauté/poêlé","Onion, red, sautéed/pan-fried, without added fat",02,0201,020102,"41,5",175,"1,69","7,55","6,7","< 0,3","< 0,01","2,1","< 0,013","87,9"
20325,"Panais, cuit à l'étouffée","Parsnip, braised",02,0201,020102,"91,2",384,"1,94","16,6","6,2","0,5","0,13","5,6","0,018","73,6"
20326,"Petits pois, bouillis/cuits à l'eau","Garden peas, boiled/cooked in water",02,0201,020102,"80,7",340,"6,38","9,93","1,6","0,6","0,15","4,8","0,023","77,4"
20327,"Poireau, bouilli/cuit à l'eau","Leek, boiled/cooked in water",02,0201,020102,"24,7",103,"2,56","2,23","1,8","< 0,3","< 0,01","3,4","< 0,013","91,6"
20328,"Poivron jaune, sauté/poêlé","Sweet pepper, yellow, sautéed/pan-fried, without added fat",02,0201,020102,"34,5",145,1,"5,33","4,9","0,6","0,19","2,2","< 0,013","90,5"
20329,"Poivron rouge, sauté/poêlé","Sweet pepper, red, sautéed/pan-fried, without added fat",02,0201,020102,33,140,"0,94","6,53","6,1","< 0,3","< 0,01",2,"< 0,013","89,8"
20330,"Poivron vert, sauté/poêlé","Sweet pepper, green, sautéed/pan-fried, without added fat",02,0201,020102,"27,3",114,"1,25","3,53","3,1","0,3","0,1",3,"< 0,013","92,4"
20331,"Potimarron, chair sans peau, bouilli/cuit à l'eau","Red kuri squash, flesh without skin, boiled/cooked in water",02,0201,020102,"38,6",163,"1,06","6,88","3,5","0,3","0,08","1,8","< 0,013","88,9"
20332,"Potiron, rôti/cuit au four","Pumpkin, roasted/baked",02,0201,020102,"28,2",119,"0,25","5,66","4,8","< 0,3","< 0,01",2,"< 0,013","90,7"
20333,"Salsifis, bouilli/cuit à l'eau","Salsify, boiled/cooked in water",02,0201,020102,"56,9",240,"2,63","9,29","2,3","< 0,3","< 0,01","4,5","0,02","82,8"
20335,"Échalote, sautée/poêlée sans matière grasse","Shallot, sautéed/pan-fried, without added fat",02,0201,020102,"67,3",284,2,"12,3","3,8","0,4","0,12","2,9","< 0,013","81,5"
20336,"Épinard, bouilli/cuit à l'eau","Spinach, boiled/cooked in water",02,0201,020102,"26,8",111,"3,38",traces,traces,"0,7","0,13","3,5","0,03","91,9"
20337,"Saucisse végétale au tofu (convient aux véganes ou végétaliens), préemballée","Plant-based sausage with tofu (vegan), prepacked",04,0403,040309,228,951,"14,6","5,69","0,5","16,3","1,95",< 3,"1,68","60,4"
20338,"Quenelle au tofu (ne convient pas aux véganes ou végétaliens), préemballée","Plant-based sausage with tofu (not vegan), prepacked",04,0403,040309,133,558,"12,1","4,97","0,97","7,2","1,13",< 3,"1,01","73,3"
20339,"Chou chinois pak choï ou pak choy (feuilles vertes ressemblant à des blettes), cuit","Chinese cabbage, pak choï ou pak choy, cooked",02,0201,020102,"12,8","53,7","1,56","0,78","0,78","0,16","0,021",1,"0,085","95,6"
20340,"Chou chinois pak choï ou pak choy (feuilles vertes ressemblant à des blettes), cru","Chinese cabbage, pak choï ou pak choy, raw",02,0201,020101,"14,6","61,3","1,5","1,2","1,18","0,2","0,027",1,"0,16","95,3"
20343,"Tomate marmande, crue","Tomato, marmande, raw",02,0201,020101,-,-,-,"2,81","2,81",traces,-,-,-,"94,5"
20344,"Tomate noire de Crimée, crue","Tomato, black krim, raw",02,0201,020101,-,-,-,"3,08","3,08",traces,-,-,-,94
20345,"Tomate allongée, crue","Tomato, long, raw",02,0201,020101,"18,8",79,-,"3,29","3,29",traces,-,"2,1",-,"94,4"
20346,"Chou kale, cru","Kale, raw",02,0201,020101,"34,6",143,"2,92","0,32","0,32","1,49","0,18","4,1","0,13","89,6"
20347,"Moringa, gousse, cru","Drumstick or moringa pods, raw",02,0201,020101,-,-,"2,1","5,33",-,"0,2","0,033","3,2","0,11","88,2"
20348,"Moringa, feuille, cru","Drumstick or moringaleaves, raw",02,0201,020101,-,-,"9,4","6,28",-,"1,4",-,2,"0,023","78,7"
20349,"Asperge, bouillie/cuite à l'eau (aliment moyen)","Asparagus, boiled/cooked in water (average)",02,0201,020102,"20,7",87,"1,97","1,67","1,24","0,3","0,087","1,69","0,0098",94
20350,"Brocoli, bouilli/cuit à l'eau (aliment moyen)","Broccoli, boiled/cooked in water (average)",02,0201,020102,"21,8","90,6","2,19","1,03","0,6","0,5","0,14",3,"0,033","93,8"
20351,"Brocoli, cuit (aliment moyen)","Broccoli, cooked (average)",02,0201,020102,30,126,"3,17","1,79","1,06","0,6","0,2","2,59","0,036","91,6"
20352,"Carotte, bouillie/cuite à l'eau (aliment moyen)","Carrot, boiled/cooked in water (average)",02,0201,020102,"29,6",124,"0,25","5,73","5,1","< 0,3","< 0,01","3,3","0,12","90,1"
20353,"Carotte, cuite (aliment moyen)","Carrot, cooked (average)",02,0201,020102,33,138,"0,37","6,24","5,67","0,2","0,026","3,43","0,11","89,3"
20354,"Céleri branche, cuit (aliment moyen)","Celery stalk, cooked (average)",02,0201,020102,"13,1","54,4","0,63","1,38","0,8","0,15","0,1",2,"0,54",95
20355,"Chou rouge, cuit (aliment moyen)","Red cabbage, cooked (average)",02,0201,020102,"31,8",134,"1,26","5,13","4,22","0,14","0,0064","2,9","0,041","89,5"
20356,"Fenouil, cuit (aliment moyen)","Fennel, cooked (average)",02,0201,020102,"11,8","49,1","0,36","1,8","1,2","< 0,27","< 0,014","1,83","0,043",95
20357,"Potimarron, chair sans peau, cuit (aliment moyen)","Red kuri squash, flesh without skin, cooked (average)",02,0201,020102,"38,6",163,"1,06","6,88","3,5","0,3","0,08","1,8","< 0,013","88,9"
20358,"Tomate, chair et peau, cuite (aliment moyen)","Tomato, flesh and skin, cooked (average)",02,0201,020102,"19,8","83,3","0,97","3,06","2,71","0,21","0,049","1,13","0,02","93,7"
20359,"Lentille, sèche (aliment moyen)","Lentil, dried (average)",02,0203,020303,327,1380,"25,1","44,5","1,1","1,8","0,24","16,3","< 0,13","9,49"
20360,"Lentille, bouillie/cuite à l'eau (aliment moyen)","Lentil, boiled/cooked in water (average)",02,0203,020301,125,527,"10,1","16,2","0,2","0,57","0,092","8,45","0,015","64,8"
20385,"Tomate sans précision, crue (aliment moyen)","Tomato, raw (average)",02,0201,020101,"19,2","81,3","0,6","3,69","3,22","< 0,5","< 0,01","1,02","< 0,013","94,1"
20496,"Légumes pour couscous, surgelés, crus","Mixed vegetables for couscous, frozen, raw",02,0201,020101,"44,3",186,"1,93","6,47","3,05","0,63","0,1","2,53","0,12",-
20497,"Légumes pour couscous, cuits","Mixed vegetables for couscous, cooked",02,0201,020102,"29,6",124,"1,58","3,87","2,09","0,42","0,049","2,33","0,59","90,9"
20498,"Poêlée de légumes assaisonnés aux champignons (""champêtre""), surgelée","Vegetables with mushrooms, pan-fried or stir-fried, seasonned, country-style, frozen",01,0103,010306,"31,5",132,"1,5",4,"1,5","0,5","0,031","2,5","0,51","91,4"
20499,Légume cuit (aliment moyen),"Vegetable, cooked (average)",02,0201,020102,"28,7",121,"1,68","3,67","2,03","0,3","0,09","2,6","0,11",91
20500,"Fève, bouillie/cuite à l'eau","Broad bean, boiled/cooked in water",02,0203,020301,"83,3",352,"8,06","9,35","0,4","0,8","0,16","3,1","0,025","77,9"
20501,"Haricot blanc, sec","Haricot bean, dried",02,0203,020303,307,1300,"23,4","43,9",-,"0,85","0,22","15,2","0,04","11,3"
20502,"Haricot blanc, bouilli/cuit à l'eau","Haricot bean, boiled/cooked in water",02,0203,020301,112,466,"6,75",12,"0,3","1,1","0,25","13,8","0,023","66,9"
20503,"Haricot rouge, bouilli/cuit à l'eau","Red kidney bean, boiled/cooked in water",02,0203,020301,116,485,"9,63","12,3","0,5","0,6","0,19","11,6","0,021",65
20506,"Pois cassé, bouilli/cuit à l'eau","Split pea, boiled/cooked in water",02,0203,020301,129,542,"8,6","16,3","3,85","1,49","0,16","7,95","0,011","64,9"
20507,"Pois chiche, bouilli/cuit à l'eau","Chick pea, boiled/cooked in water",02,0203,020301,148,620,"8,31","17,7","0,3",3,"0,46","8,2","0,027",62
20508,"Haricot flageolet, appertisé, égoutté","Flageolet bean, canned, drained",02,0203,020301,"92,9",391,"6,1","12,2",traces,"0,79","0,11","6,3","0,73",72
20510,"Lentille, cuisinée, appertisée, égouttée","Lentil, seasoned, canned, drained",02,0203,020301,"90,4",382,"6,83","12,3","0,67","0,64","0,1",4,"0,65","73,5"
20511,"Haricot blanc, appertisé, égoutté","Haricot bean, canned, drained",02,0203,020301,"85,5",359,"5,88","10,9","0,75","0,5","0,15",7,"0,69","72,9"
20513,"Haricot flageolet, bouilli/cuit à l'eau","Flageolet bean, boiled/cooked in water",02,0203,020301,112,466,"6,75",12,"0,3","1,1","0,25","13,8","0,023","66,9"
20515,"Pois cassé, sec","Split pea, dried",02,0203,020303,347,1460,"23,8","47,5","2,56","1,16","0,16","25,5","0,038","2,36"
20516,"Pois chiche, sec","Chick pea, dried",02,0203,020303,350,1480,"20,5","47,5","2,3","6,04","0,6","12,2","0,06","7,68"
20517,"Fève à écosser, fraîche, crue","Broad bean, to shell, fresh, raw",02,0203,020302,"61,5",258,"6,76","4,2","0,37","0,67","0,13","5,85","0,094","76,8"
20518,"Fève, sèche","Broad bean, dried",02,0203,020303,301,1270,"26,1","33,3","5,7","1,53","0,25",25,"0,033",11
20521,"Graine germée de lentille, fraîche, crue","Lentils seeds, sprouted, fresh, raw",02,0201,020101,123,520,"8,96",19,-,"0,55","0,057","3,1","0,028","67,3"
20524,"Haricot rouge, appertisé, égoutté","Red kidney bean, canned, drained",02,0203,020301,108,454,"8,31",13,1,"0,97","0,41",7,"0,68","68,9"
20525,"Haricot rouge, sec","Red kidney bean, dried",02,0203,020303,314,1330,"22,5","46,1","2,1","1,06","0,15","15,2","0,03","11,8"
20527,"Pois d'Angole vert, frais, cru","Pigeon-pea, immature, fresh, raw",02,0203,020302,129,543,"7,2","18,8",3,"1,64","0,35","5,1","0,013","65,9"
20529,"Haricot de Lima ou pois savon ou pois du Cap ou pois souche, cru","Lima bean, raw",02,0203,020302,105,444,"6,84","15,3","1,48","0,86","0,2","4,9","0,02","70,2"
20530,"Haricot mungo, sec","Beans, mung, mature, seeds, dried",02,0203,020303,343,1440,"25,2","47,6",-,"1,64","0,11","18,3","0,095","6,89"
20531,"Haricot mungo, frais, bouilli/cuit à l'eau","Mung bean, fresh, boiled/cooked in water",02,0203,020301,"95,7",403,"7,54","11,9","2,01","0,55","0,038","6,4","0,018","72,5"
20532,"Pois chiche, appertisé, égoutté","Chick pea, canned, drained",02,0203,020301,122,512,"6,74",15,"0,5","2,68","0,3","5,45","0,54","72,1"
20534,"Lupin, graine, sec","Lupin, seed, dried",02,0203,020303,356,1490,"36,2","21,5",-,"9,74","1,16","18,9","0,038","10,4"
20535,"Lentille corail, sèche","Lentil, pink or red, dried",02,0203,020303,328,1390,"27,7","44,9","1,29","0,8","0,14","15,4","< 0,13","8,8"
20537,"Haricot flageolet, frais, surgelé, cru","flageolet bean, fresh, frozen, raw",02,0203,020302,153,648,"9,32","25,6","0,4","0,52","0,1","4,4","0,78","55,1"
20539,"Haricot flageolet, vert, sec","Flageolet bean, green, dried",02,0203,020303,315,1320,"19,1","42,1",-,"2,6","0,35","23,4","0,02","8,5"
20540,"Haricot flageolet, vert, bouilli/cuit à l'eau","Flageolet bean, green, boiled/cooked in water",02,0203,020301,115,483,"8,5",13,"0,71","0,91","0,18","10,2","0,038",66
20541,"Fève, pelée, fraîche, surgelée, crue","Broad bean, peeled, fresh, frozen, raw",02,0203,020302,"99,3",419,"9,55","12,2","2,08","0,26","0,1","5,05","0,03","75,8"
20542,"Fève, pelée, fraîche, surgelée, bouillie/cuite à l'eau","Broad bean, peeled, fresh, frozen, boiled/cooked in water",02,0203,020301,"71,9",304,"6,4",9,"< 0,2","0,5","0,11","2,9","0,018","80,7"
20543,"Fève, fraîche, surgelée, bouillie/cuite à l'eau","Broad bean, fresh, frozen, boiled/cooked in water",02,0203,020301,"63,6",267,"5,6","7,4",1,"< 0,5","< 0,01","5,8","0,02","80,5"
20584,"Tomate grappe, crue","Tomato, bunch, raw",02,0201,020101,"19,8","83,5","0,5","3,67","3,25","< 0,5","< 0,01","1,5","< 0,013","94,1"
20585,"Lentille verte, sèche","Lentil, green, dried",02,0203,020303,327,1380,"25,1","44,5","1,1","1,8","0,24","16,4","< 0,13","9,5"
20586,"Lentille blonde, sèche","Lentil, blond, dried",02,0203,020303,339,1430,"26,1","48,3","1,4","1,9","0,32","12,1","< 0,13","8,8"
20587,"Lentille verte, bouillie/cuite à l'eau","Lentil, green, boiled/cooked in water",02,0203,020301,125,527,"10,1","16,2","0,2","0,58","0,093","8,45","0,015","64,8"
20588,"Lentille blonde, bouillie/cuite à l'eau","Lentil, blond, boiled/cooked in water",02,0203,020301,122,516,"9,7","16,3","0,4","0,7","0,13",6,"< 0,13","66,4"
20589,"Lentille corail, bouillie/cuite à l'eau","Lentil, pink or red, boiled/cooked in water",02,0203,020301,123,519,"10,6",15,"0,26","0,5","0,09","8,2","< 0,13","65,1"
20590,"Crosne, cuit","Chinese or Japanese artichokes, cooked",02,0201,020102,49,207,"2,13","9,11","0,2","< 0,5","< 0,01","1,9","0,013","85,7"
20591,"Protéine de soja texturée, réhydratée","Soy protein, textured, rehydrated",10,1009,000000,150,630,"20,4","7,03","3,65","2,9","0,47","5,61","< 0,013","62,8"
20700,"Légume sec, cuit (aliment moyen)","Legume, cooked (average)",02,0203,020301,113,475,"8,22","13,8","0,24","0,78","0,15","9,52","0,16","67,3"
20800,"Banane jaune, chair sans peau, cuite à la vapeur, prélevée à la Martinique","Yellow banana, flesh without skin, steamed, sampled in the island of La Martinique",02,0201,020104,-,-,"1,06",-,-,"0,057",-,-,-,"64,1"
20801,"Chips de chair de giraumon (variété locale), prélevé à la Martinique","Pumpkin (local variety), crisps, sampled in the island of La Martinique",02,0201,020104,-,-,-,"12,3","0,44",-,-,"8,4",-,-
20802,"Chips de chair de giraumon (variété phoenix), prélevé à la Martinique","Pumpkin (phoenix variety), crisps, sampled in the island of La Martinique",02,0201,020104,-,-,-,"13,9","0,2",-,-,"8,7",-,-
20803,"Chou dur ou chou caraïbe ou macabo, pulpe, cuit à la vapeur, prélevé à la Martinique","Caribbean cabbage, pulp, steamed, sampled in the island of La Martinique",02,0201,020104,-,-,"3,25",-,-,"0,0033",-,-,-,"63,7"
20804,"Chayote ou christophine ou chouchou à peau blanche, chair sans peau, sans noyau, cuite à la vapeur, prélevée à la Martinique","Chayote, white skin, flesh without skin, pitted, steamed, sampled in the island of La Martinique",02,0201,020104,-,-,"1,21","5,93",-,"0,033",-,"1,9",-,"90,4"
20805,"Chayote ou christophine ou chouchou à peau verte, chair sans peau, sans noyau, cuite à la vapeur, prélevée à la Martinique","Chayote, green skin, flesh without skin, pitted, steamed, sampled in the island of La Martinique",02,0201,020104,-,-,"1,23","4,6",-,"0,023",-,3,-,"90,7"
20806,"Chayote ou christophine ou chouchou à peau blanche, chaire sans peau, sans noyau, appertisée, non égouttée, prélevée à la Martinique","Chayote, white skin, flesh without skin, pitted, canned, solids and liquids, sampled in the island of La Martinique",02,0201,020104,-,-,-,-,-,-,-,1,-,"93,2"
20807,"Chayote ou christophine ou chouchou, chair et peau, sans noyau, cuite à la vapeur, surgelée, prélevée à la Martinique","Chayote, white skin, flesh and skin, pitted, steamed, frozen, sampled in the island of La Martinique",02,0201,020104,-,-,-,-,-,-,-,"1,6",-,"91,6"
20808,"Concombre, chair sans peau, avec pépins, cru, prélevé à la Martinique","Cucumber, flesh without skin, with seeds, raw, sampled in the island of La Martinique",02,0201,020104,-,-,"0,73",-,-,"0,58",-,-,-,"95,8"
20809,"Concombre, chair et peau, cru, prélevé à la Martinique","Cucumber, flesh and skin, raw, sampled in the island of La Martinique",02,0201,020104,-,-,"0,42",-,-,"0,27",-,-,-,"96,8"
20810,"Cresson, feuille, cru, prélevé à la Martinique","Watercress, leaf, raw, sampled in the island of La Martinique",02,0201,020104,-,-,"2,25",traces,-,"0,1",-,"2,1",-,95
20811,"Dachine, pulpe, cuit à la vapeur, prélevé à la Martinique","Dachine, pulp, steamed, sampled in the island of La Martinique",02,0201,020104,-,-,"1,15",-,-,"0,3",-,-,-,"65,3"
20812,"Farine de pulpe de patate douce, prélevée à la Martinique","Sweet potato flour, sampled in the island of La Martinique",02,0201,020104,223,942,-,"50,1","0,018",-,-,"11,3",-,"8,55"
20813,"Fruit à pain, chair sans peau, cuit à la vapeur, prélevé à la Martinique","Breadfruit, flesh without skin, steamed, sampled in the island of La Martinique",02,0201,020104,-,-,"1,29",21,-,"0,11",-,-,-,"70,5"
20814,"Giraumon (variété locale), chair sans peau, cuit à la vapeur, prélevé à la Martinique","Pumpkin (local variety), flesh without skin, steamed, sampled in the island of La Martinique",02,0201,020104,-,-,"1,1","4,51","1,91","0,097",-,2,-,"91,8"
20815,"Giraumon (variété locale), chair sans peau, cuit à la vapeur, surgelé, prélevé à la Martinique","Pumpkin (local variety),flesh without skin, steamed, frozen, sampled in the island of La Martinique",02,0201,020104,-,-,-,"3,75","1,35",-,-,"2,4",-,-
20816,"Giraumon (variété locale), chair sans peau, râpé, cru, prélevé à la Martinique","Pumpkin (local variety), flesh without skin, grated, raw, sampled in the island of La Martinique",02,0201,020104,-,-,-,"2,42","0,82",-,-,"2,9",-,-
20817,"Giraumon (variété phoenix), chair sans peau, cuit à la vapeur, prélevé à la Martinique","Pumpkin (phoenix variety), flesh without skin, steamed, sampled in the island of La Martinique",02,0201,020104,-,-,"1,03","5,62","1,56","0,05",-,2,-,"90,6"
20818,"Giraumon (variété phoenix), chair sans peau, râpé, cru, prélevé à la Martinique","Pumpkin (phoenix variety), flesh without skin, grated, raw, sampled in the island of La Martinique",02,0201,020104,-,-,-,"3,51","1,44",-,-,"1,6",-,-
20819,"Giraumon (variété phoenix), chair sans peau, surgelé, cuit à la vapeur, prélevé à la Martinique","Pumpkin (phoenix variety), flesh without skin, frozen, steamed, sampled in the island of La Martinique",02,0201,020104,-,-,-,"4,37","1,47",-,-,"2,4",-,-
20820,"Gombo, entier, appertisé, non égoutté, prélevé à la Martinique","Okra, whole, canned, solids and liquids, sampled in the island of La Martinique",02,0201,020104,-,-,-,-,-,-,-,"2,8",-,"92,3"
20821,"Gombo, entier, cuit à la vapeur, prélevé à la Martinique","Okra, whole, canned, steamed, sampled in the island of La Martinique",02,0201,020104,-,-,"1,8","4,69",-,"0,3",-,"4,8",-,"87,5"
20822,"Gombo, sans pédoncule, blanchi, surgelé, prélevé à la Martinique","Okra, flesh without peduncle, blanched, frozen, sampled in the island of La Martinique",02,0201,020104,-,-,"0,24","5,28",-,"0,1",-,"5,17",-,"88,4"
20823,"Igname cousse-couche, pulpe, cuit à la vapeur, prélevé à la Martinique","Yam cousse-couche, pulp, steamed, sampled in the island of La Martinique",02,0201,020104,"88,9",376,"1,65","17,9",-,"0,3",-,"3,9",-,"75,4"
20824,"Igname jaune, pulpe, cuit à la vapeur, prélevé à la Martinique","Yam yellow, pulp, steamed, sampled in the island of La Martinique",02,0201,020104,127,538,"2,04","27,6",-,"0,37",-,"2,67",-,"66,6"
20825,"Igname saint martin, pulpe, cuit à la vapeur, prélevé à la Martinique","Yam St Martin, pulp, steamed, sampled in the island of La Martinique",02,0201,020104,"93,3",394,"2,25","18,4",-,"0,3",-,"3,9",-,"74,2"
20826,"Topinambour, pulpe, cuit à la vapeur, prélevé à la Martinique","Jerusalem artichoke, pulp, steamed, sampled in the island of La Martinique",02,0201,020104,-,-,"1,23",-,-,"0,18",-,-,-,"82,7"
20827,"Kamanioc, pulpe, cuit à la vapeur, prélevé à la Martinique","Kamanioc, pulp, steamed, sampled in the island of La Martinique",02,0201,020104,-,-,"0,6",-,-,0,-,-,-,"62,3"
20828,"Massissi, chair, cru, prélevé à la Martinique","Massissi, flesh, raw, sampled in the island of La Martinique",02,0201,020104,-,-,"2,58",-,-,"0,8",-,-,-,"83,8"
20829,"Papaye verte, chair sans peau, crue, prélevée à la Martinique","Papaya immature, flesh without skin, raw, from Martinique",02,0201,020104,-,-,"0,67",-,-,"0,0033",-,-,-,"90,4"
20830,"Papaye verte, chair sans peau, cuite à la vapeur, prélevée à la Martinique","Papaya immature, flesh without skin, steamed, sampled in the island of La Martinique",02,0201,020104,-,-,"0,63",-,-,0,-,-,-,"90,5"
20831,"Patate douce, pulpe, blanchie, surgelée, prélevée à la Martinique","Sweet potato, pulp, blanched, frozen, sampled in the island of La Martinique",02,0201,020104,-,-,-,-,-,-,-,"4,9",-,"63,1"
20832,"Patate douce, pulpe, cuite à la vapeur, prélevée à la Martinique","Sweet potatoes, pulp, steamed, sampled in the island of La Martinique",02,0201,020104,126,530,"1,48","25,2",-,"0,067",-,"9,2",-,"63,3"
20833,"Pois d'Angole, entier, cuit à la vapeur, prélevé à la Martinique","Pigeon pea, whole, steamed, sampled in the island of La Martinique",02,0201,020104,-,-,"16,3","11,1",-,"0,74",-,-,-,"49,1"
20834,"Ti nain, chair sans peau, cuit à la vapeur, prélevé à la Martinique","Ti nain, flesh without skin, steamed, sampled in the island of La Martinique",02,0201,020104,-,-,"1,13",-,-,"0,05",-,-,-,"72,1"
20835,"Tomate, entière, crue, prélevée à la Martinique","Tomato, whole, raw, sampled in the island of La Martinique",02,0201,020104,-,-,"1,06",-,-,"0,06",-,-,-,"94,1"
20901,"Soja, graine entière","Soybean, seed, whole",02,0205,000000,441,1840,40,"20,9","7,33","19,9","2,88","9,3","0,005","8,54"
20903,Isolat de soja,Soy protein,10,1009,000000,402,1700,"88,3","1,76",0,"3,39","0,42","5,6","2,51","4,98"
20904,"Tofu nature, préemballé","Tofu, plain, prepacked",10,1009,000000,147,615,"14,7","2,87","0,57","8,5","1,35","< 0,5","0,025","73,8"
20906,"Tofu soyeux, préemballé","Tofu, silky, prepacked",10,1009,000000,"54,3",227,5,"1,53","1,13","2,9","0,47","0,6","< 0,013","89,4"
20911,"Dessert au soja, aromatisé, sucré, enrichi en calcium, rayon frais","Soy dessert, flavoured, with sugar(s), fortified with calcium, refrigerated",05,0502,050205,95,401,"3,56","15,3","13,2","1,9","0,48","1,1","0,13","77,5"
20912,"Tofu fumé, préemballé","Tofu, smoked, prepacked",10,1009,000000,164,683,"16,4","2,91","0,85","9,5","1,53","< 0,5","0,74","70,3"
20914,Galette ou pavé au soja,Plant-based burger or steak from soybean,01,0103,010309,252,1050,17,"8,5","2,1","14,7","0,65","8,8","1,75","52,7"
20915,Farine de soja complète,"Soya flour, wholegrain",03,0304,000000,457,1910,"37,8","25,7","7,5","20,7","2,99","9,6","0,033","5,16"
20916,Miso,Miso,10,1002,000000,188,791,"12,8","18,1","6,2","6,01","1,14","5,4","9,32",43
20917,Tempeh,Tempeh,10,1009,000000,157,660,"17,6","7,89","0,24","4,7","0,57","6,2","0,098","63,7"
20918,Sirop pour fruits appertisés au sirop,Syrup for canned fruits,10,1003,000000,73,310,"0,25","17,7","14,9","< 0,5",-,"< 0,5","0,019","80,6"
20919,Sirop léger pour fruits appertisés au sirop,Light syrup for canned fruits,10,1003,000000,"58,9",250,"0,34","14,3","13,6","< 0,5",-,"< 0,5","0,011","84,3"
20921,"Dessert au soja, aromatisé, sucré, non enrichi, rayon frais","Soy dessert, flavoured, with sugar(s), not fortified, refrigerated",05,0502,050205,"93,1",393,3,16,"12,5","1,7","0,47","0,8","0,11","78,2"
20922,"Dessert végétal sans soja (amande, avoine, chanvre, coco, riz), aromatisé, sucré, non enrichi, rayon frais","Plant-based dessert (almond, oat, hemp, coconut, rice), flavoured, with sugar(s), not fortified, refrigerated",05,0502,050205,148,617,2,"15,8","12,4",8,"4,92","2,1","0,065","71,7"
20923,"Dessert végétal sans soja (coco, riz), aux fruits, sucré, enrichi en calcium, fermenté, rayon frais","Plant-based dessert (coconut, rice), with fruits, with sugar(s), fortified with calcium, fermented, refrigerated",05,0502,050205,"75,1",318,"0,25",16,"10,8",1,"0,83","< 0,5","0,095","81,8"
20924,Sirop léger pour poire appertisée,Light syrup for canned pears,10,1003,000000,"57,9",246,"0,25","14,6","12,5","< 0,3",-,"< 0,5","0,0043","84,2"
20925,"Dessert au soja, aromatisé, sucré, enrichi en calcium et vitamine D, rayon frais","Soy dessert, flavoured, with sugar(s), fortified with calcium and vitamin D, refrigerated",05,0502,050205,"95,6",403,"3,25","15,3","11,1","2,05","0,55","1,45","0,12",-
20926,"Dessert au soja, aux fruits, sucré, enrichi en calcium et vitamine D, fermenté, rayon frais","Soy dessert, with fruits, with sugar(s), fortified with calcium and vitamin D, fermented, refrigerated",05,0502,050205,"85,1",359,"3,03","13,8","12,5","1,68","0,3","1,31","0,088",-
20927,"Dessert végétal sans soja (amande, avoine, chanvre, coco, riz), nature, sans sucres ajoutés, non enrichi, rayon frais","Plant-based dessert (almond, oat, hemp, coconut, rice), plain, no added  sugars, not fortified, refrigerated",05,0502,050205,150,620,"1,45","6,7","3,25",13,12,-,"0,04",-
20928,"Dessert végétal sans soja, rayon frais (aliment moyen)","Plant-based dessert without soy, refrigerated (average)",05,0502,050205,148,617,2,"15,8","12,4",8,"4,92","2,1","0,065","71,7"
20929,"Dessert au soja, rayon frais (aliment moyen)","Soy dessert, refrigerated (average)",05,0502,050205,"67,2",283,"3,71","8,19","7,13","1,8","0,33","0,93","0,082","84,7"
20982,"Spiruline (algue), fraîche, crue","Seaweed, Spirulina (spirulina sp.), fresh, raw",10,1007,000000,"36,1",153,"5,92","2,02","0,3","0,39","0,14","0,4","0,25","90,7"
20983,"Criste marine, fraîche, crue","Seaweed, Sea fennel, fresh, raw",10,1007,000000,"39,4",164,"2,57","3,43","1,66","0,66","0,048","4,72","0,62","86,3"
20985,"Laitue de mer (Ulva sp.), séchée ou déshydratée","Sea lettuce (Ulva sp.), dried or dehydrated",10,1007,000000,203,843,"15,7","13,8","0,22","1,95","0,47","33,5","5,63","11,9"
20986,"Kombu royal (Saccharina latissima), séché ou déshydraté","Sea belt (Saccharina latissima), dried or dehydrated",10,1007,000000,205,854,"9,94","23,1","0,23","1,39","0,21","30,2","8,25","7,23"
20987,"Nori (Porphyra sp., Pyropia), séchée ou déshydratée","Laver (Porphyra sp.), dried or dehydrated",10,1007,000000,257,1070,"30,2","11,7",0,"1,77","0,46","36,8","4,75","6,7"
20988,"Dulse (Palmaria palmata), séchée ou déshydratée","Dulse (Palmaria palmata), dried or dehydrated",10,1007,000000,221,924,"16,9","20,8","0,015","1,35","0,26","29,2","4,68","7,56"
20989,"Maërl ou lithothamne (Lithothamnion), séché ou déshydraté","Lithothamnion (Lithothamnion), dried or dehydrated",10,1007,000000,-,-,"2,49","3,52",-,-,-,-,"0,93","0,43"
20990,"Kombu ou kombu japonais (Saccharina japonica), séché ou déshydraté","Kombu or Japanese kelp (Saccharina japonica), dried or dehydrated",10,1007,000000,222,925,"7,89","24,9",-,"2,56","0,72","34,1","6,12","10,8"
20991,"Kombu breton (Laminaria digitata), séché ou déshydraté","Tangle (Laminaria digitata), dried or dehydrated",10,1007,000000,211,877,"8,89","22,9",-,"1,01","0,15","37,3","8,03","6,09"
20992,"Haricot de mer (Himanthalia elongata), séchée ou déshydratée","Sea thong (Himanthalia elongata), dried or dehydrated",10,1007,000000,227,948,"9,9","26,4","0,03","2,28","0,25","30,8","8,93","8,12"
20993,"Gracilaire ou ogonori (Gracilaria verrucosa), séchée ou déshydratée","Gracilaria seaweeds (Gracilaria sp.), dried or dehydrated",10,1007,000000,232,969,"17,8","23,4",-,"1,75","0,14","25,4","7,14","9,99"
20994,"Fucus vésiculeux (Fucus serratus ou Fucus vesiculosus), séché ou déshydraté","Toothed wrack or bladder wrack (Fucus serratus et vesiculosus), dried or dehydrated",10,1007,000000,194,800,"9,11","12,4",-,"1,71","0,19","46,3","8,51","9,16"
20995,"Ao-nori (Ulva sp., ex Enteromorpha sp.), séchée ou déshydratée","Gut weed (Ulva sp.), dried or dehydrated",10,1007,000000,225,936,"13,6","19,5","1,35","2,5","0,55","35,1","10,2","7,98"
20996,"Lichen de mer ou pioca ou goémon rouge (Chondrus crispus), séché ou déshydraté","Carragheen mosses (Chondrus crispus), dried or dehydrated",10,1007,000000,215,895,"16,7",15,"0,44","1,95","0,15","35,5","8,22","12,7"
20997,"Chlorelle (chlorella), séchée ou déshydratée","Chlorella, dried or dehydrated",10,1007,000000,-,-,"48,5","30,9",-,"11,4","1,84",-,"0,29","3,72"
20998,"Ascophylle noueux ou goémon noir (Ascophyllum nodosum), séché ou déshydraté","North Atlantic rockweed (Ascophyllum nodosum), dried or dehydrated",10,1007,000000,206,852,"7,4","16,3",-,"2,7","0,11","43,6","7,18","10,7"
20999,"Wakamé atlantique (Alaria esculenta), séché ou déshydraté","Atlantic wakame (Alaria esculenta), dried or dehydrated",10,1007,000000,201,832,"12,2","13,3","0,04","1,5","0,31","42,9","9,13","8,7"
21001,"Mouton, viande crue","Mutton, meat, raw",04,0402,040205,137,576,"20,6",0,0,"6,11",-,0,"0,22","74,2"
21003,"Mouton, épaule crue","Mutton, shoulder, raw",04,0402,040205,228,947,"17,3","0,1",traces,"17,6","8,13",0,"0,21","62,7"
21004,"Mouton, pied cru","Sheep, foot, raw",04,0402,040205,204,848,"18,1",0,0,"14,6",-,0,"0,19",-
21005,"Mouton, tête crue","Sheep, head, raw",04,0402,040205,204,848,"18,1",0,0,"14,6",-,0,"0,19",-
21006,"Mouton, gigot cru","Mutton, leg, raw",04,0402,040205,225,935,18,0,0,17,-,0,"0,2",64
21007,"Mouton, gigot rôti/cuit au four","Mutton, leg, roasted/baked",04,0401,040105,-,-,-,0,0,14,-,0,-,-
21500,"Agneau, côtelette crue","Lamb, cutlet, raw",04,0402,040205,333,1380,"15,4",0,traces,"30,1",14,0,"0,17","52,7"
21501,"Agneau, côtelette grillée/poêlée","Lamb cutlet, grilled/pan-fried",04,0401,040105,240,999,"25,7",0,0,"15,2","6,65",0,"0,31",58
21502,"Agneau, gigot cru","Lamb, leg, raw",04,0402,040205,128,538,20,"0,48",traces,"5,13","1,97",0,"0,12","74,5"
21503,"Agneau, gigot rôti/cuit au four","Lamb, leg, roasted/baked",04,0401,040105,169,708,"26,8",0,0,"6,85","2,63",0,"0,19","65,9"
21504,"Agneau, épaule crue","Lamb, shoulder, raw",04,0402,040205,170,711,"18,3","0,45","< 0,5","10,6","3,87",0,"0,2","70,2"
21505,"Agneau, épaule maigre crue","Lamb, shoulder, lean, raw",04,0402,040205,139,582,"19,6",0,0,"6,76","2,42",0,"0,18",73
21506,"Agneau, épaule rôtie/cuite au four","Lamb, shoulder, roasted/baked",04,0401,040105,252,1050,"30,5",0,0,"14,5","5,26",0,"0,24","53,7"
21507,"Agneau, épaule maigre rôtie/cuite au four","Lamb, shoulder, lean, roasted/baked",04,0401,040105,197,822,"24,9",0,0,"10,8","4,08",0,"0,17","63,3"
21508,"Agneau, collier braisé ou bouilli","Lamb, neck, braised or boiled",04,0401,040105,365,1520,"33,6",0,0,"25,6",-,0,-,"40,6"
21509,"Agneau, côte filet grillée/poêlée","Lamb, chop fillet, grilled/pan-fried",04,0401,040105,157,660,"26,3",0,0,"5,78","2,21",0,-,"67,7"
21512,"Agneau, côte première grillée/poêlée","Lamb, rib chop, grilled/pan-fried",04,0401,040105,185,777,"26,1",0,0,"9,01","3,67",0,"0,18","64,1"
21513,"Agneau, selle, partie maigre rôtie/cuite au four","Lamb, saddle, lean, roasted/baked",04,0401,040105,153,645,"26,1",0,0,"5,45","2,01",0,"0,16","68,3"
21514,"Agneau, collier cru","Lamb, neck, raw",04,0402,040205,195,812,18,0,0,"13,7","5,79",0,"0,2","68,2"
21515,"Agneau, selle crue","Lamb, saddle, raw",04,0402,040205,236,979,"17,5",0,0,"18,4","7,95",0,"0,14","63,8"
21516,"Agneau, côte filet crue","Lamb, chop fillet, raw",04,0402,040205,232,965,"17,6",0,0,18,"7,75",0,"0,18",64
21517,"Agneau, côte première crue","Lamb, rib chop, raw",04,0402,040205,276,1140,"16,9",0,0,"23,1",10,0,"0,2","59,3"
21518,"Agneau, gigot grillé/poêlé","Lamb, leg, grilled/pan-fried",04,0401,040105,174,731,"27,6",0,0,"7,08","2,63",0,-,"64,8"
21519,"Agneau, gigot braisé","Lamb, leg, braised",04,0401,040105,222,932,"35,2",0,0,"9,03","3,46",0,-,"55,2"
21520,"Agneau, selle, partie maigre grillée/poêlée","Lamb, saddle, lean, grilled/pan-fried",04,0401,040105,153,645,"26,1",0,0,"5,45","2,05",0,-,"68,3"
21521,"Agneau, côte ou côtelette, crue (aliment moyen)","Lamb, chop, raw (average)",04,0402,040205,262,1080,"16,6","0,35","< 0,13","21,5","9,37",0,"0,19","60,6"
21522,"Agneau, côte ou côtelette, cuite (aliment moyen)","Lamb, chop, cooked (average)",04,0401,040105,157,660,"26,3",0,0,"5,78","2,21",0,-,"67,7"
21523,"Agneau, viande, cuite (aliment moyen)","Lamb, meat, cooked (average)",04,0401,040105,193,809,"28,5",0,0,"8,78","3,14",0,-,"62,1"
21524,"Agneau, côte ou côtelette, grillée/poêlée (aliment moyen)","Lamb, chop, grilled/pan-fried (average)",04,0401,040105,157,660,"26,3",0,0,"5,78","2,21",0,-,"67,7"
21525,"Agneau, côte découverte crue","Lamb, spare rib, raw",04,0402,040205,205,854,"16,3","1,38","< 0,5",15,"5,69",0,"0,21","66,5"
21800,"Chevreau, viande crue","Kid meat, raw",04,0402,040207,103,436,"20,6",0,0,"2,31","0,71",0,"0,21","75,8"
21801,"Chevreau, viande cuite","Kid meat, cooked",04,0401,040107,136,573,"27,1",0,0,"3,03","0,93",0,"0,22","68,2"
22000,Oeuf cru,"Egg, raw",04,0410,041002,140,582,"12,8","0,06","0,06","9,83","2,64",0,"0,31","76,3"
22001,"Oeuf, blanc (blanc d'oeuf), cru","Egg white, raw",04,0410,041002,"48,1",204,"10,9","0,73","0,71","0,17",0,0,"0,42","87,6"
22002,"Oeuf, jaune (jaune d'oeuf), cru","Egg yolk, raw",04,0410,041002,307,1270,"15,5","1,09","0,56","26,7","9,55",0,"0,048",55
22003,"Oeuf, jaune (jaune d'oeuf), en poudre","Egg yolk, powder",04,0410,041003,667,2760,"33,7","2,11","0,07","58,1","18,1",0,"0,41","2,73"
22004,"Oeuf, blanc (blanc d'oeuf), en poudre","Egg white, powder",04,0410,041003,356,1510,"81,1","7,8","5,4",0,0,0,"3,2","5,8"
22008,"Oeuf, blanc (blanc d'oeuf), cuit","Egg white, cooked",04,0410,041001,"47,3",201,"10,3","1,12","0,7","0,17",0,0,"0,39","87,8"
22009,"Oeuf, jaune (jaune d'oeuf), cuit","Egg yolk, cooked",04,0410,041001,340,1410,16,"1,31","0,55","30,1","8,49",0,"0,035","50,3"
22010,Oeuf dur,"Egg, hard-boiled",04,0410,041001,134,557,"13,5","0,52","0,52","8,62","3,22",0,"0,31","76,5"
22011,Oeuf poché,"Egg, poached",04,0410,041001,139,578,"12,5","0,89","0,37","9,47","2,99",0,"0,2","75,7"
22013,"Oeuf, en poudre","Egg, powder",04,0410,041003,587,2440,"48,4","1,52","0,3",43,"13,5",0,"1,2","3,67"
22014,Oeuf à la coque,"Egg, soft-boiled",04,0410,041001,142,590,"12,2","1,08","0,77","9,82","3,11",0,"0,2",76
22050,"Oeuf de caille, cru","Quail egg, raw",04,0410,041002,154,639,"13,1","0,41","0,4","11,1","3,56",0,"0,35","74,4"
22060,"Oeuf de cane, cru","Duck egg, raw",04,0410,041002,181,752,"12,8","1,45","0,93","13,8","3,68",0,"0,37","70,8"
22070,"Oeuf d'oie, cru","Goose egg, raw",04,0410,041002,180,750,"13,9","1,35","0,94","13,3","3,6",0,"0,35","70,4"
22080,"Oeuf de dinde, cru","Turkey egg, raw",04,0410,041002,166,691,"13,7","1,13",1,"11,9","3,63",0,"0,38","72,5"
22500,"Omelette nature, faite maison","Omelette, plain, homemade",04,0410,041003,196,814,"13,8","0,9","0,31","15,3","3,32",0,"0,6",69
22502,"Oeuf brouillé, avec matière grasse","Egg, scrambled, with added fat",04,0410,041001,167,693,"11,9","0,44","0,44",13,"4,46",0,"0,48",76
22505,"Oeuf au plat, sans matière grasse","Egg, fried, without added fat",04,0410,041001,157,656,"14,6","1,4","0,35","10,4","3,25",0,"0,42","72,6"
22506,"Omelette au fromage, faite maison","Omelette with cheese, homemade",04,0410,041003,255,1060,"17,7","2,56","0,4","19,3","10,1",0,"0,58","58,5"
22507,"Omelette aux lardons, faite maison","Omelette with lardoons, homemade",04,0410,041003,267,1110,"12,5","1,46","0,68","23,5","9,41",0,"0,98","61,1"
22508,"Omelette aux champignons, faite maison","Omelette with mushrooms, homemade",04,0410,041003,125,520,"8,09","2,28","0,7","9,2","2,97","0,45","0,35",79
22509,"Omelette à la ciboulette, faite maison","Omelette with herbs, homemade",04,0410,041003,147,612,"9,5","1,98","0,8","11,2","3,6","0,55","0,43","75,7"
22510,"Tortilla espagnole aux oignons (omelette aux pommes de terre et oignons), préemballée","Spanish-style tortilla with onions (omelette with potatoes and onions), prepacked",04,0410,041003,165,686,"5,56","11,7","1,22","9,9","1,55","2,7","1,06","67,8"
22511,"Omelette, garnitures diverses : légumes, fromages, viandes... (aliment moyen)","Omelette with vegetables, cheese or meat (average)",04,0410,041003,179,744,"9,61","4,83","0,81","13,2","4,65","0,96","0,69","69,8"
23000,Gâteau (aliment moyen),Cake (average),07,0709,000000,410,1710,"5,49","51,8","29,3","19,6","5,13","2,38","0,72",20
23001,"Cheesecake, préemballé","Cheesecake, prepacked",07,0709,000000,337,1410,"5,44","34,1","21,3","19,7","11,4","0,7","0,44","39,2"
23005,Gâteau Paris-Brest (pâte à choux crème mousseline praliné),Chou pastry with praline flavoured custard,07,0709,000000,327,1360,"5,42","29,1","18,6","20,5","12,5","1,1","0,29","40,6"
23006,"Forêt noire, pâtisserie type génoise au chocolat et crème multi-couches, avec ou sans cerises","Sponge cake with chocolate with or without cherry ""black forest cake""",07,0709,000000,317,1330,"3,66","39,1","26,4","14,8","9,71","1,85","0,17","38,3"
23007,"Gâteau mousse de fruits sur génoise, type miroir, bavarois",Sponge cake with fruit mousse,07,0709,000000,265,1110,"2,79","30,8","24,3","14,5","8,89",< 1,"0,16","53,3"
23008,Entremets type Opéra,"Dessert, Opera cake type",07,0709,000000,392,1630,"5,19","37,6","33,3",24,"13,4","2,3","0,11","30,1"
23009,Fraisier ou framboisier,Sponge sandwich cake filled and topped with strawberries or raspberries,07,0709,000000,221,925,"2,6",25,21,12,"7,5","1,5","0,14",-
23021,"Baba au rhum, artisanal","Rum baba, from bakery",07,0709,000000,-,-,"2,25","36,3","29,9","9,9","6,42","0,8","0,22","50,1"
23022,Canelé,Canelé cake,07,0709,000000,298,1260,"4,9",61,"41,2","3,2","2,11","2,6","0,1","26,3"
23023,"Kouign amann, préemballé","Kouign amann, Buttered and caramelized milkbread cake, prepacked",07,0709,000000,489,2040,"3,64","53,2","27,8","28,8","19,9","1,45","0,86",-
23024,Macaron moelleux fourré à la confiture ou à la crème,Macaroon filled with jam or cream,07,0709,000000,448,1880,11,"56,5","51,3",19,"2,5","2,9","0,16","10,8"
23027,Macaron sec,"Macaroon, biscuit, dry",07,0706,000000,436,1840,"6,9","77,7",74,"10,2","0,6",3,"0,2",-
23030,Bûche de Noël pâtissière,Christmas log cake,07,0709,000000,363,1520,"4,25","39,8","31,8","20,4","11,1",1,"0,24","33,7"
23031,"Brownie au chocolat et aux fruits à coques, préemballé","Brownie (chocolate cake), with nuts, prepacked",07,0709,000000,466,1940,"6,58","45,9",32,"27,7","6,71","3,18","0,47","12,6"
23032,"Brownie au chocolat, préemballé","Brownie (chocolate cake), prepacked",07,0709,000000,458,1910,"5,94","50,6","35,1","25,4","7,32","3,4","0,35","12,8"
23033,"Rocher coco ou congolais (petit gâteau à la noix de coco), préemballé","Rock-shaped coconut cake, prepacked",07,0709,000000,459,1920,"3,98","56,1","49,3",23,"19,7","5,62","0,15",-
23050,Biscuit de Savoie,Savoy-style sponge cake,07,0709,000000,260,1100,"6,05","56,3",-,"0,8","0,12","1,5","1,87","33,2"
23080,"Quatre-quarts (beurre, oeufs, sucre, farine), artisanal","Butter pound cake, traditional",07,0709,000000,440,1840,"5,94",46,"26,8","25,6","15,8","1,1","0,52","20,5"
23081,"Quatre-quarts (beurre, oeufs, sucre, farine), préemballé","Butter pound cake, prepacked",07,0709,000000,434,1810,"5,94","48,2","26,4","23,9","15,2","1,1","1,07","19,4"
23082,"Barre pâtissière, préemballée","Pound cake, prepacked",07,0709,000000,378,1590,"5,38","54,7","26,8","14,9","1,59","1,4","1,28","21,8"
23103,"Gâteau moelleux au citron, préemballé","Soft cake, with lemon, prepacked",07,0709,000000,411,1720,"6,81","49,6","30,5","20,4","7,93",1,"0,43","17,1"
23120,"Gâteau breton fourré à la crème de pruneaux, préemballé","Breton pudding cake with prunes filling, prepacked",07,0709,000000,453,1900,"5,17","59,3","37,7","21,3","12,7","1,5","0,63",-
23121,Far breton aux pruneaux,Breton pudding cake with prunes,07,0709,000000,229,960,"5,13",32,"21,5",8,"4,79","3,4","0,23",50
23122,"Kouign Amann, artisanal","Kouign amann, Buttered and caramelized milkbread cake, from bakery",07,0709,000000,449,1870,"5,81","48,7","20,5","25,1","16,7","2,2","0,85",17
23200,"Pain d'épices, préemballé","Gingerbread, prepacked",07,0709,000000,318,1350,"3,14","71,8","40,8","1,15","0,24","3,78","0,62","20,4"
23220,"Pain d'épices fourré aux fruits ou nonnette, préemballé","Gingerbread with filling, prepacked",07,0709,000000,338,1430,"3,85",75,"45,4","2,15","0,35","1,74","0,47","17,4"
23300,Baklava ou baklawa (pâtisserie orientale aux amandes et sirop),Baklava (oriental pastry with almonds and syrup),07,0709,000000,459,1920,"10,4","49,2","39,6","24,5","4,7",< 1,"0,075","13,5"
23301,Corne de gazelle (pâtisserie orientale aux amandes en forme de croissant recouverte de sucre glace),"Gazelle horn (oriental pastry with almonds, crescent shaped and covered with icing sugar)",07,0709,000000,474,1990,"8,55","60,2",32,"22,1","7,78",< 1,"0,15","8,22"
23399,"Pâte brisée, préemballée, cuite (aliment moyen)","Short crust pastry, prepacked, cooked (average)",03,0305,000000,473,1970,"8,19","46,4","4,9","26,4","4,14","8,5","1,73","4,9"
23402,"Pâte à pizza fine, préemballée, crue","Thin-crust pizza dough, prepacked, raw",03,0305,000000,285,1200,"8,3","47,4","2,9","6,6","1,29","1,6","1,81","36,2"
23410,"Pâte brisée, matière grasse végétale, préemballée, crue","Short crust pastry, with vegetal fat, prepacked, raw",03,0305,000000,392,1640,"5,67","42,7",3,"21,7","11,3","1,67","1,15","28,6"
23412,"Pâte brisée, matière grasse végétale, préemballée, cuite","Short crust pastry, with vegetal fat, prepacked, cooked",03,0305,000000,473,1970,"8,19","46,4","4,9","26,4","4,14","8,5","1,73","4,9"
23414,"Pâte brisée, pur beurre, préemballée, crue","Short crust pastry, pure butter, prepacked, raw",03,0305,000000,390,1630,"6,5",45,"2,5",20,13,2,"1,69",-
23415,"Pâte brisée, pur beurre, surgelée, préemballée, crue","Short crust pastry, pure butter, frozen, prepacked, raw",03,0305,000000,387,1620,"6,2","43,3","7,55","20,7","11,5","1,6","0,83",-
23416,"Pâte brisée, pur beurre, préemballée, cuite","Short crust pastryt, pure butter, prepacked, cooked",03,0305,000000,497,2080,"8,31","61,1","3,22","23,9","16,1","1,7","1,25","3,9"
23420,"Pâte feuilletée, matière grasse végétale, crue","Puff pastry, with vegetal fat, prepacked, raw",03,0305,000000,385,1610,"6,3",41,"2,3","21,4","10,5","1,5","1,13","29,5"
23424,"Pâte feuilletée, pur beurre, préemballée, crue","Puff pastry, pure butter, prepacked, raw",03,0305,000000,370,1550,6,40,3,20,14,3,"1,68","30,9"
23425,"Pâte feuilletée, pur beurre, surgelée, préemballée, crue","Puff pastry, pure butter, frozen, prepacked, raw",03,0305,000000,398,1660,"5,47","35,3","1,33","25,8","17,7","1,4","0,86",-
23426,"Pâte feuilletée, pur beurre, préemballée, cuite","Puff pastry, pure butter, prepacked, cooked",03,0305,000000,560,2330,"6,28",42,"1,05","40,5","28,3","1,2","1,11","7,15"
23430,"Feuille de brick ou khatfa, préemballée, cuite à sec sans matière grasse","Khatfa (phyllo or filo pastry sheets), prepacked, dry cooked, without fat",03,0305,000000,277,1170,"6,75","57,1",7,"1,76","0,28",3,-,"15,9"
23440,"Pâte sablée, préemballée, crue","Shortbread dough, prepacked, raw",03,0305,000000,419,1750,"5,31",50,13,"21,8","9,94","0,95","0,25",-
23442,"Pâte sablée, préemballée, cuite","Shortbread dough, prepacked, cooked",03,0305,000000,504,2110,"5,7","64,3","22,9","24,6","11,8","1,5","0,27","3,4"
23444,"Pâte sablée, pur beurre, préemballée, crue","Shortbread dough, pure butter, prepacked, raw",03,0305,000000,383,1610,"5,95","53,6","13,4","15,8","10,6","1,65","0,035",-
23445,"Pâte phyllo ou pâte filo, crue","Phyllo or filo dough, raw",03,0305,000000,289,1220,"7,1","50,7","0,18",6,"1,47","1,9","1,21","32,6"
23446,"Pâte sablée, pur beurre, surgelée, préemballée, crue","Shortbread dough, pure butter, frozen, prepacked, raw",03,0305,000000,423,1780,"4,9","60,9","21,3","17,5",12,"1,2","0,17",-
23448,"Pâte sablée, pur beurre, préemballée, cuite","Shortbread dough, pure butter, prepacked, cooked",03,0305,000000,469,1960,"6,2",63,"20,1","20,9","13,7","1,9","0,47","7,2"
23455,"Chou à la crème, sans précision (chantilly ou pâtissière)",Chou pastry filled cream (whipped or custard),07,0709,000000,325,1350,"4,5","25,1","16,7","22,9","14,5","< 0,5","0,28","46,4"
23456,"Chou à la crème chantilly, Saint-honoré",Chou pastry filled with whipped cream,07,0709,000000,337,1400,"4,63","22,9","8,9",25,"13,6",1,"0,37","44,3"
23457,Chou à la crème pâtissière,Chou pastry filled with custard cream,07,0709,000000,225,945,"4,31","34,9","10,7","7,3","3,38",1,"0,25","51,7"
23467,Chouquette,"Chou pastry, sugar coated",07,0705,000000,408,1710,"9,13","40,6","18,4","22,9",11,"1,5","1,06","24,4"
23472,Profiterole avec glace vanille et sauce chocolat,"Profiteroles (chou pastry), with vanilla ice cream and chocolate sauce",08,0803,000000,286,1200,"5,38","31,4",19,"14,9","8,39","1,6","0,24","48,3"
23474,"Profiteroles (crème pâtissière et sauce chocolat), rayon frais","Profiteroles (chou pastry) with custard and chocolate sauce, refrigerated",05,0502,050204,251,1050,"5,06","31,1",19,"11,4","7,78",2,"0,26","48,8"
23477,Éclair,Eclair,07,0709,000000,264,1100,"5,78","31,6","18,9","11,8","6,11","3,9","0,23","48,8"
23479,Tarte aux fruits et crème pâtissière,Fruit pie with custard cream,07,0709,000000,205,862,"2,94",30,"18,7","7,7","4,8","1,3","0,26","56,8"
23480,Chausson aux pommes,Apple turnover,07,0705,000000,360,1510,"4,17","42,2","11,2","18,7","10,3","3,1","0,87","33,6"
23481,"Tarte normande aux pommes (garniture farine, oeufs, crème, sucre, calvados), artisanale","Apple pie with custard (flour, eggs, cream, sugar, apple alcohol), from bakery",07,0709,000000,313,1310,"4,44","38,7","25,8",15,"8,37","2,5","0,23","38,6"
23485,Tarte au citron,Lemon tart,07,0709,000000,319,1340,"5,56","43,1","34,1","13,6","7,65","0,97","0,3","34,1"
23490,Tarte ou tartelette aux pommes,Apple tart,07,0709,000000,227,951,"2,52","32,7","20,7","8,79","4,66","3,3","0,31","50,4"
23491,"Tarte aux fraises, artisanale","Strawberries tart, from bakery",07,0709,000000,318,1320,"3,19",31,"12,9","19,8","9,04","1,5","0,14","46,9"
23493,"Crumble aux pommes, préemballé","Apple crumble, prepacked",07,0709,000000,226,949,"1,71","35,4",19,"8,17","5,43","1,9","0,11","52,4"
23494,Tarte aux abricots,Apricots tart,07,0709,000000,285,1190,"3,18",41,"17,5","10,7","6,43","5,9","0,22","41,5"
23495,Tarte aux fruits rouges,Red berries tart,07,0709,000000,231,970,"3,5","36,5","20,8","6,87","3,85","4,5","0,21","49,1"
23496,Tarte tatin aux pommes,Tatin tart (caramelized upside-down apple tart),07,0709,000000,245,1030,"1,76","38,1","28,5","9,25","5,79","1,25","0,15",50
23497,"Tarte au chocolat, fabrication artisanale","Chocolate tart, from bakery",07,0709,000000,469,1960,"5,94","40,9","22,7","30,7","18,9","2,9","0,19","18,6"
23498,Tarte ou tartelette aux fruits (aliment moyen),Fruit tart (average),07,0709,000000,245,1030,"3,18","34,1","21,6","9,99","5,52","2,4","0,26","48,9"
23525,Flan pâtissier aux oeufs ou à la parisienne,Flan tart with eggs,07,0709,000000,211,889,"3,89","33,2","17,5","6,85","4,08","0,48","0,2","54,6"
23531,Charlotte aux fruits,Fruit charlotte,07,0709,000000,200,838,"5,16","28,2","21,7","6,64","3,34","2,8","0,038","55,7"
23534,"Gâteau de semoule aux raisins et caramel, rayon frais","Semolina pudding with raisins and caramel sauce, refrigerated",05,0502,050203,146,618,"3,79","24,5","18,8","3,57","2,21","0,3","0,089","67,1"
23536,"Gâteau de riz au caramel, rayon frais","Rice pudding with caramel sauce, refrigerated",05,0502,050203,144,607,"3,3","25,4","16,1","3,17","1,95","0,057","0,089","67,5"
23540,Gâteau moka ou gâteau au café,Moka cake,07,0709,000000,386,1600,"4,1",23,17,"30,8",11,"0,4","0,19","20,9"
23585,"Gâteau au chocolat, préemballé","Chocolate cake, prepacked",07,0709,000000,445,1860,"5,88",51,"28,6",24,"5,71","3,7","0,42","17,4"
23586,"Gâteau au chocolat type fondant ou mi-cuit, préemballé","Chocolate soft cake, prepacked",07,0709,000000,467,1950,6,43,"34,1","29,7","6,22","1,85","0,25","16,7"
23588,"Gâteau ou cake au yaourt, préemballé","Yogurt cake, prepacked",07,0709,000000,409,1710,"5,88",52,"27,7","19,1","2,23","2,7","0,89",-
23594,"Gâteau moelleux nature type génoise, préemballé","Soft cake, plain, sponge cake type, prepacked",07,0709,000000,378,1590,"6,7","57,6","30,5","13,2","2,3","0,8","0,76","20,4"
23680,"Galette des rois feuilletée, fourrée à la pomme",Twelfth Night cake (puff pastry filled with applesauce),07,0709,000000,289,1200,"3,4","29,1","10,2","17,2","11,6",2,"0,59",-
23684,"Galette des rois feuilletée, fourrée frangipane, et Pithiviers",Twelfth Night cake (puff pastry filled with almond paste),07,0709,000000,438,1820,"7,6","33,4","12,3",30,14,2,"0,7","21,9"
23799,"Crêpe, nature, préemballée, rayon frais","Crepe, plain, prepacked, refrigerated",07,0709,000000,257,1080,"6,31","41,6","19,1","6,8","3,6","2,2","0,52",42
23800,"Crêpe, nature, préemballée, rayon température ambiante","Crepe, plain, prepacked, room temperature",07,0709,000000,389,1640,"7,65","59,9","28,8","12,8","6,48","1,61","1,77","15,6"
23801,"Galette de sarrasin, nature, souple (à garnir) préemballée","Buckwheat crepe, plain,  to be filled, prepacked",07,0709,000000,161,682,"5,83","30,5",traces,"1,74","0,51",< 1,"1,36",59
23802,Gâteau basque à la crème pâtissière,"Basque cake (shortbread), with custard cream",07,0709,000000,340,1430,"3,75","51,5","28,1",13,"7,55",1,"0,47","29,9"
23803,Gâteau basque aux cerises,"Basque cake (shortbread), with cherries",07,0709,000000,395,1660,"4,3","63,3",42,"13,5","9,1","1,4","0,43",-
23804,"Crêpe fourrée au chocolat et aux billes de céréales croustillantes, préemballée","Crepe filled chocolate and cerels balls, prepacked",07,0709,000000,448,1880,"6,81","58,3",35,"20,3","7,39","2,52","0,96",-
23805,Blinis,Blinis,03,0302,030201,270,1130,"5,94","34,6","4,57","11,5","1,51","2,23","1,26","45,9"
23815,"Crêpe fourrée au sucre, préemballée","Crepe filled with sugar, prepacked",07,0709,000000,406,1700,"6,62","58,7",31,"15,8","9,38","1,04","1,44",-
23820,"Crêpe fourrée à la confiture, faite maison","Crepe filled with jam, home-made",07,0709,000000,296,1250,"6,51",54,"19,4","5,74","3,36",1,"0,89","30,6"
23821,"Crêpe fourrée au chocolat ou à la pâte à tartiner chocolat et noisettes, faite maison","Crepe filled with chocolate or chocolate and hazelnut spread, home-made",07,0709,000000,388,1630,"7,76","54,3","20,4","15,1","6,06","2,22","0,61","17,8"
23827,"Pancake (petite crêpe épaisse), sucrée, préemballée","Pancake, with sugar(s), prepacked",07,0709,000000,358,1500,"5,5","45,3","25,6","16,6","2,11","2,2","1,37","28,3"
23828,"Pancake (petite crêpe épaisse), fourrée à la pâte à tartiner chocolat noisette, préemballée","Pancake filled with chocolate and hazelnut spread, prepacked",07,0709,000000,331,1390,"6,83","50,1","28,1",11,"2,13","2,2","0,56",-
23829,"Crêpe fourrée au chocolat, préemballée","Crepe filled with chocolate, prepacked",07,0709,000000,439,1840,"6,83","58,6","39,1","19,1","5,73","2,43","0,95",9
23830,"Crêpe fourrée fraise, préemballée","Crepe with strawberry filling, prepacked",07,0709,000000,351,1480,"4,96","64,3","39,9","7,91","3,93","1,5","1,06",-
23849,"Gaufre fine fourrée au miel, au caramel ou à la vergeoise, préemballée","Wafer biscuit, thin, filled with honey, caramel or soft brown sugar, prepacked",07,0709,000000,455,1910,"4,56",67,37,"18,3",8,"1,9","0,77",7
23850,"Gaufre bruxelloise ou liégeoise nature, artisanale","Waffle, from bakery, plain, from bakery",07,0709,000000,301,1260,8,"36,1","4,8","13,4","5,12","1,9","0,99","38,9"
23851,"Gaufre moelleuse (type bruxelloise ou liégeoise), nature ou sucrée, préemballée","Soft waffle (Brussels-style), plain or with sugar(s), prepacked",07,0709,000000,455,1900,"6,19","52,1","26,9","24,1","10,5","2,4","0,75","14,1"
23852,"Gaufre moelleuse (type bruxelloise ou liégeoise), au chocolat, préemballée","Soft waffle (Brussels-style), with chocolate, prepacked",07,0709,000000,460,1920,"5,59","54,4","27,7","23,9",12,"2,36","0,76",-
23853,"Gaufre croustillante (fine ou sèche), nature ou sucrée, préemballée","Wafer biscuit, crunchy (thin or dried), plain or with sugar(s), prepacked",07,0709,000000,477,2000,"6,22","67,6","33,1","19,7","12,6","1,78","0,74",-
23880,"Beignet ou donut rond moelleux, sans fourrage, saupoudré de sucre","Doughnut, plain, sprinkled with sugar",07,0709,000000,404,1690,"7,25","39,4","10,7","23,7","9,46",2,"1,11",26
23881,"Beignet ou donut fourré aux fruits (fourrage type confiture), préemballé","Doughnut filled with fruit filling (e.g. jam), prepacked-> ARCHIVE",07,0709,000000,391,1640,"5,1","49,5",19,19,"3,1","0,9","0,9","27,4"
23885,"Beignet ou donut fourré ou nappé goût chocolat ou chocolat noisette, préemballé","Doughnut filled or covered with chocolate or with chocolate and hazelut paste, prepacked",07,0709,000000,407,1700,"5,3",48,20,21,"4,2","2,6","0,83","20,3"
23900,Pâtisserie (aliment moyen),Pastry (average),07,0709,000000,279,1170,"4,15","35,5","21,2","12,9","6,8","1,98","0,27","44,1"
23909,"Cake aux fruits (confits et/ou raisins secs), préemballé","Fruit cake (candied fruits and/or raisins), prepacked",07,0709,000000,360,1510,"4,19","55,2","35,8","12,6","1,6","2,1","0,59","23,5"
23925,"Gâteau marbré au chocolat, préemballé","Marble cake, prepacked",07,0709,000000,438,1830,"5,68","50,5","27,2","23,2","4,65","1,83","0,67","17,5"
23935,"Gâteau moelleux nature, préemballé","Soft cake, plain, prepacked",07,0709,000000,438,1830,"5,42","53,1","27,3","22,4","4,41","1,23","0,76",-
23937,"Gâteau moelleux aux fruits, préemballé","Soft cake, with fruits, prepacked",07,0709,000000,382,1610,3,69,52,10,6,2,"0,13",-
23938,"Gâteau moelleux aux fruits à coque, type gâteau creusois, préemballé","Soft cake with nuts, prepacked",07,0709,000000,418,1750,"6,35","48,8","36,5","21,5","11,4","1,9","0,53",-
23939,"Gâteau moelleux fourré au chocolat, type mini-cake, mini-roulé, ourson…, préemballé","Soft cake filled with chocolate, prepacked",07,0709,000000,414,1730,"5,44","55,4","30,4","18,2","4,21","3,2","0,56","16,3"
23941,"Gâteau moelleux fourré aux fruits type mini-roulé ou mini-cake fourré, préemballé","Soft cake filled with fruits, mini sponge roll type, prepacked",07,0709,000000,374,1570,"4,63","57,7","33,9","12,8","2,35","4,5","0,61",19
23943,"Gâteau moelleux aux pépites de chocolat, type mini-cake, préemballé","Soft cake, with chocolate chips, prepacked",07,0709,000000,442,1850,"5,38","50,2","28,7","23,6","8,45","3,7","0,82","15,7"
23944,"Gâteau moelleux fourré au chocolat et enrobé ou nappé de chocolat, préemballé","Soft cake filled with chocolate and with chocolate coating, prepacked",07,0709,000000,440,1840,5,"53,8","31,3","21,8","8,8","2,7","0,31","15,3"
23945,"Gâteau moelleux fourré au chocolat et au lait, enrobé de chocolat, préemballé","Soft cake filled with chocolate and milk, with chocolate coating prepacked",07,0709,000000,446,1870,"5,81","52,9","35,3","23,1","16,3","1,58","0,35",-
23951,"Muffin, aux fruits (myrtilles et autres), préemballé","Muffin, with fruits (e.g. blueberries), prepacked",07,0709,000000,397,1660,"4,81","49,1","31,7","19,9","5,22","1,34","0,92",25
23952,"Muffin, au chocolat, préemballé","Muffin, with chocolate, prepacked",07,0709,000000,444,1860,"5,58","52,5","30,2",23,"5,34","2,42","0,93","17,4"
24000,"Biscuit sec, sans précision",Biscuit (cookie),07,0706,000000,433,1820,"7,83","67,8",25,"13,8","3,46",3,"1,02","2,83"
24001,Biscuit sec nature,"Biscuit (cookie), plain",07,0706,000000,438,1850,"7,13","74,9","25,4","11,5","5,31","3,3","0,74","2,2"
24002,Biscuit sec à teneur garantie en vitamines,"Biscuit (cookie), vitamin content guaranteed",07,0706,000000,457,1920,"9,63","72,3","23,3","14,2","6,07","0,75","0,16","1,8"
24003,Biscuit sec à teneur garantie en vitamines et minéraux,"Biscuit (cookie), vitamin and mineral content guaranteed",07,0706,000000,472,1980,"10,8","61,1","22,1","19,8","8,44","3,5","0,44","1,28"
24004,"Biscuit sec aux fruits, hyposodé ou à teneur réduite en sel","Biscuit (cookie) with fruits, low salt",07,0706,000000,448,1880,"8,88",64,"17,9",16,"1,45","5,4","0,02","4,1"
24006,"Biscuit sec au soja, enrichi en vitamines et minéraux","Soja biscuit, fortified with vitamins and minerals",07,0706,000000,444,1860,"10,9","60,3","20,3","16,1","2,22","6,6","0,71","3,4"
24008,"Biscuit sec fourré aux fruits, allégé en matière grasse","Biscuit (cookie) filled with fruits, reduced fat",07,0706,000000,391,1650,"4,69","75,3","39,9","7,2","2,82",3,"0,58","8,8"
24009,Spéculoos,Speculoos biscuit,07,0706,000000,476,2000,"5,63","71,2","32,5","18,1","7,81",3,"0,92","0,9"
24010,"Biscuit sec, avec matière grasse végétale","Biscuit (cookie), with vegetal fat",07,0706,000000,436,1840,"7,23",74,"23,4","11,7","5,4","3,1","0,75","1,4"
24011,"Biscuit sec, assortiment","Biscuit (cookie), assortment",07,0706,000000,515,2160,"6,44","61,4","39,4","26,4","6,21","2,9","0,46","1,6"
24012,"Biscuit sec au chocolat, sans sucres ajoutés, avec édulcorants, enrichi en vitamines","Biscuit (cookie), with chocolate, no added sugars and with sweetener(s), fortified with vitamins",07,0706,000000,448,1870,"6,78","64,6","1,72","21,8","8,99","3,71","0,57",-
24013,"Biscuit sec, sans sucres ajoutés, avec édulcorant","Biscuit (cookie), no added sugars and with sweetener(s)",07,0706,000000,429,1800,"6,23","72,1","0,11","15,7","3,3","3,93","0,79",-
24014,Biscuit sec avec tablette de chocolat et fourrage au lait,"Biscuit (cookie), with a chocolate bar covering, milk filling",07,0706,000000,512,2140,"6,75","62,3","35,6","25,6","14,9","2,7","0,45","1,4"
24015,Biscuit sec petit beurre,Butter biscuit (cookie),07,0706,000000,450,1890,"7,78","73,4",22,"13,3","8,61","2,54","1,04","1,4"
24016,Biscuit sec avec tablette de chocolat,"Biscuit (cookie),  with a chocolate bar covering",07,0706,000000,485,2030,"5,56","68,8","40,8",20,"11,3","3,5","0,35","1,2"
24017,Biscuit sec petit beurre au chocolat (tablette ou pépites),"Butter biscuit (cookie), with chocolate (chocolate chips or covering)",07,0706,000000,496,2080,"6,88","63,8","35,4","22,8","14,2",4,"0,59",1
24018,"Biscuit sec sans gluten, petit beurre","Butter biscuit (cookie), gluten free",07,0706,000000,460,1940,"3,8","79,3",21,14,"8,5","0,9","1,1",-
24019,"Biscuit sec sans gluten, au chocolat","Biscuit, with chocolate, gluten free",07,0706,000000,504,2110,"5,04",64,"27,5","24,7","12,2","2,95","0,5",-
24020,Biscuit sec aux céréales complètes,Biscuit (cookie) from whole grain cereals,07,0706,000000,462,1940,"7,75",63,"19,5","18,4","4,97","6,6","0,37","3,1"
24021,Biscuit sec petit beurre au blé complet,"Butter biscuit (cookie), whole wheat",07,0706,000000,439,1840,"9,25","66,6","18,8","13,4","2,01","7,2","0,37","2,2"
24028,"Biscuit sec au sésame, non enrichi","Biscuit (cookie), with sesame, not fortified",07,0706,000000,496,2080,"9,19",60,21,"23,3","6,27","4,84","0,55",-
24029,"Biscuit sec au sésame, enrichi en vitamines et minéraux","Biscuit (cookie), with sesame, fortifed with vitamins and minerals",07,0706,000000,485,2030,"11,5",60,"18,5",21,"2,05","4,9","0,68",-
24031,"Biscuit sec sans chocolat, allégé en matière grasse","Biscuit (cookie), without chocolate, reduced fat",07,0706,000000,388,1640,6,71,35,6,"2,5",13,"0,34","1,5"
24034,"Biscuit sec pour petit déjeuner, sans chocolat, non enrichi","Breakfast biscuit (cookie), without chocolate, not fortified",07,0706,000000,452,1900,"7,81","65,8",21,"16,3","2,83","5,5","1,19","2,1"
24035,"Biscuit sec pour petit déjeuner, allégé en sucres","Breakfast biscuit (cookie), reduced sugar",07,0706,000000,444,1870,"7,78","66,2","19,5",15,5,"6,7","0,69",-
24036,"Biscuit sec au chocolat, non enrichi","Biscuit (cookie), with chocolate, not fortified",07,0706,000000,507,2120,"7,75","59,5","44,2","25,6","9,7","3,9","0,39","1,7"
24037,Biscuit sec fourré à la pâte ou purée de fruits (ex : figue),Biscuit (cookie) filled with fruit paste or fruit puree,07,0706,000000,421,1770,"4,93","71,6","27,2","12,3","5,19",2,"0,38","11,1"
24038,"Biscuit sec, sablé, nappé de chocolat","Biscuit (cookie), with chocolate covering",07,0706,000000,495,2070,"6,56","63,5","27,7","22,9","12,4","4,1","0,74","1,6"
24040,"Biscuit sec pour petit déjeuner, au chocolat, non enrichi","Breakfast biscuit (cookie), with chocolate, not fortified",07,0706,000000,447,1870,"8,06","62,9","27,3","16,4","6,15","7,6","0,86","3,1"
24041,"Biscuit sec pour petit déjeuner, tous parfums, enrichi en vitamines et minéraux","Breakfast biscuit (cookie), fortified with vitamins and minerals",07,0706,000000,454,1910,"7,06","67,3","27,2","16,1","6,21","5,8","0,53","2,2"
24042,"Biscuit sec au chocolat, enrichi en vitamines et minéraux","Biscuit (cookie) with cereals, fortified with vitamins and minerals",07,0706,000000,461,1930,"8,96","61,9","20,1","18,3","3,78","6,54","0,6",-
24048,"Biscuit sec, sablé, galette ou palet, autre que pur beurre","Biscuit (cookie), shortbread, commercial, whith vegetal fat",07,0706,000000,495,2070,"5,71","64,5","25,8","23,1","10,9","3,34","0,72",-
24049,"Biscuit sec, sablé, galette ou palet, au beurre","Biscuit shortbread, with butter",07,0706,000000,481,2020,"6,81","66,8","22,2",20,12,"3,2","0,96",2
24050,"Biscuit sec, sablé, galette ou palet, au beurre, au chocolat","Biscuit shortbread, with butter and chocolate",07,0706,000000,499,2090,"6,33","63,5","33,6","23,7","11,9","3,11","0,5","3,61"
24051,"Biscuit (génoise), nappé de chocolat, type barquette","Biscuit sponge cake, with chocolate covering, pre-packed",07,0706,000000,489,2050,"7,38","59,5","42,4","23,9","3,01","3,1","0,31",5
24052,"Biscuit sec (tartelette), nappé au chocolat, préemballé","Biscuit (small tart), with chocolate covering, prepacked",07,0706,000000,504,2110,"6,58","59,7","31,5","25,6","15,2","3,71","0,51","2,7"
24054,"Biscuit sec, sablé, galette ou palet, aux fruits","Biscuit shortbread, with fruits",07,0706,000000,482,2020,"5,8","66,3","30,9",21,"12,2","2,37","0,56","3,3"
24056,Florentin (biscuit sec au chocolat et aux amandes),Florentine biscuit (chocolate biscuit or cookie with almonds),07,0706,000000,514,2150,"9,31","50,7","44,1","28,7","10,8","7,6","0,13",2
24057,"Biscuit sec, sablé, fourré aux fruits type lunette de Romans","Biscuit shortbread, with fruit filling, ""lunette"" type",07,0706,000000,449,1890,"6,06","69,2","31,9",16,"9,47","2,04","0,2",6
24061,"Biscuit meringué fourré (chocolat, noisette, noix de coco…), nappé ou sur base de chocolat","biscuit with meringue, filled (chocolate, hazelut, coconut…) with chocolate covering or chocolate base",07,0706,000000,540,2250,"7,65","54,5","45,9","31,5",20,"3,95","0,24",-
24070,Biscuit sec à la noix de coco,Biscuit (cookie) with coconut,07,0706,000000,493,2070,"6,32","65,4","25,3","22,1","13,1","3,51","0,71","2,72"
24071,"Sablé pâtissier, artisanal","Shortbread pastry biscuit, from bakery",07,0706,000000,484,2030,"8,38","59,4",22,"22,9",-,"3,3","0,41",5
24224,"Biscuit au chocolat fourré (""sandwiché"") parfum vanille, rond, noir et blanc","Chocolate biscuit (cookie),  with vanilla filling, round, black and white",07,0706,000000,480,2010,"5,06","69,2","35,7","19,6","5,88","3,2","0,65","1,8"
24225,"Goûter sec fourré (""sandwiché"") parfum lait ou vanille","Biscuit (cookie), snack with dairy or vanilla filling",07,0706,000000,478,2010,5,70,"31,3",19,"7,89","3,6","0,44","1,7"
24230,"Goûter sec fourré (""sandwiché"") parfum chocolat, au blé complet","Biscuit (cookie), snack with chocolate filling, whole wheat
whole wheat",07,0706,000000,465,1950,"5,94","69,3","31,9","17,2","5,5","4,8","0,54","1,6"
24231,"Goûter sec fourré (""sandwiché"") parfum chocolat","Biscuit (cookie), snack with chocolate filling",07,0706,000000,471,1980,"6,31","67,5","29,2","18,5","8,81","4,7","0,46","1,9"
24240,"Goûter sec fourré (""sandwiché"") parfum fruits","Biscuit (cookie), snack with fruits filling",07,0706,000000,407,1720,"5,13","73,6","30,3","9,4","4,27","3,7","0,52","7,2"
24300,"Gaufrette (éventail, cigarette…), sans fourrage",Wafer biscuit without filling,07,0706,000000,437,1850,"6,51",80,"34,6","9,7","6,23","2,05","0,48","2,93"
24311,Gaufrette fourrée et/ou enrobée de chocolat,"Wafer biscuit, filled or coated with chocolate",07,0706,000000,534,2230,"6,63","56,6","37,8","30,5","18,8","3,5","0,25","1,2"
24312,"Gaufrette fourrée, aux fruits à coque (noisette, amande, praliné, etc.), avec ou sans chocolat","Wafer biscuit, with nuts (hazelnut, almond, praliné, etc.) filling, with chocolate or not, prepacked",07,0706,000000,562,2340,9,49,34,"36,1","15,4","2,5","0,26","1,6"
24313,"Gaufrette, fourrée vanille","Wafer biscuit, with vanilla filling",07,0706,000000,538,2250,"5,75","60,1","32,9","30,1","19,9","1,6","0,36","1,1"
24320,"Gaufrette fourrée, aux fruits","Wafer biscuit, with fruit filling",07,0706,000000,355,1510,"4,13",81,"46,6","0,8","0,3","2,7","0,15","10,1"
24370,Crêpe dentelle nature,"Wafer cookie or crepe dentelle, plain",07,0706,000000,467,1960,"6,37","73,1","36,6","16,2","11,1","1,7","0,65","2,9"
24371,"Crêpe dentelle, nappée de chocolat","Wafer cookie, crepe dentelle, with chocolate covering",07,0706,000000,498,2090,"5,75","67,4","43,2","22,1","11,5","3,5","0,57",-
24430,Biscuit sec aux oeufs à la cuillère (cuiller) ou boudoir,"Biscuit (cookie), sponge fingers or lady fingers",07,0706,000000,366,1550,"7,75","74,5","48,8","3,4","1,17","2,9","0,3","10,8"
24441,"Biscuit sec, type langue de chat ou cigarette russe","Biscuit (cookie), cat tongue type",07,0706,000000,475,2000,"5,27","72,7","39,7","17,8","9,45","1,55","0,49","2,98"
24520,Meringue,Meringue,07,0706,000000,396,1680,"4,77","93,2","87,6","0,52","< 0,005","< 0,25","0,23","1,36"
24614,Biscuit sec croquant aux amandes (ex. canistrelli),"Biscuit (cookie), hard, with almonds (e.g. canistrelli)",07,0706,000000,454,1910,"9,04","68,2","37,6","15,4","2,94","3,2","0,27",-
24615,"Biscuit sec fin ou tuile, aux amandes","Biscuit (cookie), thin, with almonds",07,0706,000000,471,1980,"7,8",68,"49,1","18,1","5,65","2,1","0,21","3,2"
24616,"Biscuit sec fin ou tuile, saveur citron ou orange","Biscuit (cookie), thin, lemon or orange lavour",07,0706,000000,419,1760,"6,37","69,7","31,6","9,73","4,17","13,6","0,55",-
24630,"Madeleine, pur beurre, préemballée","Madeleine cake, pure butter, prepacked",07,0709,000000,453,1890,"5,88","52,4","27,3","24,1","15,3","1,27","0,92","14,5"
24631,"Madeleine au chocolat (nappage, pépites ou fourrage…), préemballée","Madeleine cake, with chocolate, prepacked",07,0709,000000,447,1870,"5,45","53,7","28,5","22,7","5,25","2,05","0,83","14,5"
24632,"Madeleine ordinaire, préemballée","Madeleine cake, prepacked",07,0709,000000,441,1840,"5,55","55,3","28,4","21,6","2,8","1,4","0,83","13,6"
24654,"Biscuit sec ou galette à l'avoine, nappée de chocolat","Biscuit, oat, with chocolate covering",07,0706,000000,509,2130,"5,73","61,3","39,6",26,"14,6","3,58","0,59",-
24655,Biscuit sec ou galette à l'avoine,"Biscuit, oat, plain",07,0706,000000,491,2060,"5,64","63,9","34,6","22,9","11,7","3,41","0,74",-
24656,"Cookie aux cranberries et au chocolat blanc, préemballé","Biscuit, cookie, cranberries and white chocolate, prepacked",07,0706,000000,488,2050,"4,76","65,9",41,"22,4","10,9","2,1","1,2",-
24657,"Biscuit sec, type batonnet, stick, vrille ou torsade, nappé de chocolat","Biscuit, stick, with chocolate covering",07,0706,000000,510,2140,"6,86","63,1","34,6","25,1","14,1","2,42","0,42","1,62"
24658,"Biscuit sec feuilleté, type palmier ou autres, nappé de chocolat","Biscuit puff pastry, with chocolate covering",07,0706,000000,532,2220,"5,93","59,7","30,3","29,4","16,6","2,33","1,02",-
24659,"Biscuit sec feuilleté, type palmier ou autres, préemballé","Biscuit puff pastry, prepacked",07,0706,000000,528,2210,"6,06","56,8","18,8",30,"15,4","3,4","1,15","2,4"
24660,"Biscuit sec feuilleté, type palmier ou autres, artisanal","Biscuit (puff pastry), palmier, from bakery",07,0706,000000,499,2080,"5,93","47,8","21,8","30,4","14,4","5,3","1,16","6,12"
24663,Tarte aux poires amandine,Pear tart with almonds,07,0709,000000,310,1300,"4,9","37,7","21,2","14,9","7,2","2,3","0,14","39,2"
24664,"Gâteau aux amandes type financier, préemballé","Almond cake, financier, prepacked",07,0709,000000,447,1870,"8,26","44,3","34,6","25,7","12,2","2,3","0,32","15,4"
24666,Mille-feuille,Mille-feuille pastry,07,0709,000000,292,1230,"3,88","43,7","21,1","11,3","5,27","0,24","0,42","40,1"
24674,"Gâteau moelleux sans gluten (cake, madeleine…), préemballé","Soft cake, without chocolate, gluten free, prepacked",07,0709,000000,443,1850,"4,74","50,7","24,3","24,2","7,6","1,62","0,74",-
24675,"Gâteau moelleux sans gluten (cake, brownie…), au chocolat, préemballé","Soft cake, with chocolate, gluten free, prepacked",07,0709,000000,434,1810,"5,38","49,6","28,9","24,4","7,78","2,18","0,53",-
24676,"Cookie au chocolat et aux fruits à coque (noisettes, amandes, noix de pécan…), préemballé","Biscuit (cookie), with chocolate and nuts, prepacked",07,0706,000000,507,2120,"6,78",57,"30,5","27,1","11,2","4,02","0,77","3,7"
24678,"Biscuit (génoise), nappé aux fruits, type barquette","Biscuit sponge cake with fruits covering, pre-packed",07,0706,000000,341,1440,"4,44","74,4","51,1","2,1","0,75","2,8","0,12","15,5"
24679,"Biscuit sec (tartelette), nappé aux fruits, préemballé","Biscuit (small tart), with fruit covering, prepacked",07,0706,000000,424,1790,"4,63","71,3","34,5",13,"6,75","1,94","0,43","6,84"
24680,Biscuit moelleux fourré à l'orange et enrobé de sucre glace,"Soft cake, filled with orange paste and sugar icing coating",07,0706,000000,359,1520,"4,1",80,47,"2,1","0,4","1,7","< 0,01","13,3"
24684,"Cookie au chocolat, préemballé","Biscuit (cookie), with chocolate, prepacked",07,0706,000000,493,2060,"6,44",61,"31,4","23,8","11,4","4,3","0,86","2,8"
24685,"Cône ou cornet classique, pour glace","Cone, wafer for ice cream",07,0706,000000,401,1700,"7,5","80,4","25,6",5,"4,1",2,"0,54",-
24686,"Biscuit (génoise), fourré aux fruits (ex : orange, cerise…), nappé de chocolat","Biscuit sponge cake, filled with fruits and with chocolate covering",07,0706,000000,395,1660,"3,88","66,6","45,2","11,7","5,75","3,2","0,31","13,3"
24687,"Cookie aux pépites de chocolat et à la noix de coco, préemballé","Biscuit (cookie), with chocolate chips and coconut, prepacked",07,0706,000000,519,2170,"5,93","54,5","28,3","29,8","16,3","4,85","0,83","2,85"
24689,Biscuit pour bébé,Baby biscuit,11,1104,000000,439,1850,"7,5","73,3","24,8","12,3","4,35","2,4","0,36",3
24998,"Poisson blanc en sauce, préemballé (aliment moyen)","White fish with sauce, prepacked (average)",01,0103,010304,147,613,"13,2","4,67","1,6","8,1","1,85","1,14","1,12","72,1"
24999,Dessert (aliment moyen),Dessert (average),00,0000,000000,255,1070,"4,39","32,9","21,3","11,3","4,96","1,7","0,33","49,9"
25001,"Blanquette de veau, préemballée","Veal stew in white sauce, prepacked",01,0103,010301,113,474,"15,4","3,1","0,3",4,"2,03","0,8","0,74","75,1"
25002,"Cassoulet, appertisé","White bean stew, canned",01,0103,010303,129,539,"8,06","9,41","1,06","5,77","2,07","3,55","0,97","70,6"
25003,"Choucroute garnie, préemballée","Sauerkraut, with garnish (cooked meats), prepacked",01,0103,010303,109,454,"5,06","2,8","0,66","8,06","3,22","2,71","1,39","82,4"
25009,"Hachis parmentier à la viande, préemballé","Shepherd's pie or cottage pie with meat, prepacked",01,0103,010302,138,577,"5,99","9,39","1,47","8,22","4,7","1,43","0,83","73,6"
25010,"Petit salé ou saucisse aux lentilles, préemballé","Salt-cured pork belly with lentils, prepacked",01,0103,010303,118,494,"8,24","8,89","1,51","4,87","1,89","2,83","0,98","73,5"
25013,"Pot-au-feu, préemballé","Boiled meat with vegetables, prepacked",01,0103,010303,"77,5",326,"10,9","3,2","1,5","2,02","0,82","1,5","0,32","82,9"
25018,"Ratatouille cuisinée, préemballée","Ratatouille, seasoneded, prepacked",01,0103,010306,"57,1",238,"1,22","4,97","3,91","3,15","0,47","2,03","0,94",88
25019,"Ravioli au boeuf, sauce tomate, appertisé","Ravioli filled with meat, in tomato sauce, canned",01,0103,010307,"95,3",401,"4,22","12,5","2,23","2,83","1,14","1,41","0,96","79,1"
25020,Soufflé au fromage,Cheese soufflé,01,0103,010308,185,771,"10,9","4,75","2,15","13,4","8,15","1,15","0,95","67,3"
25026,"Épinard à la crème, préemballé","Spinach with cream sauce, prepacked",01,0103,010306,"57,3",239,"2,5","4,1","1,19","2,9","1,82","1,9","0,72","86,9"
25029,Couscous au mouton,Couscous with mutton,01,0103,010302,149,626,"8,31","12,2","1,38","7,2",-,"1,3","0,81","68,9"
25031,"Paëlla, préemballée","Paëlla, prepacked",01,0103,010305,148,621,"7,86","17,1","1,2","4,9","1,28","1,85","0,87","66,9"
25033,"Boeuf bourguignon, préemballé","Burgundy-style beef stew, prepacked",01,0103,010301,"84,3",354,"10,3","4,17",2,"2,61","0,88","1,5","0,88","78,4"
25035,"Sauté d'agneau au curry, préemballé","Sauté of lamb with curry, prepacked",01,0103,010301,-,-,"10,5",-,-,"13,9","6,7",1,"0,71","73,5"
25037,"Gratin ou cassolette de poisson et / ou fruits de mer,  préemballé, cru","Fish or seafood au gratin, intended to be cooked, prepacked, raw",01,0103,010304,105,441,"6,13","8,39","2,48","5,1","3,18","0,5","0,82","78,4"
25038,"Gratin ou cassolette de poisson et / ou fruits de mer, préemballé, cuit","Fish and shrimp au gratin, prepacked, cooked",01,0103,010304,117,488,"6,69","5,28","1,6","7,5","4,82","0,7","0,92","78,2"
25043,"Couscous à la viande ou au poulet, allégé en matière grasse, préemballé,","Couscous with meat or chicken, reduced fat, prepacked",01,0103,010302,"90,7",382,"5,9","11,5","2,1","1,9","0,4",2,"0,7","72,9"
25052,"Gratin d'aubergine, préemballé","Eggplant au gratin, prepacked",01,0103,010306,105,435,"1,5","5,5","3,5",8,1,"2,5","0,43","80,9"
25056,"Gratin dauphinois, préemballé","Dauphiné-style creamed potatoes au gratin, prepacked",01,0103,010306,113,475,"3,38","14,5","2,08","4,2","2,67","1,5","0,81","74,7"
25057,"Poêlée de pommes de terre préfrites, lardons ou poulet, et autres, sans légumes verts, préemballée","Pre-fried potatoes, pan-fried, with bacon bits or chicken, without green vegetables, prepacked",01,0103,010302,171,715,"3,2",17,"1,7","9,6","2,9","2,1","0,6",65
25058,"Canard en sauce (poivre vert, chasseur, etc.), préemballé","Duck with sauce (green pepper sauce, hunter-style sauce, etc.) , prepacked",01,0103,010301,145,605,"9,55","10,2",-,"7,3",-,traces,-,-
25063,"Lapin à la moutarde, préemballé","Rabbit with mustard sauce, prepacked",01,0103,010301,108,453,"14,9","0,5","0,5",5,"2,1","0,8","1,2",-
25065,"Boeuf aux carottes, préemballé","Beef stew with carrots, prepacked",01,0103,010303,95,399,"13,2","2,91",-,"3,15","1,21","1,1","0,58","78,5"
25071,Potée auvergnate (chou et porc),"Pork sausage stew with cabbage, carrots and potatoes",01,0103,010303,115,478,"7,28","4,85","1,23","6,9","2,46","2,1","0,72","77,6"
25073,"Endive au jambon, préemballée","Chicory with ham in sauce, prepacked",01,0103,010306,109,456,"7,44","4,71","1,98","6,3","3,77","1,5","0,65","78,4"
25077,"Saumon sauce à l'oseille, préemballé","Salmon with sorrel, prepacked",01,0103,010304,157,657,"9,5","8,23","0,5","9,5",4,"0,5","0,59","71,2"
25081,"Lasagnes ou canellonis à la viande (bolognaise), préemballés","Lasagna or cannelloni with meat (bolognese sauce), prepacked",01,0103,010307,134,562,"6,29","13,5","2,84","5,72","2,55","1,91","0,97","74,3"
25085,"Pâtes à la bolognaise (spaghetti, tagliatelles…), préemballées","Bolognese-style pasta (spaghetti, tagliatelle…), prepacked",01,0103,010307,116,487,"5,32","13,6","2,64","4,07","1,42","1,9","0,83","74,1"
25086,"Poisson blanc à la bordelaise (chapelure, huile…), préemballé","White fish with bordelaise sauce, prepacked",01,0103,010304,176,735,"14,8","5,3","1,25","10,4","2,3",1,"1,28","67,5"
25088,"Riz cantonais, préemballé","Cantonese rice, prepacked",01,0103,010307,164,691,"5,46","23,6","1,28","4,94","0,75","1,74","0,86","62,9"
25089,"Cordon bleu de volaille, préemballé","Veal escalope cordon bleu (escalope topped with a ham slice and cheese, breaded, prepacked",01,0103,010301,226,944,14,"14,6","2,2","12,2","3,2","0,78","1,73","54,1"
25098,"Cassoulet au porc, appertisé","White bean stew, with pork, canned",01,0103,010303,132,552,"8,3","8,6","1,8","6,3","2,2",4,"1,1","71,1"
25099,"Cassoulet au canard ou oie, appertisé","White bean stew, with duck or goose, canned",01,0103,010303,161,672,"10,5","10,1","1,09","7,86","2,43","3,86","1,05","68,6"
25101,"Gratin de chou-fleur, préemballé","Cauliflower au gratin, prepacked",01,0103,010306,"86,3",358,3,"3,3","0,88","6,5",4,"1,3","1,07","82,1"
25103,"Tomate farcie, préemballée","Stuffed tomatoes, prepacked",01,0103,010303,127,527,6,"2,95","1,38","9,67","3,24","2,1","0,7","78,5"
25106,"Chou farci, préemballé","Stuffed cabbage, prepacked",01,0103,010303,"94,9",393,"5,3",2,2,"6,6",-,"3,13","0,87","81,2"
25107,Couscous au poisson,Couscous with fish,01,0103,010305,105,442,"7,5","14,2","1,7","1,6","0,2","1,7","0,84","75,6"
25108,"Samossa ou samoussa ou brick garni, préemballé, cuit","Samosas or samoosas or filled filo pastry, prepacked, cooked",01,0106,000000,230,960,"9,33","16,5","2,45","13,7","2,78","1,8","1,26","55,2"
25110,"Ravioli chinois à la vapeur à la crevette, cuit","Dumplings, steamed, with shrimps, cooked",01,0103,010307,172,720,"5,5","23,2","1,1","5,5","1,55","3,6","0,96","62,3"
25111,"Chili con carne, préemballé","Chili con carne, prepacked",01,0103,010303,118,494,"7,13",13,"2,58","3,35","1,13","3,56","0,93","74,2"
25121,Coq au vin,Cockerel in red wine sauce,01,0103,010301,133,556,13,4,1,7,1,1,"0,75",-
25122,"Gratin de pâtes au jambon, préemballé","Pasta with ham au gratin, prepacked",01,0103,010307,179,750,"7,06","16,4","2,19","9,2","4,85",1,"0,85","64,7"
25123,"Moussaka, préemballée","Moussaka, prepacked",01,0103,010303,147,610,"5,82","5,16","3,01","10,8","3,37","2,84","0,97",76
25124,Navarin d'agneau aux légumes,Stewed lamb garnished with potatoes and other vegetables,01,0103,010303,135,561,"9,72","3,85","1,29","8,61","4,82","1,53","0,42","73,7"
25125,Paupiette de veau,Veal paupiette,01,0103,010301,181,753,"14,6","4,67","2,4","11,3","4,58","0,69","1,03","64,1"
25126,Paupiette de volaille,Poultry paupiette,01,0103,010301,163,684,"17,4","8,8",-,"6,19","2,44","1,17","0,84","65,9"
25127,"Couscous royal (avec plusieurs viandes), préemballé","Couscous royal (with different meats), prepacked",01,0103,010302,132,553,"7,69",14,"1,57","4,53","1,54","2,1","0,88","69,2"
25128,"Poisson blanc à la provençale ou niçoise (sauce tomate), préemballé","White fish with Provencal-style sauce (tomato sauce), prepacked",01,0103,010304,"73,4",308,"9,31","3,1","2,5","2,3","0,69","1,5","0,7","83,6"
25131,"Lasagnes ou cannellonis aux légumes, préemballées, cuits","Lasagna or cannelloni with vegetables, prepacked",01,0103,010307,120,502,"4,38","10,1","3,68","5,9","1,91","2,25","0,6","74,5"
25135,"Pâtes à la carbonara (spaghetti, tagliatelles…), préemballées","Carbonara-style pasta (spaghetti, tagliatelle…), prepacked",01,0103,010307,161,674,"5,91","14,2","1,79","8,7","4,34","1,18","0,86","67,4"
25137,"Tartiflette (pommes de terre, reblochon, lardons…), préemballée","Tartiflette (cheese fondue with potatoes, reblochon cheese, bacon bits…), prepacked",01,0103,010308,161,671,6,"13,5","1,25","8,9","4,47","0,8","0,75","68,9"
25138,Couscous au poulet,Couscous with chicken,01,0103,010302,130,547,"7,5","15,6","2,87","3,85","1,17","1,47","0,79","66,9"
25139,"Lasagnes ou cannellonis au poisson, préemballées","Lasagna or cannelloni with fish, prepacked",01,0103,010307,148,620,"7,28",13,"2,03","7,1","2,5","1,68","1,02","71,2"
25140,"Poisson blanc à la florentine (sauce aux épinards), préemballé","White fish with Florentine-style sauce (spinach sauce), prepacked",01,0103,010304,96,402,12,2,2,4,"2,5",2,"0,58",-
25141,"Poisson blanc à la marinière (sauce aux oignons, vin blanc, moules), préemballé","White fish with shallots, mussels and white wine sauce, prepacked",01,0103,010304,80,337,"11,5","2,2",-,"2,8",-,traces,-,-
25142,"Poisson blanc à la sauce moutarde, préemballé","White fish with mustard sauce, prepacked",01,0103,010304,"90,8",381,"9,2","5,4",-,"3,6",-,0,-,-
25143,"Poisson blanc à la parisienne (sauce aux champignons), préemballé","White fish with Parisian-style sauce (mushrooms sauce), prepacked",01,0103,010304,"81,5",342,9,3,"1,5","3,5","2,02",1,"0,58","84,2"
25145,"Poisson blanc à l'estragon, préemballé","White fish with tarragon sauce, prepacked",01,0103,010304,"77,2",325,"8,8","4,2",-,"2,8",-,0,-,-
25146,"Poisson blanc sauce oseille, préemballé","White fish with sorrel sauce, prepacked",01,0103,010304,111,462,"11,8",3,2,"5,5","3,31",1,"0,88","78,6"
25149,"Pâtes fraîches farcies (ex : raviolis, tortellinis, ravioles du Dauphiné), au fromage, préemballées, cuites","Fresh pasta, stuffed with cheese (e.g. ravioli), prepacked, cooked",01,0103,010307,226,951,10,"26,8","4,4","8,3","4,64","1,9","0,79","51,3"
25150,"Couscous de légumes, préemballé","Couscous with vegetables, prepacked",01,0103,010307,108,453,"4,32","16,4","2,54","2,25","0,8","2,24","0,73","71,1"
25151,"Feuilleté ou friand au poisson et/ou fruits de mer, préemballé, à cuire","Fish or seafood in puff pastry, prepacked, to cook",01,0106,000000,260,1090,"6,55","27,9","4,3",13,"9,7","2,9","1,02","48,3"
25152,"Couscous à la viande, préemballé","Couscous with meat, prepacked",01,0103,010302,128,537,"7,59","12,5","1,97","4,73","1,24","2,53","0,78","69,2"
25154,"Gratin de poisson et purée ou brandade aux pommes de terre ou parmentier de poisson, préemballé","Fish brandade or fish shepherd's pie, prepacked",01,0103,010305,117,491,"6,39","8,57","1,62","6,15","3,68","1,1","0,81","74,9"
25155,"Pâtes fraîches farcies (ex : raviolis, tortellinis), au fromage et aux légumes, préemballées, cuites","Fresh pasta, stuffed with cheese and vegetables (e.g. ravioli), cooked, prepacked",01,0103,010307,219,918,"7,94","27,8","3,53","7,5","2,36","3,4","1,05","51,2"
25157,"Pâtes fraîches farcies (ex : raviolis, tortellinis), au boeuf (ex : bolognaise), préemballées, crues","Fresh pasta, stuffed with meat (e.g. bolognese-style ravioli), prepacked, raw",01,0103,010307,265,1120,"11,4","40,3","3,91","5,79","2,45","3,15","1,28","35,3"
25158,"Pâtes fraîches farcies (ex : raviolis, tortellinis), au boeuf (ex : bolognaise), préemballées, cuites","Fresh pasta, stuffed with meat (e.g. bolognese-style ravioli), prepacked, cooked",01,0103,010307,174,734,"6,94","25,1",1,"4,65","1,65","2,15","0,52","60,3"
25159,"Tajine de mouton, préemballé","Mutton tagine, prepacked",01,0103,010303,131,546,"12,8","4,5","2,4","6,83","2,73",< 1,"0,99",73
25162,"Gratin de légumes, préemballé","Vegetables au gratin, prepacked",01,0103,010306,106,442,"3,44","6,91","3,42","6,7","3,41","1,7","0,57","79,6"
25163,"Boulettes au boeuf, cuites","Meat balls, beef, cooked",01,0103,010301,217,906,"18,5","5,65",2,"13,3","4,8","0,63","1,13",62
25164,"Osso buco de veau à la milanaise (jarret de porc , légumes, vin blanc)","Osso buco from veal (with vegetables and white wine), homemade",01,0103,010303,102,427,"12,5","3,5","1,1","4,06","0,8","0,6","1,47","77,4"
25169,"Spécialité chinoise type bouchée à la vapeur, préemballée, cuite","Chinese specialty or dumplings, prepacked",01,0106,000000,149,630,"5,9",28,"3,9","1,4","0,31","0,21","1,26","64,6"
25172,Viande en sauce (aliment moyen),Meat in sauce (average),01,0103,010301,109,454,"11,7","4,23","1,9","4,7","1,82","1,22","0,92","76,2"
25173,"Escalope panée, viennoise ou milanaise, veau, cuite",Milanese-style veal escalope or breaded veal escalope,01,0103,010301,271,1130,"22,9","12,6","0,49","14,1","2,42","0,94","0,98","47,8"
25174,"Poulet au curry et au lait de coco, préemballé","Chicken with curry and coconut milk sauce, prepacked",01,0103,010301,125,521,"10,6","4,07","1,9","6,9","3,03","1,1","1,07","75,2"
25175,"Meloukhia, plat à base de boeuf et corète, fait maison","Molokhia,beef-based mdish with jute mallow (or nalta jute), home-made",01,0103,010303,189,783,"10,6","1,2","1,2","14,7",-,"4,7","0,93","67,7"
25181,"Pâtes fraîches farcies (ex : raviolis, tortellinis, ravioles du Dauphiné), au fromage, préemballées, crues","Fresh pasta, stuffed with cheese (e.g. ravioli, prepacked, raw",01,0103,010307,268,1130,"11,3","37,3","3,83","7,69","4,28","2,23","1,13","42,9"
25182,"Pâtes fraîches farcies (ex : raviolis, tortellinis), au fromage et aux légumes, préemballées, crues","Fresh pasta, stuffed with cheese and vegetables (e.g. ravioli), prepacked, raw",01,0103,010307,262,1110,"9,98","41,4","3,46","5,69","2,74","2,87","1,07","37,5"
25183,"Nouilles aux crevettes, préemballées, sautées/poêlées","Noodles with shrimps, prepacked, sautéed/pan-fried, without added fat",01,0103,010307,104,436,"4,88","12,6","1,7","3,4","1,16","1,6","0,84","76,4"
25186,"Boulettes au porc et au boeuf (à la suédoise), préemballées, crues","Meat balls, pork and beef (Swedish-style), prepacked, raw",01,0103,010301,254,1060,"17,4","4,8","1,5","18,2","7,5","0,8","1,05",-
25187,"Risotto, aux légumes, préemballé","Risotto, with vegetables, prepacked",01,0103,010307,120,503,"2,88","18,4","0,85","3,8",2,"< 0,5","0,76","73,6"
25188,"Risotto, aux fruits de mer, préemballé","Risotto, with seafood, prepacked",01,0103,010307,130,544,"5,75","12,5","2,02","6,07","2,92","1,15","0,85",-
25189,"Risotto, aux fromages, préemballé","Risotto, with cheeses, prepacked",01,0103,010307,195,822,"5,93","30,9","0,58","5,16","2,49","0,7","0,82",-
25190,"Poulet basquaise, préemballé","Chicken, Basque-style, prepacked",01,0103,010303,107,448,"9,3","2,5",2,"6,4","1,7","1,3","0,89",-
25192,"Ravioli aux légumes, à la sauce tomate, appertisés","Ravioli filled with vegetables, in tomato sauce, canned",01,0103,010307,"91,1",383,"2,88","13,5","2,83","2,45","0,48","1,7","0,76","78,5"
25193,"Pâtes fraîches farcies (ex : raviolis, tortellinis), aux légumes, préemballées, cuites","Fresh pasta, stuffed with vegetables (e.g. ravioli), prepacked, cooked",01,0103,010307,156,654,"5,19","20,9","1,9","4,9","1,93","3,7","0,49","64,6"
25194,"Boulettes au boeuf et à l'agneau (type kefta), préemballées, crues","Meat balls, beef and lamb (kefta type), prepacked, raw",01,0103,010301,220,917,"14,9","9,7",5,"13,3","6,8","0,8","1,08",-
25195,"Parmentier de canard, préemballé, à cuire","Shepherd's pie with duck, prepacked, to cook",01,0103,010302,146,608,"6,82","8,51","1,96","9,06","4,5","1,55","0,81","69,9"
25196,"Riste d'aubergines (aubergines, tomates, oignons), préemballée","Riste (Eggplant, tomatoes, onions), prepacked",01,0103,010306,145,601,"1,05","10,6","5,2","10,4",2,"2,6","1,19",-
25198,"Pâtes en sauce aux fromages (spaghetti, tagliatelles…), préemballées","Pasta with cheese sauce (spaghetti, tagliatelle…), prepacked",01,0103,010307,163,681,"7,17","15,9","5,85","7,4","4,35","1,85","0,8",-
25199,"Palet ou galette de légumes, préfrit, surgelé","Vegetable rosti, pre-fried, frozen",01,0103,010306,101,421,"2,33","8,67",3,"5,67","1,33",3,"0,76","80,5"
25200,"Palette à la diable, préemballée","Devilled pork shoulder in mustard sauce, prepacked",01,0103,010301,102,425,13,1,1,"4,5","1,5","2,5","2,29",-
25201,"Langue de boeuf sauce madère, préemballée","Beef tongue with Madeira wine sauce, prepacked",01,0103,010301,180,746,"9,5","4,5","2,5","13,5",6,1,"1,08",-
25203,"Pâtes fraîches farcies (ex : raviolis, tortellinis), aux légumes, préemballées, crues","Fresh pasta, stuffed with vegetables (e.g. ravioli), prepacked, raw",01,0103,010307,255,1080,"9,4","41,4","3,14","5,06","1,74","3,02","0,81",-
25204,"Tajine de poulet, préemballé","Chicken tagine, prepacked",01,0103,010303,127,534,"7,54","14,4","6,8","3,7","0,4",3,"1,17","72,7"
25205,"Chop suey (porc ou poulet, légumes), préemballé","Chop suey (pork or chicken, vegetables), prepacked",01,0103,010303,"78,2",329,5,"7,8",-,3,-,traces,-,-
25207,"Porc au caramel, préemballé","Pork with caramel sauce, prepacked",01,0103,010301,136,569,10,"11,4","7,9","5,4","1,58","0,7","1,34","70,7"
25208,"Palet ou galette de légumes, préfrit, surgelé, cuit","Vegetable rosti, pre-fried, frozen, cooked",01,0103,010306,105,436,"3,31","8,45",3,"5,7","0,64","2,6","0,75","78,2"
25210,"Saumon farci, préemballé","Stuffed salmon, prepacked",01,0103,010304,227,945,"18,8","0,4","0,4","16,2","3,8","2,4","0,65",-
25211,"Boulettes au boeuf, à la sauce tomate, préemballées","Meat balls, beef, with tomato sauce, prepacked",01,0103,010301,117,487,9,"5,5",-,"6,5",-,traces,-,-
25213,"Paupiette de veau, préemballée, rôtie/cuite au four","Veal paupiette, prepacked,  roasted/baked",01,0103,010301,276,1140,22,"0,48","0,3","20,5","8,19","0,9","1,07","54,8"
25216,"Pâtes fraîches farcies (ex : raviolis, tortellinis), cuites (aliment moyen)","Pasta (e.g. ravioli), filled, cooked (average)",01,0103,010307,198,832,"7,97","25,6","2,78","6,48","2,88","2,49","0,7","56,1"
25217,"Feuille de vigne farcie au riz ou dolmas, égouttée, préemballée","Vine leaf stuffed wih rice or dolmas, drained, prepacked",01,0103,010307,150,627,"2,63","18,6","0,8","6,5","0,85","2,6","1,34","67,6"
25219,"Lasagnes ou cannellonis aux légumes et au fromage de chèvre, préemballés, cuits","Lasagna or cannelloni with vegetables and goat cheese, prepacked, cooked",01,0103,010307,179,749,7,14,"2,3","10,2","5,23","1,4","0,85","65,6"
25220,"Choucroute cuisinée aux lardons, sans garniture, égouttée, cuite","Sauerkraut, seasoned and cooked with bacon bits, without garnish, drained, cooked",01,0103,010306,"75,5",310,"1,38","< 0,1","< 0,2","6,6","2,02","4,5","1,26","85,6"
25221,"Boulettes au boeuf et à l'agneau (type kefta), préemballées, cuites","Meat balls, beef and lamb (kefta type), prepacked cooked",01,0103,010301,235,978,"15,7","7,5","1,2","15,7","5,81",0,"1,03","55,5"
25222,"Boulettes au porc et au boeuf (à la suédoise), préemballées, cuites","Meat balls, pork and beef (Swedish-style), prepacked, cooked",01,0103,010301,258,1070,"14,4","7,7","0,8","18,6","6,99",0,"1,51","55,6"
25223,"Bouchées ou émincé végétal au soja et blé (convient aux véganes ou végétaliens), préemballé","Soy and wheat burger or bite (vegan), prepacked",01,0103,010309,157,662,"21,3","6,76","2,57","3,7","0,66","4,86","1,68","61,2"
25224,"Bouchées ou émincé au soja et blé  (ne convient pas aux véganes ou végétaliens), préemballé","Soy and wheat burger or bite (not vegan), prepacked",01,0103,010309,185,775,"19,3","8,19","2,07",7,"0,55","5,24","1,24","58,9"
25225,"Nuggets ou croquette panée de blé (sans soja), préemballé","Wheat-based nuggets, breaded croquette (wo soybean), prepacked",01,0103,010309,284,1190,"13,5","22,4","1,33","14,9","1,48","2,55","0,67","45,7"
25226,"Nuggets ou croquette panée de soja et blé (ne convient pas aux véganes ou végétaliens), préemballé","Soybean and wheat-based nuggets, breaded croquette (not vegan), prepacked",01,0103,010309,253,1060,"14,1","18,5","3,17","12,6","1,34","4,18","1,18",48
25227,"Nuggets ou croquette panée de soja et blé (convient aux véganes ou végétaliens), préemballé","Soybean and wheat-based nuggets, breaded croquette (vegan), prepacked",01,0103,010309,251,1050,"15,5","19,7","1,75","10,9","1,14","5,38","1,39","45,8"
25228,Pané soja et blé (ne convient pas aux véganes ou végétaliens),"Schnitzel, soybean and wheat-based (not vegan), prepacked",01,0103,010309,260,1090,"14,4","16,8","1,28","13,9","1,45","4,39","1,03","47,7"
25229,"Bâtonnet pané soja et blé (convient aux véganes ou végétaliens), préemballée","Schnitzel or stick, soybean and wheat-based (vegan), prepacked",01,0103,010309,245,1030,"16,9","18,8",traces,10,"1,1","5,41","1,13","46,2"
25230,"Pané soja, blé et fromage, type cordon bleu, préemballé","Schnitzel, soybean, wheat and cheese-based, cordon bleu-style, prepacked",01,0103,010309,247,1030,"15,2","15,1","2,05","13,1","3,02","3,28","1,5","50,2"
25231,"Ravioli au tofu, à la sauce tomate, préemballés","Ravioli filled with tofu, in tomato sauce, prepacked",01,0103,010309,"91,7",385,"3,13","12,5","3,14","2,7","0,41","2,1","0,81","77,9"
25232,"Saucisse végétale au blé ou seitan, préemballé","Plant-based sausage with wheat or seitan, prepacked",04,0403,040309,250,1050,"29,1","7,53","1,74","10,5","2,79","4,6","1,82","47,7"
25233,"Galette de céréales au fromage (sans soja), préemballée","Cereal burger with cheese (without soybean), prepacked",01,0103,010309,241,1010,7,"27,8","2,86","10,3","2,56","4,3",1,"48,4"
25234,"Galette de céréales aux légumes (sans soja), préemballée","Cereal burger with végétables (without soybean), prepacked",01,0103,010309,211,885,"5,31",28,"3,66","7,6","0,89","4,4","1,03","52,7"
25238,"Gratin de légumes, fait maison","Vegetables au gratin, home-made",01,0103,010306,107,443,"3,15","3,59","1,95","8,51","2,49","1,7","0,5",82
25242,"Paëlla (poulet fruit de mer, chorizo, colin), fait maison","Paëlla, home-made",01,0103,010305,135,570,"6,38",22,1,"2,2","0,76","0,8","1,28","67,2"
25243,"Nouilles asiatiques instantanées, aromatisées, cuites","Noodles, asian style, instant, flavoured, cooked",01,0103,010307,164,686,"3,75","21,1",-,"6,9","3,16",1,"0,23","66,9"
25396,"Feuilleté ou friand jambon fromage, préemballé","Ham and cheese puffed pastry, prepacked",01,0106,000000,278,1160,"8,46","22,7","3,65","16,7","10,8","1,9","1,29","48,7"
25398,"Feuilleté ou friand au fromage, préemballé, à cuire","Cheese puff pastry, prepacked, to cook",01,0106,000000,283,1180,"6,08","26,2","2,92","16,9","9,06","1,18","1,05","48,2"
25399,"Feuilleté ou friand aux escargots, préemballé","Snails in puff pastry, prepacked",01,0106,000000,321,1340,"6,69","23,1","1,09","22,1","13,2","1,74","1,17",-
25400,"Croque-monsieur, jambon, fromage et beurre, fait maison","Toasted ham and cheese sandwich, w butter, homemade",01,0105,000000,-,-,"14,3",-,-,"18,4",-,-,"1,71","45,1"
25401,"Feuilleté ou friand au fromage, préemballé, cuit","Cheese puff pastry, prepacked, cooked",01,0106,000000,302,1260,"8,25","28,1","3,86","17,1","10,2","1,3","1,58","46,1"
25402,"Feuilleté ou friand à la viande, préemballé","Meat puff pastry, prepacked",01,0106,000000,354,1470,"9,59","27,3","1,23","22,6","10,6","1,63","1,55","37,1"
25403,"Hot-dog, préemballé","Hot-dog, prepacked",01,0105,000000,278,1160,"10,9","26,3","5,2","13,8","5,18","1,6","1,69","44,5"
25404,"Pizza au fromage ou pizza margherita, préemballée","Pizza, cheese and tomato (Margherita), prepacked",01,0104,000000,224,944,"8,7","29,6","3,43","7,41","3,14","2,27","1,14","49,2"
25405,"Quiche lorraine, préemballée","Quiche Lorraine (eggs and lardoons quiche), prepacked",01,0104,000000,269,1120,"8,39","21,5",2,"16,4","9,19","1,39","1,01","53,7"
25409,"Crêpe ou galette béchamel et jambon, préemballée","Crepe or buckwheat pancake, filled with ham, prepacked",01,0104,000000,199,837,"7,5","24,3","2,5",8,"3,04",traces,"1,43",-
25410,"Crêpe ou galette béchamel, jambon et fromage, préemballée","Crepe or buckwheat pancake, filled with cheese, ham and béchamel sauce, prepacked",01,0104,000000,179,750,"9,83","16,3","1,01","7,9","4,48","1,77","1,13","62,6"
25411,"Crêpe ou galette béchamel et champignon, préemballée, surgelée","Crepe or buckwheat pancake, filled with mushrooms and béchamel sauce, prepacked, frozen",01,0104,000000,144,606,"4,5",20,3,5,"0,5","0,5","0,81",66
25412,"Bouchée à la reine, à la viande/volaille/quenelle",Vol-au-vent with meat/poultry/quenelle,01,0106,000000,296,1230,"6,12","24,5","2,6","18,9","9,66","1,65","1,27","46,8"
25413,"Hamburger, de restauration rapide","Hamburger, from fast food",01,0105,000000,251,1050,"13,3","29,5","5,95","8,44","2,82","1,8","1,23","46,1"
25414,"Cheeseburger, de restauration rapide","Cheeseburger, from fast food",01,0105,000000,290,1210,14,"22,3","3,94","15,8","4,88","1,4","1,23","44,9"
25415,"Double cheeseburger, de restauration rapide","Cheeseburger, double, from fast food",01,0105,000000,290,1210,"15,5","19,4","1,28","16,7","6,32",< 1,"1,15","43,8"
25416,"Burger au poisson, de restauration rapide","Fish burger, from fast food",01,0105,000000,263,1100,"12,2","26,7","3,9","11,5","4,92","1,5","1,1","46,1"
25417,"Tarte aux légumes, préemballée","Tart, vegetables, prepacked",01,0104,000000,216,902,5,"21,8","3,2","11,7",6,"1,7","0,98","57,4"
25418,"Croissant au jambon fromage, fait maison","Croissant filled with ham and cheese, homemade",01,0106,000000,264,1100,"7,9","24,8","2,6","14,6","8,5",1,"1,1","49,8"
25419,Rouleau de printemps,Spring roll,01,0106,000000,103,437,"4,57","16,6","3,6","1,82","0,66","1,2","0,29","73,9"
25428,"Sandwich grec ou kebab, pita, crudités","Sandwich, pita bread, kebab and raw vegetables",01,0105,000000,232,971,"15,2",17,"1,1","10,9","4,29","2,3","1,23","51,8"
25429,"Sandwich grec ou kebab, baguette, crudités","Sandwich, baguette, kebab and raw vegetables",01,0105,000000,272,1140,15,"29,9","3,3","9,8","4,26",2,"1,13","44,8"
25431,"Sandwich baguette, thon crudités mayonnaise, fait maison","Sandwich, baguette, tuna, raw vegetables and mayonnaise, homemade",01,0105,000000,275,1150,"10,3","32,1","1,4","11,3","2,54","1,78","1,28",43
25433,"Accra de poisson, préemballé","Caribbean-style fish fritters, fish acras, prepacked",04,0409,000000,275,1140,"12,4","15,1","2,55","17,6","2,3",3,"1,24","49,5"
25434,"Sandwich panini, jambon cru mozzarella, tomates","Sandwich, panini bread, cured ham, mozzarella cheese and tomato, toasted",01,0105,000000,237,998,"14,2","25,7",-,"8,35",-,"1,4","1,24","46,6"
25435,"Pizza jambon fromage, préemballée","Pizza, ham and cheese, prepacked",01,0104,000000,228,956,"10,7","26,2","3,7","8,49","3,93","1,95","1,33","45,3"
25437,Gougère,Small cheese chou-pastry puff,01,0103,010308,399,1660,"16,2","22,7","0,56","26,6",16,"1,9","1,13","30,3"
25438,"Samoussa ou samossa ou brick garni, fait maison, cuit","Samosas or samoosas or filled filo pastry, home-made, cooked",01,0106,000000,187,781,"12,2","8,48","0,72","11,5","2,77","0,59","1,41","65,1"
25444,"Tarte au fromage, préemballée","Tart, cheese, prepacked",01,0104,000000,271,1130,"9,44",20,"1,64","16,7","10,4","1,57","0,86","53,3"
25454,"Tarte à la provençale, préemballée","Tart, Provence-style, prepacked",01,0104,000000,224,936,"5,34","21,8",4,"12,5","6,92","1,8","1,17","54,3"
25456,Sushi ou maki aux produits de la mer,"Sushi or maki, with seafood products",01,0103,010305,171,722,"6,69","26,9","4,93","3,7","0,6","0,9","0,55","60,3"
25457,"Pizza à la viande, type bolognaise, préemballée","Pizza, Bolognese-style with meat, prepacked",01,0104,000000,214,900,"9,7",27,"3,38","7,03","3,02","2,1","1,06",-
25459,Burritos au boeuf,Burritos with beef,01,0104,000000,170,709,8,"14,3","1,9","8,5","4,33","1,9","0,75","62,5"
25460,"Fajita au poulet, préparé maison avec un kit","Fajitas, home-prepared from kit",01,0104,000000,158,665,"12,7",16,"2,2","4,5","1,96","1,4","0,89","63,7"
25462,"Pizza au chorizo ou salami, préemballée","Pizza, chorizo or salami, prepacked",01,0104,000000,236,991,"9,88","24,7","3,57","10,4","4,23","2,09","1,32","43,6"
25463,"Pizza aux fruits de mer, préemballée","Pizza, seafood, prepacked",01,0104,000000,215,903,"9,67","25,2","4,58","8,02","2,98","1,8","1,06",-
25464,"Pizza au saumon, préemballée","Pizza, salmon, prepacked",01,0104,000000,232,974,"9,28",26,"4,2","9,72","4,43","1,86","1,2","48,3"
25468,"Pizza au chèvre et lardons, préemballée","Pizza, goat cheese and lardoons, prepacked",01,0104,000000,253,1060,"10,3","26,5","6,2","11,5","6,55","1,35","1,3","48,5"
25472,"Pizza aux légumes ou pizza 4 saisons, préemballée","Pizza, vegetables or (4 seasons), prepacked",01,0104,000000,206,863,"7,58","25,1",4,"7,78","2,78","2,43","1,06","51,8"
25475,"Sandwich baguette, jambon, oeuf, crudités, beurre","Sandwich, baguette, ham, hard-boiled egg, raw vegetables and butter",01,0105,000000,225,947,"10,1","31,7","2,61","5,98","3,01","1,88","1,45","49,1"
25476,"Sandwich baguette, poulet crudités mayonnaise, fait maison","Sandwich, baguette, chicken, raw vegetables and mayonnaise, homemade",01,0105,000000,263,1100,"10,4","34,9","2,67","8,54","1,93","2,21","1,3","43,3"
25477,"Pizza champignons fromage, préemballée","Pizza, cheese and mushrooms, prepacked",01,0104,000000,213,892,8,"24,2",2,"8,93","3,3","1,8","1,13",-
25478,"Pizza aux fromages, préemballée","Pizza, cheeses, prepacked",01,0104,000000,269,1130,"11,2","30,5","3,63","10,7","5,65","2,06","1,2","42,6"
25485,"Sandwich baguette, jambon emmental, préemballé","Sandwich, baguette, ham and emmental cheese, prepacked",01,0105,000000,284,1190,"12,7","27,9",2,"12,9","7,1",3,"1,54","41,3"
25488,"Sandwich baguette, saumon fumé beurre","Sandwich, baguette, smoked salmon and butter",01,0105,000000,268,1130,"11,5","41,7","2,71","5,6","2,49","2,4","1,89","37,4"
25490,"Sandwich baguette, thon maïs crudités, préemballé","Sandwich, baguette, tuna, sweet corn and raw vegetables, prepacked",01,0105,000000,193,811,"8,87","23,9","2,83","6,03","1,02","3,93","1,02","54,6"
25501,"Sandwich panini, trois fromages","Sandwich, panini bread, three-cheese, toasted",01,0105,000000,294,1230,17,25,"0,6",14,"8,9",-,"1,6",-
25502,"Burger au poulet, de restauration rapide","Chicken burger, from fast food",01,0105,000000,249,1040,"12,7","23,8","2,9",11,"1,88","1,2","1,16",49
25503,"Bouchée à la reine, au poisson et fruits de mer, faite maison","Vol-au-vent with fish and seafood, homemade",01,0106,000000,208,866,"6,72","13,7","2,44","13,8","7,41","1,05","1,13","63,1"
25504,"Brochette de volaille, crue","Poultry on skewer, raw",01,0103,010301,-,-,18,"0,8",0,-,2,0,"0,29",-
25505,"Brochette de boeuf, crue","Beef on skewer, raw",01,0103,010301,-,-,20,0,0,-,"2,2",0,"0,36",-
25506,Brochette mixte de viande,Mixed meat on skewer,01,0103,010301,208,866,"19,7","1,02","1,01","13,8","2,51","0,33","0,61","63,4"
25508,"Feuilleté ou friand jambon fromage, fait maison","Ham and cheese puffed pastry, homemade",01,0106,000000,338,1410,"8,76","29,4","2,94","20,3","10,4","1,37","1,09","38,1"
25509,"Préparation à base de fromage(s) pour fondue savoyarde, préemballée","Savoy-style fondue cheese preparation (cheese, white wine …), prepacked",01,0103,010308,237,983,"14,6","3,4","0,61","17,1","11,8","0,2","1,28","57,4"
25510,"Gnocchi à la pomme de terre, cuit","Gnocchi, from potato, cooked",03,0301,030101,178,755,"5,01","34,1","1,1","2,05","0,26","1,75","1,01","55,5"
25511,Légumes farcis (sauf tomate),Stuffed vegetables (excluding tomato),01,0103,010303,"91,9",382,"4,71","3,6","2,55","6,22","1,82","1,34","0,77","81,1"
25512,"Nuggets ou croquette panée de volaille, préemballé","Poultry nuggets, breaded croquette, prepacked",01,0103,010301,247,1030,"13,1",18,"0,2","13,2","2,42","1,7","1,2","51,5"
25513,Pan bagnat,"Large round sandwich with lettuce, tuna, anchovy and black olives",01,0105,000000,205,862,"7,95","27,8","3,2","6,48","0,98","1,98","1,03","51,1"
25516,Pizza (aliment moyen),Pizza (average),01,0104,000000,234,983,10,"27,4","3,64","8,88","4,06","2,12","1,21","47,5"
25517,"Sandwich baguette, jambon beurre, fait maison","Sandwich, baguette, ham and butter, homemade",01,0105,000000,285,1200,"11,6","35,1","2,38","10,5","6,16","1,92","1,78","39,3"
25518,"Sandwich baguette, camembert beurre, fait maison","Sandwich, baguette, camembert cheese and butter, homemade",01,0105,000000,341,1430,"11,9","34,8","2,21","16,7","10,4","1,92","1,72","32,9"
25519,"Sandwich baguette, pâté cornichons","Sandwich, baguette, pâté and pickles",01,0105,000000,304,1270,"10,1","33,5","2,52","13,9","6,12","1,99","1,8","39,8"
25520,"Sandwich baguette, saucisson beurre, fait maison","Sandwich, baguette, dry sausage and butter, homemade",01,0105,000000,374,1570,"13,7","35,2","2,21","19,4","9,41","1,92","2,71","26,6"
25521,"Sandwich baguette, jambon emmental beurre","Sandwich, baguette, ham, emmental cheese and butter",01,0105,000000,298,1250,"13,4","30,2","2,32","13,2","7,62","2,5","1,6","37,5"
25522,Sandwich (aliment moyen),Sandwich (average),01,0105,000000,280,1180,"12,4","30,3","2,03","11,7","5,34","2,08","1,56","41,4"
25523,"Toasts ou canapés salés, garnitures diverses, préemballés","Canapés (savoury toasts with various toppings), prepacked",01,0105,000000,251,1050,"9,09","22,4","5,6","13,3","7,11","2,8","1,11","53,5"
25524,"Tomate à la provençale, fait maison","Provencal-style tomato (breaded tomatoes stuffed with garlic and parsley), home-made",01,0103,010306,"75,7",315,"1,65","6,55","2,71","4,32","0,94",2,"0,47","83,6"
25525,Sauce tomate cuisinée pour pizza,Tomato sauce for pizza,10,1003,000000,"41,5",174,"2,04","4,71","4,57","0,75","0,097","2,81","0,96","86,8"
25528,"Pissaladière, préemballée","Pizza, onion anchovy and black olives, prepacked",01,0104,000000,265,1110,"4,8","26,3","6,8","15,1","5,8","2,5","1,26",-
25529,"Tarte à l'oignon, préemballée","Tart, onion, prepacked",01,0104,000000,280,1170,7,"23,5","5,63","17,2","7,5","1,9","0,87",-
25530,"Sandwich baguette, crudités diverses mayonnaise","Sandwich, baguette, raw vegetables and mayonnaise",01,0105,000000,224,941,"6,54","30,6","2,72","7,9","1,69","2,18","1,07",52
25531,"Sandwich baguette, dinde crudités mayonnaise","Sandwich, baguette, turkey, raw vegetables and mayonnaise",01,0105,000000,257,1080,"12,4","31,2","2,27","8,82","1,94","1,86","1,1","44,9"
25532,"Sandwich baguette, oeuf crudités mayonnaise","Sandwich, baguette, egg, raw vegetables and mayonnaise",01,0105,000000,249,1050,"8,52","31,6","2,43","9,47","2,18","1,89","1,13","47,7"
25533,"Sandwich baguette, porc crudités mayonnaise","Sandwich, baguette, pork, raw vegetables and mayonnaise",01,0105,000000,272,1140,12,"31,2","2,38","10,6","2,61","1,86","1,1",44
25535,"Sandwich baguette, merguez ketchup moutarde","Sandwich, baguette, merguez sausage, ketchup and mustard",01,0105,000000,289,1210,"13,1","32,7","2,98","11,4","5,2","1,81","2,12","40,2"
25536,"Sandwich baguette, salami beurre","Sandwich, baguette, salami and butter",01,0105,000000,381,1590,"12,5","33,9","2,04","21,4","9,65","1,82","2,76",28
25537,"Carpaccio de saumon avec marinade, fait maison","Salmon carpaccio, with marinade, home-made",04,0409,000000,238,990,"16,9","0,22",-,"18,8","2,89","0,26","0,58","64,3"
25538,"Carpaccio de boeuf, avec marinade (huile, herbes, fromage), fait maison","Beef carpaccio, with marinade (oil, herbs, cheese), home-made",01,0103,010301,271,1120,"15,2","0,55","0,5",23,"7,38","0,36","1,12",57
25539,Brochette de poisson,Fish on skewer,01,0103,010304,127,535,18,"0,86","0,85","5,71","0,98","0,29","0,56","73,8"
25540,Brochette de crevettes,Shrimps on skewer,01,0103,010304,140,584,"16,4","1,6","0,81","7,38","0,93","0,7","1,92","74,3"
25541,Brochette d'agneau,Lamb on skewer,01,0103,010301,137,571,"13,2","2,54","1,57","7,93","3,03","1,29","0,38","72,8"
25542,"Croque-madame, fait maison","Toasted ham and cheese sandwich, topped with a fried egg, homemade",01,0105,000000,261,1090,"13,7","16,1","1,37","15,5","7,42","1,13","1,29","50,7"
25543,Sandwich baguette (aliment moyen),Sandwich baguette (average),01,0105,000000,293,1230,"11,7","33,2","2,21","12,1","5,55","2,08","1,64","38,9"
25546,"Fromage pané au jambon, préemballé","Cheese with ham, breaded, prepacked",01,0103,010308,262,1090,"17,4","15,3","1,5","14,6","7,15",< 1,"2,32","52,6"
25547,"Croque-monsieur, préemballé","Toasted ham and cheese sandwich, prepacked",01,0105,000000,253,1060,"10,6","26,1","2,84","11,4","5,48","1,98","1,58","44,2"
25548,"Pizza jambon fromage champignons ou pizza royale, reine ou regina, préemballée","Pizza, ham cheese and mushrooms (Regina), prepacked",01,0104,000000,208,874,"9,5","25,9","3,44","6,89","2,95","2,23","1,23","54,4"
25549,"Crêpe ou galette béchamel et fromage, préemballée","Crepe or buckwheat pancake, filled with cheese and béchamel sauce, prepacked",01,0104,000000,150,630,"6,5",17,"3,08",6,2,1,"0,95","65,5"
25550,"Flammenkueche ou tarte flambée aux lardons, préemballée","Flamed tart (thin-crusted onion tart with cream and lardoons), prepacked",01,0104,000000,300,1260,"8,81","31,8","4,15","14,8","6,27","1,7","1,64","40,3"
25551,"Beignet de viande, volaille ou poisson, fait maison, cuit","Meat, poultry or fish fritters, home-made, cooked",01,0106,000000,238,993,"18,7",10,"0,92","13,5","2,88","0,41","0,71","55,9"
25552,"Crêpe ou galette béchamel, jambon et fromage et champignon, préemballée","Crepe or buckwheat pancake, filled with cheese, ham, mushrooms and béchamel sauce, prepacked",01,0104,000000,144,603,"6,56","14,7","2,23","6,3","1,91","1,11","0,76","71,4"
25553,"Tarte ou tourte aux poireaux, préemballée","Tart, leek, prepacked",01,0104,000000,229,954,"5,29","20,9","2,27","13,3","7,96","2,12","0,97","54,5"
25555,"Tarte au saumon, préemballée","Tart, salmon, prepacked",01,0104,000000,251,1050,"8,41","24,2","2,81","13,2","7,51","0,9","0,85","54,6"
25556,Beignet de légumes,Vegetable fritters,01,0103,010306,140,585,4,"12,1","4,5",8,"0,91",2,"0,54","69,9"
25557,"Brick à l'oeuf, fait maison, cuit","Fritter, filled with eggs (filo pastry), home-made, cooked",01,0106,000000,255,1060,"10,4","12,3","1,6","18,1",-,"0,5","1,35","56,2"
25558,"Samossa ou samoussa ou brick au boeuf, fait maison, cuit","Brick pastry with beef, home-made, cooked",01,0106,000000,342,1430,"10,4","33,5","3,2",17,-,"6,8","3,76",27
25559,"Brick à la pomme de terre, fait maison, cuit","Fritter, filled with potatoes (filo pastry), home-made, cooked",01,0106,000000,215,898,"3,25","19,6","1,5","13,4",-,"1,7",1,"60,2"
25560,"Tourte au riesling (porc, riesling, champignons), préemballée","Pie (pork, riesling wine, mushrooms), prepacked",01,0104,000000,251,1050,"10,2","23,7","2,25","12,6","6,2","1,2","1,45",-
25561,"Tarte à la tomate, préemballée","Tart, tomato, prepacked",01,0104,000000,225,942,6,"23,4","4,75","11,6","6,7","1,65","0,83","58,4"
25562,"Crêpe ou galette complète (oeuf, jambon, fromage), préemballée","Crepe or buckwheat pancake, filled with egg, ham and cheese, prepacked",01,0104,000000,219,918,"15,3","15,2","1,1","9,8","6,29","4,5","1,12","55,6"
25564,"Tarte aux noix de Saint-Jacques, préemballée","Tart, scallops tart, prepacked",01,0104,000000,222,929,"7,2","21,7","2,33","11,5","5,93","1,35","1,06",-
25565,Yakitori (brochettes japonaises grillées en sauce),"Yakitori (grilled meat on skewers, Japanese-style, with sauce)",01,0103,010301,172,727,26,"9,3","6,6","3,3","1,2","0,6","1,19","58,8"
25566,"Brochette de porc, crue","Pork on skewer, raw",01,0103,010301,131,549,"15,6","2,1","1,1","6,5","2,4",1,"0,81",-
25568,"Pastilla au poulet, préemballée","Pastilla filled with chicken (pie), prepacked",01,0104,000000,218,910,"12,3","14,1","3,85","12,2","1,75","1,5","1,5","54,8"
25570,"Pizza aux lardons, oignons et fromage, préemballée","Pizza, lardoons onions and cheese, prepacked",01,0104,000000,236,989,"8,16","28,3","3,66","9,59","4,47","1,93","1,21",-
25571,"Falafel ou boulette de pois-chiche et/ou fève, vente à emporter","Falafel, from take-away",01,0103,010306,252,1050,"8,25","18,7","1,4","14,4","1,5","7,7","1,6",48
25572,"Crêpe ou galette aux noix de Saint-Jacques, préemballée","Crepe or buckwheat pancake, filled with scallops, prepacked",01,0104,000000,144,605,"6,1","15,5","2,3","6,2","3,3",1,"1,07",-
25573,Tarte ou quiche salée (aliment moyen),"Tart, savoury (average)",01,0104,000000,268,1120,"8,04","24,3","3,05","15,1","7,87","1,55","1,13","50,8"
25575,"Sandwich pain de mie complet, thon crudités, préemballé","Sandwich, club, wholemeal bread, tuna and raw vegetables, prepacked",01,0105,000000,207,870,"9,48","24,3","2,8","7,28","0,98","3,2","1,15",-
25576,"Sandwich pain de mie complet, jambon fromage, préemballé","Sandwich, club, wholemeal bread, ham and cheese, prepacked",01,0105,000000,240,1010,"11,2","23,8","2,95","10,5","3,03","2,7","1,72","49,2"
25577,"Sandwich pain de mie complet, poulet crudités, préemballé","Sandwich, club, wholemeal bread, chicken and raw vegetables, prepacked",01,0105,000000,199,836,"8,75",23,"3,11","7,4","0,88","3,1","1,15","55,8"
25578,Feuilleté ou friand salé (aliment moyen),"Puff pastry, savoury (average)",01,0106,000000,311,1300,"8,43","27,5","2,86","18,2","10,1","1,63","1,4","43,3"
25580,"Bouchée à la reine, garnie (aliment moyen)","Vol-au-vent, filled (average)",01,0106,000000,252,1050,"6,42","19,1","2,52","16,3","8,53","1,35","1,2",55
25581,"Crêpe ou galette béchamel et champignon, préemballée, cuite","Crepe or buckwheat pancake, filled with mushrooms and béchamel sauce, prepacked, cooked",01,0104,000000,172,721,"5,5","18,5","3,16","7,7","2,48","3,4","0,76","63,4"
25582,"Nem ou pâté impérial, au poulet, préemballé, cuit","Egg roll or nem, with chicken, prepacked, cooked",01,0106,000000,197,827,"8,06","20,9","1,9","8,1","1,25","3,3","1,19","57,1"
25583,"Nem ou pâté impérial, au porc, préemballé, cuit","Egg roll or nem, with pork, prepacked, cooked",01,0106,000000,237,991,"6,88","22,6","1,9","12,7","3,07","2,4","1,14","53,6"
25584,"Nem ou pâté impérial, aux crevettes et/ou au crabe, préemballé, cuit","Egg roll or nem, with shrimp and/or crab, prepacked, cooked",01,0106,000000,213,892,"7,44","23,7","2,4","9,2","1,13","2,7","1,2",55
25585,"Brochette de boeuf, cuite","Beef on skewer, cooked",01,0103,010301,136,571,"21,9","0,33",-,"5,2","1,8",< 3,"0,86","69,2"
25586,"Brochette de volaille, cuite","Poultry on skewer, cooked",01,0103,010301,134,564,"23,1","1,39",-,4,"1,02",< 3,"0,75",68
25587,"Parmentier de canard, préemballé, cuit","Shepherd's pie with duck, prepacked, cooked",01,0103,010302,168,699,7,"10,5","1,7","10,2","4,7","1,2","0,74","68,5"
25588,"Gratin de légumes en sauce blanche type béchamel, préemballé, cuit","Vegetables au gratin in bechamel sauce, prepacked, cooked",01,0103,010306,105,436,"3,56","6,74","3,2","6,5","3,48",1,"0,64","79,9"
25589,"Boulette végétale au soja et/ou blé, préemballée","Plant-based ball with wheat and/or soybean, prepacked",01,0103,010309,211,880,"17,6","7,98","3,47","10,6","1,11","5,45","1,51","54,7"
25590,"Falafel ou boulette de pois-chiche et/ou fève, préemballé","Falafel, prepacked",01,0103,010306,211,881,"7,38","17,7","3,57","10,8","1,28",6,"0,87","55,7"
25591,"Galette ou pavé aux lentilles, soja et légumes, préemballé","Plant-based burger or steak from lentil, soybean and vegetables, prepacked",01,0103,010309,170,713,"10,6","16,7","2,77","5,6","0,75","4,76","0,85","61,2"
25592,"Galette ou pavé au blé (seitan) et légumes, préemballé","Plant-based burger or steak from wheat (seitan) and vegetables, prepacked",01,0103,010309,208,873,"13,4","20,8","3,97","7,1","0,73","3,1",1,"54,6"
25593,"Galette ou pavé au blé et soja (convient aux véganes ou végétaliens), préemballé","Plant-based burger or steak from wheat and soybean (vegan), prepacked",01,0103,010309,215,899,"17,5","8,15","1,87",11,"1,04","6,03","1,3","55,5"
25594,"Galette ou pavé au blé et soja (ne convient pas aux véganes ou végétaliens), préemballé","Plant-based burger or steak from wheat and soybean (not vegan), prepacked",01,0103,010309,201,840,"11,1","13,3","2,62","10,2","1,07","5,36","1,14","61,7"
25595,"Galette ou pavé au soja et fromage, préemballé","Plant-based burger or steak from soybean and cheese, prepacked",01,0103,010309,204,850,"16,8","6,08","0,75",12,"4,63","1,8","1,07","60,6"
25596,"Galette ou pavé au soja et légumes, préemballé","Plant-based burger or steak from soybean and vegetables, prepacked",01,0103,010309,175,732,"14,4","8,36","3,45","8,1","1,04","4,97","0,93","62,6"
25597,"Galette ou pavé au soja, fromage et légumes, préemballé","Plant-based burger or steak from soybean, cheese and vegetables, prepacked",01,0103,010309,180,751,"15,1","7,72","2,03","9,1","2,36","2,83","0,97","62,5"
25598,"Seitan, préemballé","Seitan, prepacked",10,1009,000000,134,566,"20,6","6,74","0,81","2,5","0,38","0,9","1,13","67,8"
25599,"Sandwich pain de mie complet, jambon, préemballé","Sandwich, club, wholemeal bread, ham, prepacked",01,0105,000000,246,1030,"10,1","26,3","3,56","10,5","4,43","2,7","1,77","48,1"
25600,"Salade de céleri rémoulade, préemballée","Celeriac salad, with remoulade sauce, prepacked",01,0101,000000,114,469,"0,94","3,14","1,8","10,2","0,94","2,2","1,17","81,5"
25601,"Salade de thon et légumes, appertisée","Tuna salad, with vegetables, canned",01,0101,000000,117,489,"9,15","8,13","3,63","4,7","0,56","2,7","1,11","76,5"
25602,"Salade composée avec viande ou poisson, appertisée","Mixed salad, with meat/fish, canned",01,0101,000000,110,458,"8,06","6,4","1,9","5,3","0,3",2,"0,95","76,7"
25604,"Salade verte, crue, sans assaisonnement","Green salad, raw, without seasoning",02,0201,020101,"13,5","56,8","1,01","1,5","0,83","0,1","0,028","1,3","0,046","96,1"
25605,"Champignons à la grecque, préemballés","Greek-style marinated mushrooms, prepacked",01,0101,000000,"76,3",316,"2,07","3,53","2,33","5,47","0,4","2,35","1,17","85,2"
25606,"Salade de pommes de terre, faite maison","Potato salad, homemade",01,0101,000000,127,528,"2,68","9,9",-,"8,2","1,43","1,3","1,32",76
25608,"Taboulé ou salade de semoule aux légumes, préemballé","Tabbouleh or couscous salad, with vegetables, prepacked",01,0101,000000,179,753,"4,88","23,7","4,9","6,7","0,67","2,5",1,"60,3"
25609,"Salade de pomme de terre à la piémontaise, préemballée","Potato salad, piémontaise-style, prepacked",01,0101,000000,130,541,"4,5","8,87","1,2","8,3","0,82","< 0,5","1,08","75,8"
25610,"Salade de museau de boeuf, avec sauce, préemballée","Salad of ox muzzle, with sauce, prepacked",01,0101,000000,118,494,"11,7","0,8","0,6","7,6","1,1",traces,"2,04",-
25614,"Salade de riz, appertisée","Rice salad, canned",01,0101,000000,127,535,"5,13","16,1",1,"4,35","0,53","1,7","1,1","72,5"
25615,"Salade de pâtes au fromage et légumes, avec sauce","Pasta salad, vegetarian, with sauce",01,0101,000000,119,499,"4,4","13,7","2,1","4,8","1,4","1,7","0,74","75,4"
25616,"Crudité, sans assaisonnement (aliment moyen)","Raw vegetables, without dressing (average)",02,0201,020101,"27,7",116,"0,91","3,06","2,49","1,15","0,23","1,55","0,033","92,8"
25619,"Salade de pâtes aux légumes et poisson ou viande, avec sauce, préemballée","Pasta salad, with vegetable and meat/fish, with sauce, prepacked",01,0101,000000,160,668,"6,24","14,2","1,59","8,24","1,59","1,96","0,89","70,2"
25620,"Guacamole, préemballé","Guacamole, prepacked",10,1010,000000,191,787,"1,82","4,64","2,3","17,2","3,73","4,84","1,08","72,1"
25621,"Houmous, préemballé","Hummus, prepacked",10,1010,000000,258,1070,"8,06",9,"1,66","19,9","2,02","5,18","1,08",-
25623,"Tarte au maroilles ou flamiche au maroilles, préemballée","Tart (flamiche), Maroilles cheese, prepacked",01,0104,000000,318,1330,14,23,"2,8","18,3","12,8","2,5","1,66",-
25624,"Caviar d'aubergine, préemballé","Aubergine caviar, prepacked",10,1010,000000,154,636,"1,28","4,4","2,7","13,8","1,23","3,63","1,17",-
25625,"Crêpe ou galette au poisson et / ou fruits de mer, préemballée","Crepe or buckwheat crepe, filled with fish and/or seafood, prepacked",01,0104,000000,190,793,7,15,3,11,"7,5","1,5","1,18",-
25626,"Macédoine de légumes en salade, avec sauce, préemballée","Mixed diced vegetables salad, with sauce, prepacked",01,0101,000000,129,534,"2,5","3,47","1,56","10,7","0,78",4,"0,99","77,7"
25628,"Salade César au poulet (salade verte, fromage, croûtons, sauce), préemballée","Caesar's salad (salad, chicken, croûtons, sauce), prepacked",01,0101,000000,151,629,"8,13","4,88","1,71",10,"2,36",2,"0,75","71,8"
25629,"Salade végétarienne à base de boulgour et/ou quinoa et légumes, préemballée","Salad, veggie, bulgur and/or quinoa-based, with vegetables, prepacked",01,0101,000000,168,704,"4,06","17,4","4,61","8,3","0,92","3,3","0,77","65,5"
25632,"Sandwich baguette, thon crudités mayonnaise, vente à emporter","Sandwich, baguette, tuna, raw vegetables and mayonnaise, from fast food",01,0105,000000,232,975,"9,31","28,8","2,27","8,5","0,85","1,8","1,19","49,8"
25633,"Sandwich baguette, jambon beurre, vente à emporter","Sandwich, baguette, ham and butter, takeaway",01,0105,000000,254,1070,"10,4","38,8","2,07",6,"2,69","1,4","1,5","41,4"
25634,"Sandwich baguette, jambon emmental, vente à emporter","Sandwich, baguette, ham and emmental cheese, takeaway",01,0105,000000,263,1110,12,"34,5","2,42","8,2","4,46","1,2","1,43","41,8"
25635,"Lasagnes ou cannellonis au fromage et aux épinards, préemballés","Lasagna or cannelloni with goat cheese and spinach, prepacked",01,0103,010307,133,557,"6,1","11,4","3,5","6,6","3,1","1,87","0,99","68,1"
25638,"Sandwich baguette, poulet crudités mayonnaise, vente à emporter","Sandwich, baguette, chicken, raw vegetables and mayonnaise, takeaway",01,0105,000000,223,938,"10,3","29,7","2,8","6,7","1,17","1,3","1,16","50,1"
25639,"Sandwich baguette, saucisson beurre, vente à emporter","Sandwich, baguette, dry sausage and butter, takeaway",01,0105,000000,293,1230,"10,4","36,9","1,93","11,3","5,11","1,2","2,01","37,7"
25640,"Sandwich baguette, camembert beurre, vente à emporter","Sandwich, baguette, camembert cheese and butter, takeaway",01,0105,000000,303,1270,"11,4","32,9","1,26","13,7","7,62","1,4","1,35","38,4"
25641,"Sandwich pain de mie complet, saucisson ou rosette, préemballé","Sandwich, club, wholemeal bread, dry sausage, prepacked",01,0105,000000,336,1400,"11,9","26,3","2,73","19,5","9,22","3,46","2,21",-
25642,"Salade de céleri et carotte rémoulade, préemballée","Grated celeriac and carrot salad, with remoulade sauce, prepacked",01,0101,000000,"79,6",330,1,"5,43","3,63","5,33","0,36",3,"0,83",-
25643,"Burger au poulet, préemballé","Chicken burger, prepacked",01,0105,000000,230,968,"12,4","25,2","3,33","8,43","3,57","1,98","1,55",-
25644,"Cheeseburger, préemballé","Cheeseburger, prepacked",01,0105,000000,265,1110,"13,6","22,7","4,55",13,"5,24","1,47","1,21",-
25645,"Sandwich pain de mie complet, bacon crudités, préemballé","Sandwich, club, wholemeal bread, bacon and raw vegetables, prepacked",01,0105,000000,257,1080,"9,28","25,8","3,16","12,4","2,22","2,58","1,39",-
25646,Wrap végétarien fromage crudités,"Sandwich, wrap, vegetarian",01,0105,000000,246,1030,"9,28","19,5","3,18","13,8","4,68","3,67","0,9",-
25647,Wrap poulet crudités,"Sandwich, wrap, chicken and raw vegetables",01,0105,000000,222,929,"9,57","23,6","2,19","9,22","1,68","2,87","1,18",-
25648,Wrap jambon crudités,"Sandwich, wrap, ham and raw vegetables",01,0105,000000,234,981,"8,55","25,2","2,25","10,4","2,38","3,07","1,37",-
25649,"Crêpe ou galette chèvre, lardon, préemballée","Crepe or buckwheat pancake, filled with lardoons and goat cheese, prepacked",01,0104,000000,196,818,"8,08","16,3","1,13","10,6","5,68","1,63","1,17",-
25650,"Sandwich pain de mie complet, thon oeuf crudités, préemballé","Sandwich, club, wholemeal bread, tuna, egg and raw vegetables, prepacked",01,0105,000000,196,825,"9,78","23,1","2,68","6,65","1,03","2,64","1,09",-
25651,"Sandwich pain de mie complet, saumon fumé, préemballé","Sandwich, club, wholemeal bread, smoked salmon, prepacked",01,0105,000000,206,863,"8,63","24,1","2,93","7,69","1,47","2,68","1,53",-
25652,"Sandwich pain de mie complet, jambon oeuf crudités, préemballé","Sandwich, club, wholemeal bread, ham, egg and raw vegetables, prepacked",01,0105,000000,213,895,"8,97","25,6","2,85","7,65","1,28","3,2","1,45",-
25653,"Sandwich pain de mie complet, jambon fromage crudités, préemballé","Sandwich, club, wholemeal bread, ham, cheese and raw vegetables, prepacked",01,0105,000000,227,950,"9,81","22,9","3,27","9,92","2,87","3,38","1,52",-
25654,"Sandwich pain de mie complet, jambon crudités, préemballé","Sandwich, club, wholemeal bread, ham and raw vegetables, prepacked",01,0105,000000,197,828,"8,51","22,4","3,38","7,58","1,36","2,66","1,59",-
25655,"Sandwich pain viennois, jambon oeuf crudités, préemballé","Sandwich, Viennese bread, ham, egg and raw vegetables, prepacked",01,0105,000000,236,988,"9,16","26,6","4,59","9,77","1,37","2,2","1,38",-
25656,"Sandwich pain viennois, thon oeuf crudités, préemballé","Sandwich, Viennese bread, tuna, egg and raw vegetables, prepacked",01,0105,000000,229,961,"9,74","26,6","3,88","8,73","0,96","2,5","1,07",-
25657,"Sandwich pain viennois, poulet oeuf crudités, préemballé","Sandwich, Viennese bread, chicken, egg and raw vegetables, prepacked",01,0105,000000,218,917,"9,94",27,"3,92","7,32","0,86","2,33","1,08",-
25658,"Sandwich pain viennois, poulet crudités, préemballé","Sandwich, Viennese bread, chicken and raw vegetables, prepacked",01,0105,000000,234,982,"10,1","26,4","4,16","9,28","1,04","2,2","1,11",-
25659,"Sandwich pain polaire, poulet crudités, préemballé","Sandwich, polar bread, chicken and raw vegetables, prepacked",01,0105,000000,218,918,"9,81","28,1","5,14","7,01","0,91","1,9","1,18",-
25660,"Sandwich pain polaire, saumon, préemballé","Sandwich, polar bread, salmon, prepacked",01,0105,000000,238,997,"10,7","27,2","4,65","9,05","2,7","2,25","1,35",-
25661,"Sandwich pain polaire, jambon fromage, préemballé","Sandwich, polar bread, ham and cheese, prepacked",01,0105,000000,266,1110,"10,5","27,2","5,31","12,3","6,12","2,27","1,71",-
25662,"Sandwich pain de mie complet, poulet, préemballé","Sandwich, club, wholemeal bread, chicken, prepacked",01,0105,000000,229,963,"11,2","25,3","3,07","8,5","1,02","3,43","1,43",-
25663,"Sandwich baguette, poulet crudités, préemballé","Sandwich, baguette, chicken, raw vegetables, prepacked",01,0105,000000,216,909,9,"28,2","2,8",7,"0,76","2,17","1,48",-
25664,"Salade de pomme de terre au thon, préemballée","Potato salad, with tuna, prepacked",01,0101,000000,124,518,"5,57","8,13","0,73","7,7",1,-,"0,86",-
25665,"Salade de pomme de terre à la saucisse, préemballée","Potato salad, with sausage, prepacked",01,0101,000000,156,648,"3,08","8,75","0,9","11,6","2,13","2,1","1,28",-
25666,"Salade composée à base de crudités, charcuterie et fromage, avec sauce, préemballée","Mixed salad with raw vegetables, cold meat and cheese, with sauce, prepacked",01,0101,000000,153,634,"7,45","4,96","2,63","10,9","3,29","2,43","0,86",-
25667,"Salade composée à base de crudités et produits de la mer, avec sauce, préemballée","Mixed salad with raw vegetables and fish products, with sauce, prepacked",01,0101,000000,120,500,"4,78","7,58","2,5","7,5","0,68","1,6","0,7",-
25668,"Salade composée à base de crudités, oeuf et produits de la mer, avec sauce, préemballée","Mixed salad with raw vegetables, egg and fish products, with sauce, prepacked",01,0101,000000,108,448,"4,76","3,77","2,04","7,57",1,"2,8","0,53",-
25669,"Salade composée à base de crudités, poulet et fromage, avec sauce, préemballée","Mixed salad with raw vegetables, chicken and cheese, with sauce, prepacked",01,0101,000000,150,623,"7,13","5,28","1,69","10,8","2,44","1,57","0,64",-
25670,"Salade composée à base de crudités et poulet, avec sauce, préemballée","Mixed salad with raw vegetables and chicken, with sauce, prepacked",01,0101,000000,88,366,"4,13","4,28","2,85","5,35","0,75","3,1","0,41",-
25671,"Pizza au chèvre, préemballée","Pizza, goat cheese, prepacked",01,0104,000000,241,1010,"9,95","27,1","4,63","9,86","5,2","2,2","1,16",-
25674,"Nem ou pâté impérial, préemballé, cuit (aliment moyen)","Egg roll or nem, prepacked, cooked (average)",01,0106,000000,216,904,"7,45","22,4","2,07",10,"1,83","2,8","1,18","55,2"
25900,"Soupe aux lentilles, préemballée à réchauffer","Soup, lentil, prepacked, to be reheated",01,0102,000000,"63,3",266,"3,19","7,64","0,96","1,87","0,91","1,59","0,52","85,8"
25901,"Soupe à la volaille et aux légumes, préemballée à réchauffer","Soup, chicken and vegetables, prepacked, to be reheated",01,0102,000000,"30,8",129,"3,09","2,6","1,2","0,8","0,3","0,4","1,75",-
25903,"Soupe aux légumes variés, préemballée à réchauffer","Soup, mixed vegetables, prepacked, to be reheated",01,0102,000000,"36,8",154,"0,84","4,5","1,63","1,45","0,58","1,23","0,63","90,2"
25904,"Soupe de poissons et/ou crustacés, préemballée à réchauffer","Soup, fish and/or crustacean, prepacked, to be reheated",01,0102,000000,50,209,"4,11","2,71","0,86","2,35","0,78","0,8","0,91","89,4"
25905,"Soupe aux légumes variés, déshydratée reconstituée","Soup, mixed vegetables, dehydrated and reconstituted",01,0102,000000,"35,5",149,"0,76","5,7","1,41","0,91","0,47","0,74","0,69","90,9"
25907,"Soupe aux poireaux et pommes de terre, préemballée à réchauffer","Soup, leek and potato, prepacked, to be reheated",01,0102,000000,"37,1",156,"0,91","5,12","1,17","1,25","0,68","0,88","0,62","90,8"
25908,"Soupe à la volaille et aux vermicelles, préemballée à réchauffer","Soup, chicken and vermicelli, prepacked, to be reheated",01,0102,000000,"23,2","97,8","1,24","3,28","0,74","0,56","0,16","0,25","0,75","93,8"
25909,"Bouillon de viande et légumes type pot-au-feu, prêt à consommer","Broth or stock, meat and vegetables, dehydrated and reconstituted",01,0102,000000,"5,76","24,1","0,53","0,24",0,"0,3","0,13",0,"0,82","98,1"
25910,"Soupe à l'oignon, préemballée à réchauffer","Soup, onion, prepacked, to be reheated",01,0102,000000,"60,8",253,"1,64","4,26","2,65","3,83","2,03","1,38","0,7","90,6"
25912,"Soupe aux champignons, préemballée à réchauffer","Soup, mushroom, prepacked, to be reheated",01,0102,000000,"40,3",169,"0,94","4,1","0,71","2,12","1,16","0,61","0,73",92
25913,"Soupe à la carotte, préemballée à réchauffer","Soup, carrots, prepacked, to be reheated",01,0102,000000,"35,8",150,"0,68","4,03","1,81","1,61","1,05","1,26","0,64","91,2"
25914,"Soupe à la tomate, préemballée à réchauffer","Soup, tomato, prepacked, to be reheated",01,0102,000000,"36,2",152,"0,76","5,88","2,99","0,88","0,32","0,95","0,63","90,3"
25915,"Soupe chorba frik, à base de viande et de frik","Soup, chorba frik, with meat and frik",01,0102,000000,"62,9",263,"3,75","5,4","0,9","2,5",-,"1,9","0,84","85,1"
25916,"Soupe minestrone, préemballée à réchauffer","Soup, minestrone, prepacked, to be reheated",01,0102,000000,"46,5",195,"1,51","4,97","1,53","1,93","0,18","1,65","0,61","89,4"
25917,"Soupe au pistou, déshydratée reconstituée","Soup, pistou, dehydrated and reconstituted",01,0102,000000,27,114,"1,01","4,77","0,92","0,28","0,023","0,69","0,69","89,4"
25919,"Soupe de poissons et/ou crustacés, déshydratée reconstituée","Soup, fish and/or crustacean, dehydrated and reconstituted",01,0102,000000,"40,9",172,"0,91","5,66","1,12","1,54","0,7","0,39","0,77","90,6"
25923,"Soupe asiatique, avec pâtes, déshydratée reconstituée","Soup, Asian-style with noodles, dehydrated and reconstituted",01,0102,000000,"38,4",161,"1,12","5,69","1,17","1,14","0,47","0,47","0,75","93,3"
25924,"Soupe marocaine, déshydratée reconstituée","Soup, Moroccan, dehydrated and reconstituted",01,0102,000000,"39,9",169,"2,07","6,43","1,34","0,46","0,13","1,03","0,7",90
25925,"Soupe aux poireaux et pommes de terre, déshydratée reconstituée","Soup, leek and potato, dehydrated and reconstituted",01,0102,000000,"36,2",152,"0,76","4,93","0,88","1,4","0,73","0,45","0,76","92,8"
25928,"Soupe à la volaille et aux légumes, déshydratée reconstituée","Soup, chicken and vegetables, dehydrated and reconstituted",01,0102,000000,"27,3",115,"0,99","4,58","0,55","0,44","0,17","0,51","0,73",-
25930,"Bouillon de boeuf, déshydraté reconstitué","Broth or stock, beef, dehydrated and reconstituted",01,0102,000000,"6,14","25,9","0,85","0,36",0,"0,15","0,057",0,"0,33","97,6"
25932,"Soupe aux asperges, déshydratée reconstituée","Soup, asparagus, dehydrated and reconstituted",01,0102,000000,"37,4",157,"0,79","5,38","1,19","1,34","0,63","0,36","0,78","90,8"
25933,"Soupe à la tomate et aux vermicelles, préemballée à réchauffer","Soup, tomato and vermicelli, prepacked, to be reheated",01,0102,000000,38,160,"1,2","6,09","2,12","0,77","0,3","1,01","0,7",-
25934,"Soupe aux céréales et aux légumes, déshydratée reconstituée","Soup, cereals and vegetables, dehydrated and reconstituted",01,0102,000000,"47,8",201,"1,4","6,8","1,2","1,4","0,8","1,2","0,78",90
25935,"Soupe à la tomate, déshydratée reconstituée","Soup, tomato, dehydrated and reconstituted",01,0102,000000,"39,6",167,"0,98","6,45","2,65","0,98","0,54","0,72","0,69","90,4"
25936,"Soupe aux champignons, déshydratée reconstituée","Soup, mushroom, dehydrated and reconstituted",01,0102,000000,"37,7",158,"0,66","4,86","0,53","1,67","0,83","0,33","0,68","91,3"
25942,"Soupe à l'oignon, déshydratée reconstituée","Soup, onion, dehydrated and reconstituted",01,0102,000000,"19,4","81,9","0,5","3,36","0,99","0,38","0,14","0,34","0,69","94,1"
25945,"Soupe au potiron, préemballée à réchauffer","Soup, pumpkin, prepacked, to be reheated",01,0102,000000,"36,2",151,"0,66","4,48","2,15","1,51","1,01","0,99","0,62","91,8"
25947,"Bouillon de volaille, déshydraté reconstitué","Broth or stock, poultry, dehydrated and reconstituted",01,0102,000000,"7,19","30,4","1,23","0,28",0,"0,13","0,13","< 0,0001","0,51","97,4"
25948,"Bouillon de légumes, déshydraté reconstitué","Broth or stock, vegetables, dehydrated and reconstituted",01,0102,000000,"4,78","20,1","0,34","0,51","0,19","0,16","0,14",0,"0,61",98
25949,"Soupe à la tomate et aux vermicelles, déshydratée reconstituée","Soup, tomato and vermicelli, dehydrated and reconstituted",01,0102,000000,"27,7",117,"0,8","5,36","1,38","0,29","0,073","0,33","0,72","92,2"
25950,"Soupe à la volaille et aux vermicelles, déshydratée reconstituée","Soup, chicken and vermicelli, dehydrated and reconstituted",01,0102,000000,"21,2","89,8","0,78","3,85","0,56","0,24","0,096","0,32","0,79","94,2"
25953,"Soupe au pistou, préemballée à réchauffer","Soup, pistou, prepacked, to be reheated",01,0102,000000,"52,6",219,"1,88","3,94","1,28","2,8","0,55","2,06","0,53",-
25954,"Soupe au potiron, déshydratée reconstituée","Soup, pumpkin, dehydrated and reconstituted",01,0102,000000,"36,1",151,"0,72","4,95",2,"1,32","0,74","0,81","0,59",-
25955,"Soupe asiatique, avec pâtes, préemballée à réchauffer","Soup, Asian-style with noodles, prepacked, to be reheated",01,0102,000000,"33,5",140,"1,3","4,06","0,59","1,23","0,2","0,52","0,9",-
25956,"Soupe minestrone, déshydratée reconstituée","Soup, minestrone, dehydrated and reconstituted",01,0102,000000,"32,4",137,"1,11","5,56","1,25","0,44","0,029","1,01","0,68","91,3"
25957,"Soupe au cresson, déshydratée reconstituée","Soup, watercress, dehydrated and reconstituted",01,0102,000000,"25,1",105,"0,42","3,95","0,31","0,8","0,42","0,19","0,77",-
25958,"Soupe au cresson, préemballée à réchauffer","Soup, watercress, prepacked, to be reheated",01,0102,000000,34,143,1,"5,4","0,9","0,8","0,5","0,6","0,78",-
25962,"Soupe aux légumes avec fromage, préemballée à réchauffer","Soup, vegetables with cheese, prepacked, to be reheated",01,0102,000000,"46,3",193,"1,26","4,77","1,57","2,26","1,3","0,92","0,64",-
25963,"Soupe aux légumes verts, préemballée à réchauffer","Soup, green vegetables, prepacked, to be reheated",01,0102,000000,35,147,"1,13","3,96","1,06","1,38","0,71","1,16","0,61","90,9"
25964,"Soupe aux légumes verts, déshydratée reconstituée","Soup, green vegetables, dehydrated and reconstituted",01,0102,000000,32,135,"0,63","4,84","0,62","1,05","0,57","0,48","0,65","91,8"
25965,"Soupe aux pois cassés, préemballée à réchauffer","Soup, split peas, prepacked, to be reheated",01,0102,000000,"48,8",205,"2,47","5,69","0,81","1,47","0,33","1,47","0,57",-
25967,"Soupe froide type gaspacho ou gazpacho, préemballée","Soup, gazpacho type, cold, prepacked",01,0102,000000,"40,2",168,"0,81","3,21","2,7","2,33","0,38","1,07","0,7","91,1"
25968,"Soupe aux asperges, préemballée à réchauffer","Soup, asparagus, prepacked, to be reheated",01,0102,000000,"57,6",240,"1,54","3,8","1,02","3,8","2,29","1,05","0,67",-
25969,Soupe (aliment moyen),Soup (average),01,0102,000000,"39,5",166,"1,42","4,81","1,61","1,42","0,6","0,94","0,71","90,7"
25970,"Bouillon de viande et légumes type pot-au-feu, non dégraissé, déshydraté","Broth or stock, meat and vegetables, with fat, dehydrated",10,1003,000000,212,893,"11,6","28,9","2,8","5,4","1,4",0,"48,4","2,4"
25971,"Bouillon de viande et légumes type pot-au-feu, dégraissé, déshydraté","Broth or stock, meat and vegetables, defatted, dehydrated",10,1003,000000,197,832,"10,8","30,9","2,2","3,1","1,08",0,"48,2","2,5"
25972,"Soupe miso, déshydratée reconstituée","Soup, miso, dehydrated, reconstituted",01,0102,000000,"16,5","69,8","1,24","2,37","0,86","0,34","0,05","0,098",1,"94,6"
25973,"Soupe aux légumes et aux vermicelles, déshydratée reconstituée","Soup, vegetables and vermicelli, dehydrated and reconstituted",01,0102,000000,"35,6",150,"0,8","6,19","1,07","0,77","0,33","0,33","0,71",-
25974,"Soupe aux légumes et aux vermicelles, préemballée à réchauffer","Soup, vegetables and vermicelli, prepacked, to be reheated",01,0102,000000,37,155,"1,07","5,4","1,76","1,01","0,43","1,01","0,71",-
25975,"Soupe au boeuf et aux vermicelles, déshydratée reconstituée","Soup, beef and vermicelli, dehydrated and reconstituted",01,0102,000000,"22,6","95,7","0,87","4,29","0,67","0,15","0,014","0,28","0,71",-
25976,"Soupe asiatique, avec poulet et pâtes, préemballée à réchauffer","Soup, Asian-style with chicken and noodles, prepacked, to be reheated",01,0102,000000,"67,6",284,"3,96","6,3","1,61","2,75","2,03","0,94","0,78",-
25990,"Mahi-mahi, chair, cuit","Mahimahi, flesh, cooked",04,0405,000000,109,462,"23,7","1,47",0,"0,9","0,24",0,"0,28","71,2"
25991,"Mahi-mahi, chair, cru","Mahimahi, flesh, raw",04,0406,000000,"84,9",360,"18,5","1,15",0,"0,7","0,19",0,"0,22","77,6"
25992,"Saumon fumé, aux cinq baies","Salmon, smoked, with spices",04,0409,000000,199,832,"22,6","1,44","0,56","11,4","2,39","0,0001","2,89",-
25993,"Saumon fumé, à l'aneth et au citron","Salmon, smoked, marinated with dill and lemon",04,0409,000000,201,838,"21,2","0,37","0,37","12,8","1,93","0,0001","2,67",-
25994,"Maquereau, filet grillé, appertisé, en sauce, égoutté","Mackerel, grilled filet, canned in sauce, drained",04,0409,000000,259,1080,"18,8","0,96","0,78","19,7","4,02","0,6","0,92","60,4"
25996,"Saumon, cuit, sans précision (aliment moyen)","Salmon, cooked (average)",04,0405,000000,205,855,"23,2","0,61",traces,"12,2","2,48",0,"0,13","62,8"
25997,"Cabillaud, cuit, sans précision (aliment moyen)","Cod, cooked (average)",04,0405,000000,100,425,"23,3",traces,traces,"0,76","0,17",0,"0,2","74,8"
25998,"Hareng fumé, doux","Atlantic herring, smoked",04,0409,000000,163,682,"18,1","0,44","0,24","9,9","2,24",< 1,"3,78","67,7"
25999,"Anchois, filets, roulés aux câpres, salés, à l'huile, semi-conserve, égouttés","Anchovy, fillets, rolled with capers, salted, in oil, semi-preserved, drained",04,0409,000000,195,815,"22,9","1,56",-,"10,6","1,5","0,98","13,9",-
26000,"Anchois, filets, marinés à l'huile, semi-conserve, égouttés","Anchovy, fillets, marinated in oil, semi-preserved, drained",04,0409,000000,167,697,"20,6","0,47",0,"9,08","1,69","< 0,5","2,52",-
26001,"Bar rayé ou bar d'Amérique, cru","American bass, raw",04,0406,000000,113,477,"20,3",traces,0,"3,58","0,76",0,"0,19","74,6"
26002,"Carrelet ou plie ou plie commune, pané, frit","European plaice, breaded, fried",04,0409,000000,271,1130,"14,3","15,2",traces,"16,8",2,1,"0,59","51,3"
26003,"Carrelet ou plie ou plie commune, cuit à la vapeur","European plaice, steamed",04,0405,000000,93,393,19,traces,traces,"1,89","0,22",0,-,78
26004,"Oeufs de lompe ou oeufs de lump, semi-conserve","Lump roe, semi-preserved",04,0409,000000,"77,8",326,"10,4","1,01","0,17","3,48","1,28","0,4","4,56",76
26005,"Caviar, semi-conserve","Caviar, semi-preserved",04,0409,000000,254,1060,25,traces,traces,"17,1","3,21",0,-,-
26006,"Lieu ou colin d'Alaska, cru","Alaska pollock, raw",04,0406,000000,"72,6",308,"16,3","0,51",traces,"0,61","0,015","< 0,17","0,48","81,2"
26008,"Églefin, cuit à la vapeur","Haddock, steamed",04,0405,000000,89,377,"20,9",0,0,"0,6","0,1",0,"0,18","78,3"
26009,"Flétan de l'Atlantique ou flétan, cru","Atlantic halibut, raw",04,0406,000000,"96,5",409,"21,2",0,0,"1,31","0,24",0,"0,15","76,8"
26010,"Hareng mariné ou rollmops, préemballé","Atlantic herring, marinated, or rollmops, prepacked",04,0409,000000,189,787,"13,7","1,95","0,88","13,8","1,98",0,"2,18",67
26011,"Hareng, cru","Atlantic herring, raw",04,0406,000000,176,734,"17,7",0,traces,"11,7","2,82",0,"0,22","71,5"
26012,"Hareng, frit","Atlantic herring, fried",04,0405,000000,201,840,23,0,0,"12,1","3,51",0,-,-
26013,"Hareng fumé, au naturel","Atlantic herring, smoked, canned in brine",04,0409,000000,167,697,"16,5","0,5",0,11,"2,76",0,"3,98","68,3"
26014,"Hareng, grillé/poêlé","Atlantic herring, grilled/pan-fried without added fat",04,0405,000000,193,806,"21,6",1,traces,"11,4","2,48",0,"0,34","64,2"
26015,"Lieu noir, cuit","Saithe, cooked",04,0405,000000,"99,7",423,"23,1",< 1,traces,"0,81","0,29",0,"0,25","75,5"
26016,"Limande-sole, panée, frite","Lemon sole, breaded, fried",04,0409,000000,206,863,"16,7","11,9",1,"10,2","1,3",0,"0,69","60,5"
26017,"Limande-sole, cuite à la vapeur","Lemon sole, steamed",04,0405,000000,"97,7",412,"17,4","1,9",traces,"2,27","0,12",0,"0,3","76,9"
26018,"Lotte ou baudroie, crue","Anglerfish, raw",04,0406,000000,67,284,"15,1",traces,traces,"0,74","0,18","< 0,2","0,19","82,6"
26019,"Maquereau, rôti/cuit au four","Mackerel, roasted/baked",04,0405,000000,228,949,"21,5",traces,traces,"15,8","4,44",0,"0,21","61,5"
26020,"Maquereau, frit","Mackerel, fried",04,0405,000000,186,777,"23,6",traces,traces,"10,2","2,96",0,"0,21","64,6"
26021,"Merlan, frit","Whiting, fried",04,0405,000000,127,535,"23,1","0,55",traces,"3,61","0,94",0,"0,43","71,4"
26022,"Merlan, cuit à la vapeur","Whiting, steamed",04,0405,000000,"98,3",417,23,traces,traces,"0,7","0,13",0,"0,28","75,2"
26023,"Cabillaud, rôti/cuit au four","Cod, roasted/baked",04,0405,000000,"94,6",401,"22,3",traces,traces,"0,6","0,19",0,"0,23",76
26024,"Morue, salée, bouillie/cuite à l'eau","Cod, salted, boiled/cooked in water",04,0405,000000,113,480,26,traces,traces,"1,01","0,13",0,"5,8","67,4"
26025,"Cabillaud, cuit à la vapeur","Cod, steamed",04,0405,000000,106,451,"24,5",traces,traces,"0,95","0,16",0,"0,16","73,4"
26026,"Mulet, rôti/cuit au four","Mullet, roasted/baked",04,0405,000000,143,602,"24,8",traces,traces,"4,86","1,43",0,"0,18","70,5"
26027,"Pilchard, sauce tomate, appertisé, égoutté","Pilchard, in tomato sauce, canned, drained",04,0409,000000,157,654,13,"1,5",1,11,3,0,1,"70,1"
26028,"Nuggets ou croquette panée de poisson, préemballé","Fish nuggets, breaded croquette, prepacked",04,0409,000000,255,1060,"13,2","18,4","1,07","13,7","2,45","2,5","1,04","50,5"
26029,"Poisson pané, surgelé, cru","Fish, breaded, frozen, raw",04,0409,000000,163,687,11,"15,6","2,2","6,14","1,3","0,9","0,69","64,8"
26030,"Poisson pané, frit","Fish, breaded, fried, prepacked",04,0409,000000,194,810,"11,9","13,5","0,37",10,"2,15","0,8","0,84","62,2"
26031,"Raie, rôtie/cuite au four","Ray, roasted/baked",04,0405,000000,"96,3",409,23,0,traces,"0,5","0,096",0,"0,38","75,9"
26033,"Roussette ou petite roussette ou saumonette, cuite","Nursehound or lesser spotted dogfish, cooked",04,0405,000000,104,443,"25,4",traces,0,"0,29",-,0,"0,2","73,2"
26034,"Sardine, à l'huile, appertisée, égouttée","European pilchard or sardine, in oil, canned, drained",04,0409,000000,217,907,"23,3","0,31",0,"13,7","3,06",0,"0,88","60,5"
26035,"Sardine, sauce tomate, appertisée, égouttée","European pilchard or sardine, in tomato sauce, canned, drained",04,0409,000000,194,811,"20,2","1,83","0,5","11,6","3,04",1,"0,7","64,9"
26036,"Saumon, élevage, cru","Salmon, raw, farmed",04,0406,000000,193,806,"20,5",traces,traces,"12,4","2,15","< 0,25","0,16","66,5"
26037,Saumon fumé,"Salmon, smoked",04,0409,000000,184,768,"22,2","0,13","0,13","10,5","1,81","0,26","2,86","64,3"
26038,"Saumon, cuit à la vapeur","Salmon, steamed",04,0405,000000,199,832,23,"0,9",traces,"11,5","2,39",0,"0,13","63,5"
26039,"Thon, au naturel, appertisé, égoutté","Tuna,  canned in brine, drained",04,0409,000000,143,602,"26,8",0,0,"3,94","1,01",0,"0,74",68
26040,"Sardine, à l'huile d'olive, appertisée, égouttée","European pilchard or sardine, in olive oil, canned, drained",04,0409,000000,224,936,"23,3","0,11",0,"14,5","3,07",0,"0,79","60,9"
26041,"Thon, rôti/cuit au four","Tuna, roasted/baked",04,0405,000000,136,576,"29,9",traces,traces,"1,83",1,0,"0,14","66,9"
26042,"Turbot, sauvage, cru","Turbot, wild, raw",04,0406,000000,"91,5",386,"17,2",traces,traces,"2,54","0,71",0,"0,24","78,1"
26043,"Cabillaud, cru","Cod, raw",04,0406,000000,"77,4",328,"18,1",traces,traces,"0,57","0,1","< 0,2","0,23","79,8"
26044,"Merlu, cru","European hake, raw",04,0406,000000,"82,6",349,"17,6",0,traces,"1,35","0,22",0,"0,22",80
26046,"Surimi, bâtonnets, tranche ou râpé saveur crabe","Surimi, on sticks, in slices or grated, crab flavour",04,0409,000000,117,492,"7,54","11,8","2,71","4,33","0,41","0,73","1,77","72,5"
26047,"Lieu noir, surgelé, cru","Saithe, frozen, raw",04,0406,000000,"82,4",350,"19,8",traces,traces,"0,37","0,074",0,"0,2","78,3"
26048,"Merlu, filet, surgelé, cru","Hake, fillet, frozen, raw",04,0406,000000,"88,8",374,"15,1","1,7",0,"2,4","0,6",0,"0,53","80,1"
26051,"Maquereau, cru","Mackerel, raw",04,0406,000000,198,823,"18,1","0,93",traces,"13,5","3,22",0,"0,16","66,4"
26052,"Raie, crue","Ray, raw",04,0406,000000,"91,9",390,"21,4","0,5",traces,"0,47","0,12",0,"0,35","76,8"
26053,"Thon, cru","Tuna, raw",04,0406,000000,155,654,24,"2,72",traces,"5,38",1,0,"0,12","66,6"
26055,"Carrelet ou plie ou plie commune, cru","European plaice, raw",04,0406,000000,"88,6",375,20,traces,traces,"0,94","0,2",0,"0,2","77,7"
26056,"Oeufs de cabillaud, fumés, semi-conserve","Cod roe, smoked, semi-preserved",04,0409,000000,154,649,29,"0,1",-,"4,2","0,56",0,"2,04","61,6"
26057,"Limande, crue","Common dab, raw",04,0406,000000,"80,8",342,"18,3",traces,traces,"0,85","0,16",0,"0,28","79,7"
26058,"Sole, crue","Common sole, raw",04,0406,000000,"77,3",328,18,traces,traces,"0,6","0,13",0,"0,19","80,1"
26059,"Sole, cuite à la vapeur","Common sole, steamed",04,0405,000000,"94,6",400,"20,3",traces,traces,"1,48","0,2",0,"0,41",77
26060,"Sole, rôtie/cuite au four","Common sole, roasted/baked",04,0405,000000,"78,2",330,"15,7",traces,traces,"1,69","0,31",0,"0,29","82,4"
26061,"Sole, bouillie/cuite à l'eau","Common sole, boiled/cooked in water",04,0405,000000,69,292,15,0,0,1,"0,2",0,"0,21",84
26062,"Sole, frite","Common sole, fried",04,0405,000000,"72,2",306,"15,8",0,0,1,"0,2",0,"0,36",83
26063,"Rascasse ou rascasse de profondeur, crue","Spiny scorpionfish, raw",04,0406,000000,"87,6",371,"18,9",traces,traces,"1,33","0,34",0,-,"78,9"
26064,"Thon albacore, cru","Yellowfin tuna, raw",04,0406,000000,112,476,25,1,traces,"0,94","0,17",0,"0,11","71,6"
26065,"Sardine, crue","European pilchard or sardine, raw",04,0406,000000,160,671,"19,5",0,traces,"9,17","2,66",0,"0,22",-
26068,"Thon listao ou bonite à ventre rayé, cru","Skipjack tuna, raw",04,0406,000000,"97,1",411,22,0,0,"1,01","0,33",0,"0,093",-
26069,"Thon rouge, cru","Atlantic bluefin tuna, raw",04,0406,000000,157,659,"23,3","0,59",0,"6,81","1,26",0,"0,098","68,1"
26072,"Bar commun ou loup, cru","European bass, raw",04,0406,000000,"86,1",365,"19,1","0,9",traces,"0,7","0,2",0,"0,23","78,1"
26073,"Raie, cuite au court-bouillon","Ray, cooked in an aromatic stock",04,0405,000000,"97,8",415,"23,2",traces,traces,"0,57","0,12",0,"0,4","73,7"
26074,"Roussette ou petite roussette ou saumonette, crue","Nursehound or lesser spotted dogfish, raw",04,0406,000000,"97,8",415,"23,3",0,traces,"0,5","0,11",0,"0,31","75,2"
26075,"Loup de l'Atlantique, cru","Atlantic bass, raw",04,0406,000000,"89,9",379,"16,6",traces,0,"2,61","0,49",0,"0,25","79,6"
26076,"Thon germon ou thon blanc, cru","Albacore, raw",04,0406,000000,121,513,"27,2",traces,0,"1,37","0,26",0,"0,29","69,5"
26077,"Thon germon ou thon blanc, cuit à la vapeur sous pression","Albacore, steamed under pressure",04,0409,000000,165,697,30,0,traces,"5,06","1,35",0,"0,1",64
26079,"Anchois, cru","Anchovy, raw",04,0406,000000,129,541,"18,6",traces,0,"6,07","1,64",0,"0,18","71,8"
26080,"Dorade royale ou daurade ou vraie daurade, sauvage, crue","Gilthead seabream, wild, raw",04,0406,000000,"95,6",403,"18,1","0,6",traces,"2,31","0,46",0,"0,12","78,6"
26081,"Lotte ou baudroie, grillée/poêlée","Anglerfish, grilled/pan-fried without added fat",04,0405,000000,"98,2",417,23,traces,traces,"0,68","0,19",0,"0,061",75
26082,"Espadon, cru","Swordfish, raw",04,0406,000000,134,560,"18,9",1,traces,"5,97","1,83",0,"0,28",-
26083,"Éperlan, cru","Pond smelt, raw",04,0406,000000,"85,4",361,"17,5",traces,0,"1,7","0,39",0,"0,39","79,5"
26084,"Cardine franche, crue","Megrim, raw",04,0406,000000,"93,4",395,"19,9",0,0,"1,53","0,43",0,-,-
26085,"Rouget-barbet de roche, cru","Surmullet or red mullet, raw",04,0406,000000,158,660,"18,4",traces,0,"9,37","2,72",0,"0,17","70,6"
26086,"Maquereau, filet sauce tomate, appertisé, égoutté","Mackerel, fillet, in tomato sauce, canned, drained",04,0409,000000,240,999,"17,7","5,5","1,9","16,3","3,37","0,1","0,58","61,9"
26087,"Maquereau, fumé","Mackerel, smoked",04,0409,000000,289,1200,"19,8","0,92",traces,"22,9","5,26",0,"1,54","54,1"
26088,"Dorade royale ou daurade ou vraie daurade, élevage, crue","Gilthead seabream, raw, farmed",04,0406,000000,129,543,"20,9",traces,0,"5,1","1,19",0,"0,13","72,5"
26090,Haddock (fumé) ou églefin fumé,"Haddock, smoked",04,0409,000000,97,411,"22,6",0,0,"0,73","0,17",0,"1,91",75
26091,"Mulet, cru","Mullet, raw",04,0406,000000,118,498,"20,1","1,35",traces,"3,62","1,17",0,"0,18","75,5"
26092,"Truite de mer, crue","Sea trout, raw",04,0406,000000,114,481,"19,6","0,81",traces,"3,63","0,62",0,"0,14","74,5"
26093,"Espadon, rôti/cuit au four","Swordfish, roasted/baked",04,0405,000000,266,1110,"28,7",traces,traces,"16,9","1,51",0,"0,18","52,9"
26094,"Turbot, rôti/cuit au four","Turbot, roasted/baked",04,0405,000000,121,511,"21,3","0,83",traces,"3,64","0,9",0,"0,25","71,5"
26095,"Merlan, cru","Whiting, raw",04,0406,000000,"79,2",336,"18,8",traces,traces,"0,47","0,095",0,"0,16","79,3"
26096,"Maquereau, filet sauce moutarde, appertisé, égoutté","Mackerel, fillet, in mustard sauce, canned, drained",04,0409,000000,218,910,"20,8","1,5","0,83","14,2","3,92","0,67","1,01","61,7"
26097,"Maquereau, filet au vin blanc, appertisé, égoutté","Mackerel, fillet in white wine, canned, drained",04,0409,000000,202,840,"17,8",1,"0,5","14,1","2,92",0,"0,97","64,4"
26098,"Morue, salée, sèche","Cod, salted, dried",04,0409,000000,210,890,"47,6","1,1",0,"1,67","0,31",0,"12,3","34,2"
26099,"Dorade grise ou daurade grise, ou griset, crue","Black seabream, raw",04,0406,000000,129,543,"20,5",0,0,"5,27","1,41",< 1,"0,15","72,9"
26100,"Bogue, crue","Bogue, raw",04,0406,000000,"92,1",389,"17,9","0,53",0,"2,03",-,0,"0,28","78,5"
26101,"Bonite ou bonite à dos rayé, crue","Bonito, raw",04,0406,000000,161,675,"22,3",0,0,"8,01","2,35",0,"1,35",70
26102,"Maquereau espagnol ou maquereau blanc ou billard, cru","Atlantic chub mackerel, raw",04,0406,000000,135,567,"22,1",0,0,"5,15","1,59",0,"0,15","71,8"
26103,"Denté ou denté commun, cru","Common dentex, raw",04,0406,000000,102,429,17,"0,65",0,"3,5","0,45",0,"0,19","78,1"
26104,"Saint-Pierre, cru","John dory, raw",04,0406,000000,"86,7",368,"19,9",traces,traces,"0,8","0,25",0,"0,17","77,8"
26106,"Grondin, cru","Red gurnard, raw",04,0406,000000,108,455,19,"3,4",0,2,-,0,-,75
26107,"Corb, cru","Brown meagre, raw",04,0406,000000,"87,2",370,20,0,0,"0,8",-,0,-,78
26108,"Capelan, cru","Capelin, raw",04,0406,000000,90,380,"18,7",0,0,"1,71",-,0,"0,27","78,6"
26109,"Dorade rose ou daurade rose ou pageot rose, crue","Blackspot seabream, raw",04,0406,000000,102,431,21,0,0,2,-,0,-,-
26110,"Rouget-barbet de roche, vapeur","Surmullet or red mullet, steamed",04,0406,000000,143,602,"24,1",0,0,"5,2","0,73",0,"0,24","69,6"
26111,"Saupe, crue","Salema, raw",04,0406,000000,"96,5",407,18,"0,5",0,"2,5",-,0,-,78
26113,"Chinchard, cru","Horse mackerel, raw",04,0406,000000,116,487,19,0,0,"4,42","2,31",0,-,78
26119,"Saumon, appertisé, égoutté","Salmon, canned, drained",04,0409,000000,144,607,21,"4,9",traces,"4,5","0,81",0,"1,02","67,5"
26120,"Merlu, cuit à l'étouffée","European hake, braised",04,0405,000000,112,472,"21,2",traces,traces,3,"0,92",0,"0,25","74,4"
26122,"Églefin, cru","Haddock, raw",04,0406,000000,"76,2",323,"17,3","1,02",traces,"0,35","0,098",0,"0,16","80,4"
26123,"Maquereau, filet (grillé ou non), au naturel, appertisé, égoutté","Mackerel, fillet (grilled or not grilled), canned in brine, drained",04,0409,000000,221,920,"18,8","0,018",0,"16,2","3,74",0,"0,86","59,9"
26124,"Merlan, pané","Whiting, breaded",04,0409,000000,190,797,"12,6",13,"1,7","9,57","1,1","0,9","0,64","62,6"
26125,"Cabillaud ou morue du Pacifique, cru","Pacific cod, raw",04,0406,000000,"64,8",275,"15,3",0,0,"0,41","0,085",0,"0,76",84
26126,"Églefin, grillé/poêlé","Haddock, grilled/pan-fried without added fat",04,0405,000000,"84,9",360,20,0,0,"0,55","0,11",0,"0,65","79,7"
26127,"Congre ou congre commun, cru","Conger, raw",04,0406,000000,127,535,"18,3","3,15",traces,"4,6",-,0,"0,13","73,2"
26128,"Grenadier (de roche), cru","Roundnose grenadier, raw",04,0406,000000,"68,9",292,"15,4",traces,0,"0,81","0,11",0,"0,24","82,7"
26129,"Lieu jaune ou colin, cru","Pollack, raw",04,0406,000000,"75,5",320,"17,7",0,traces,"0,51","0,069",0,"0,29","80,8"
26130,"Julienne ou lingue, crue","Ling, raw",04,0406,000000,"80,8",343,"19,2",traces,traces,"0,44","0,11",0,"0,26","79,3"
26133,"Tacaud, cru","Pouting, raw",04,0406,000000,"81,3",345,"19,7",0,0,"0,33","0,098",0,"0,2","78,9"
26134,"Lieu noir, cru","Saithe, raw",04,0406,000000,"82,5",350,"18,8",0,traces,"0,8","0,15",0,"0,2","79,4"
26135,"Limande-sole, crue","Lemon sole, raw",04,0406,000000,"80,6",341,17,traces,traces,"1,4","0,2",0,"0,24",80
26136,"Sardine,  grillée/poêlée","European pilchard or sardine, grilled/pan-fried without added fat",04,0405,000000,194,812,"25,1",traces,traces,"10,4","3,23",0,"0,35",64
26140,Poisson cuit (aliment moyen),"Fish, cooked (average)",01,0103,010304,142,596,"22,5","0,32",traces,"5,62","1,18",0,"0,25","70,3"
26141,"Foie de morue, cru","Cod liver, raw",04,0406,000000,623,2570,5,1,0,"66,6",14,0,"1,47","26,8"
26142,"Foie de morue, appertisé, égoutté","Cod liver, canned, drained",04,0409,000000,433,1780,"7,25",1,traces,"44,4","6,87",0,"1,12","45,7"
26146,"Vivaneau, cru","Snapper, raw",04,0406,000000,"94,1",398,"20,5",0,0,"1,34","0,29",0,"0,16",78
26147,"Vivaneau, cuit","Snapper, cooked",04,0405,000000,121,511,"26,3",0,0,"1,72","0,37",0,"0,14","71,7"
26148,"Rascasse ou rascasse de profondeur, cuite à la vapeur","Spiny scorpionfish, steamed",04,0405,000000,126,533,"24,6",0,0,"3,1","0,61",0,"0,22","71,7"
26151,"Oeufs de truite, semi-conserve","Trout roe, canned",04,0409,000000,209,875,"26,3",4,"< 0,2","9,5","1,65",1,"2,68","58,5"
26152,"Lieu ou colin d'Alaska, fumé","Alaska pollock, smoked",04,0409,000000,"81,3",344,"18,3",0,0,"0,9","0,1",0,-,-
26153,"Sabre, cru","Largehead hairtail, raw",04,0406,000000,125,524,18,traces,0,"5,9",-,0,"0,28","74,8"
26154,"Flétan du Groënland ou flétan noir ou flétan commun, cru","Greenland halibut, raw",04,0406,000000,168,700,"13,5",traces,0,"12,7","2,79",0,"0,43","72,3"
26157,"Carangue, cru","Crevalle jack, raw",04,0406,000000,104,438,"19,9",0,0,"2,7",-,0,"0,22",-
26159,"Coulirou, cru","Bigeye scad, raw",04,0406,000000,"70,9",301,"17,5",0,0,"0,1",-,0,"0,15",-
26161,"Saumon, sauvage, cru","Salmon, wild, raw",04,0406,000000,166,695,21,0,0,"9,17","1,92",0,"0,12","68,4"
26162,"Requin, cru","Shark, raw",04,0406,000000,115,484,"20,8","1,34",0,"2,91","0,68",0,"0,2","73,6"
26166,"Orphie commune, crue","Garfish, raw",04,0406,000000,145,610,20,"3,06",0,"5,91","2,01",0,"0,21","70,1"
26168,"Lompe, crue","Lump fish, raw",04,0406,000000,168,695,10,0,0,"14,2","3,01",0,"0,17","74,6"
26170,"Brème, cru","Freshwater bream, raw",04,0406,000000,108,452,"16,9","1,03",traces,4,"0,78",0,"0,11",77
26171,"Omble chevalier, cru","Arctic char, raw",04,0406,000000,103,436,"19,8",0,0,"2,7","2,2",0,"0,14","77,6"
26172,"Loup tacheté, cru","Spotted wolffish, raw",04,0406,000000,108,454,"16,3",0,0,"4,8","0,96",0,"0,26","78,2"
26173,"Sprat, cru","European sprat, raw",04,0406,000000,189,787,"19,8","0,57",0,"11,9","3,32",0,-,"66,7"
26174,"Turbot, cru","Turbot, raw",04,0406,000000,"85,5",361,"17,9",0,0,"1,55","0,19",0,"0,23","79,2"
26175,"Corégone lavaret ou lavaret, cru","European whitefish, raw",04,0406,000000,115,486,"20,5",0,traces,"3,72","0,87",0,"0,13","74,7"
26177,"Anchois, filets, salés, à l'huile, semi-conserve, égouttés","Anchovy, fillets, salted, in oil, semi-preserved, drained",04,0409,000000,199,830,"24,9",0,0,11,"1,64",0,"14,4",-
26178,"Mérou, cru","Grouper, raw",04,0406,000000,"85,2",361,"18,6","0,72",0,"0,86","0,2",0,"0,13","78,6"
26179,"Thon germon ou thon blanc, à l'huile d'olive, appertisé, égoutté","Albacore, in olive oil, canned, drained",04,0409,000000,192,807,"31,3","1,01",0,"6,95","1,41",0,"0,67","59,3"
26180,"Thon à l'huile de tournesol, entier, appertisé, égoutté","Tuna, whole slice, in sunflower oil, canned, drained",04,0409,000000,206,861,"23,3","0,76",-,"12,2","1,34",0,"0,93","62,1"
26181,"Thon albacore, au naturel, appertisé, égoutté","Yellowfin tuna, canned in brine, drained",04,0409,000000,127,538,"24,8","3,67",0,"1,46","0,44",0,"0,78","68,5"
26186,"Maquereau, mariné","Mackerel, marinated",04,0409,000000,185,768,"16,3",-,-,"13,3",-,0,"2,29","66,6"
26192,"Lieu jaune ou colin, cuit","Pollock, cooked",04,0405,000000,"97,8",415,"24,4",0,0,"< 0,5","< 0,01",0,"0,23","74,1"
26194,"Lingue bleue, crue","Blue ling, raw",04,0406,000000,"79,6",338,"18,9",0,0,"0,44","0,095",0,"0,23","79,6"
26200,"Sole tropicale ou sole-langue, crue","Tonguesole, raw",04,0406,000000,"70,3",298,"15,7","0,53",0,"0,58","0,18",0,"0,35","82,3"
26201,"Turbot, élevage, cru","Turbot, farmed, raw",04,0406,000000,109,457,"18,3",traces,0,"3,94","0,57",0,"0,19","76,5"
26205,"Bar commun ou loup (Méditerranée), sauvage, cru","Mediterranean bass, raw, wild",04,0406,000000,"97,9",414,"20,1",0,0,"1,94","0,49",0,"0,18","76,8"
26206,"Bar commun ou loup (Méditerranée), élevage, cru","Mediterranean bass, raw, farmed",04,0406,000000,124,521,"21,4",traces,0,"4,25","1,04",0,"0,12","72,8"
26208,"Baudroie rousse ou Lotte, crue","Anglerfish (Lophius budegassa), raw",04,0406,000000,"70,2",298,"16,7",traces,0,"0,37","0,084",0,"0,32","81,5"
26210,"Sébaste du nord ou grand sébaste, ou dorade sébaste, ou daurade sébaste, crue","Golden redfish, raw",04,0406,000000,"89,5",378,"18,8",traces,traces,"1,6","0,31",0,"0,18","78,4"
26211,"Saumon, élevage, cuit au micro-onde","Salmon, microwaved, farmed",04,0405,000000,200,834,"24,2",traces,0,"11,4",-,0,"0,098",63
26213,"Hoki, tout lieu de pêche, cru","Grenadier, from any fishing spot, raw",04,0406,000000,"92,3",389,"17,8",traces,0,"2,36","0,53",0,"0,18","78,7"
26214,"Hoki de Nouvelle-Zélande, cru","Blue grenadier, raw",04,0406,000000,"75,5",319,"15,6",traces,0,"1,46","0,26",0,"0,14","82,8"
26217,"Saumon, élevage, bouilli/cuit à l'eau","Salmon, boiled/cooked in water, farmed",04,0405,000000,193,805,25,traces,0,"10,3",-,0,"0,084","63,4"
26219,"Grondin perlon, cru","Tub gurnard, raw",04,0406,000000,"97,4",412,"20,3",traces,0,"1,79",-,0,"0,14","76,3"
26222,"Dorade grise ou daurade grise ou griset, rôtie/cuite au four","Black seabream, roasted/baked",04,0405,000000,127,536,"22,9","1,43",0,"3,3","0,75",0,-,71
26223,"Saumon argenté du Pacifique (coho), cru","Coho salmon, raw",04,0406,000000,147,616,"21,4",0,0,"6,8","1,54",0,"0,12","71,6"
26229,"Saumon, grillé/poêlé","Salmon, grilled/pan-fried without added fat",04,0405,000000,223,933,"25,5",0,0,"13,5","2,87",0,"0,11","60,1"
26230,"Saumon, élevage, rôti/cuit au four","Salmon, farmed, roasted/baked",04,0405,000000,214,891,"22,1","0,98",0,"13,5","2,5",0,"0,15","62,2"
26231,"Sardine, filets sans arêtes à l'huile d'olive, appertisés, égouttés","European pilchard or sardine, fillets without fishbone, in olive oil, canned, drained",04,0409,000000,202,843,"23,2","1,16",traces,"11,6","2,68",0,"1,07","61,4"
26232,"Hareng fumé, à l'huile","Atlantic herring, smoked, in oil",04,0409,000000,168,699,"15,1",2,0,11,"3,12",0,"4,08","65,3"
26233,"Merlu blanc du Cap, surgelé, cru","Shallow-water Cape hake, frozen, raw",04,0406,000000,78,330,"16,1",traces,traces,"1,52","0,51",0,"0,28",-
26234,"Julienne ou lingue, cuite","Ling, cooked",04,0405,000000,98,417,"24,5",0,0,traces,"< 0,00018",0,"0,21","73,9"
26235,"Chinchard maigre, cru","Horse mackerel, lean (spring, summer), raw",04,0406,000000,"96,7",408,"18,7",traces,0,"2,42","0,66",0,"0,16","77,4"
26236,"Chinchard gras, cru","Horse mackerel, oily (autumn, winter), raw",04,0406,000000,147,616,"19,6",0,0,"7,66","1,79",0,"0,14","71,7"
26237,"Hareng maigre, cru","Atlantic herring, lean, raw",04,0406,000000,111,466,"18,3",0,0,"4,22","0,83",0,"0,19","76,2"
26238,"Hareng gras, cru","Atlantic herring, oily, raw",04,0406,000000,175,732,"18,7","0,77",traces,"10,8","2,23",0,"0,13","68,3"
26239,"Surimi, fourré au fromage frais","Surimi, filled with fresh cheese",04,0409,000000,148,615,"6,6","9,24","2,8","9,3","3,84",< 1,"1,72","72,3"
26240,"Joëls (petits poissons entiers) pour friture, crus","Big-scale sand smelt (whole small fish), to fry, raw",04,0406,000000,"88,9",375,"17,5",0,0,"2,1","0,4",0,"0,27",-
26241,"Empereur, filet, sans peau, cru","Blue shark, fillet, without skin, raw",04,0406,000000,"73,5",311,15,0,0,"1,5","0,3",0,"0,21",-
26242,"Thon à la tomate, miettes, appertisées, égouttées","Tuna, flaked, in tomato sauce, canned, drained",04,0409,000000,140,584,13,"4,33","3,67","7,67","1,17","0,67","1,67",-
26243,"Thon, à la catalane ou à l'escabèche (sauce tomate), appertisé","Tuna, in Catalan-style or tomato sauce, canned",04,0409,000000,149,624,12,6,3,"8,6","0,67",0,"0,99",-
26244,"Rouget-barbet, filet avec peau, surgelé, cru (Thaïlande,Vietnam, Sénégal…)","Surmullet or red mullet, fillet with skin, frozen, raw (from Thailand or Senegal)",04,0406,000000,"96,7",407,"16,3",0,0,"3,5","0,9",0,"0,2",-
26245,"Thon à l'huile de tournesol, miettes, appertisées, égouttées","Tuna, flaked, in sunflower oil, canned, drained",04,0409,000000,227,946,"23,4",0,"< 0,25","14,8","1,62",0,"0,85","60,9"
26247,"Flétan du Groënland ou flétan noir ou flétan commun, cuit à la vapeur","Greenland halibut, steamed",04,0405,000000,179,744,"17,3","1,28",0,"11,6","2,07",0,"0,36","68,8"
26248,"Sole, grillée/poêlée","Common sole, grilled/pan-fried without added fat",04,0405,000000,"94,4",401,"23,6",0,0,"< 0,5","< 0,01",0,"0,37","75,6"
26249,"Poisson blanc, cuit (aliment moyen)","White fish, cooked (average)",01,0103,010304,114,480,22,"0,32",traces,"2,74","0,58",0,"0,28","73,8"
26256,"Ficelle picarde, préemballée","Ham and mushroom pancake in cheese sauce, prepacked",01,0104,000000,151,631,"8,6","11,9","2,7","7,5","2,8","0,6","0,75",-
26257,"Salade de carottes râpées, avec sauce, préemballée","Grated carrot salad, with sauce, prepacked",01,0101,000000,"74,2",308,"0,84","5,67","4,73","4,77","0,43","2,61","0,71","84,7"
26258,"Salade de betterave, avec sauce, préemballée","Beetroot salad, with sauce, prepacked",01,0101,000000,"59,4",248,"1,44","5,11","4,96",3,"0,32","2,7","0,8","86,2"
26259,"Salade de chou et carotte ou coleslaw, avec sauce, préemballée","Coleslaw salad, with sauce, prepacked",01,0101,000000,105,435,"0,94","5,78","4,72","8,1","0,63",3,"0,88","80,4"
26260,"Salade de concombre à la crème/fromage blanc, préemballée","Cucumber salad, with fresh cream/cheese sauce, prepacked",01,0101,000000,"77,9",321,"1,06","0,58","0,58","7,5",1,"1,5","0,99","87,8"
26261,"Salade de lentilles et saucisse fumée, préemballée","Lentil salad with smoked sausage, prepacked",01,0101,000000,177,736,7,"8,9","0,9","11,8","0,9","3,6","0,89",-
26262,"Salade grecque, avec sauce, préemballée","Greek salad, with sauce, prepacked",01,0101,000000,"81,5",337,2,"1,4","1,4","7,1","2,7",2,"1,04",-
26263,"Salade de riz au thon et légumes, avec sauce, préemballée","Rice salad, with tuna and vegetables, with sauce, prepacked",01,0101,000000,145,606,"5,08","16,8","1,54","5,98","0,76","1,77","0,76",72
26264,"Gnocchi à la pomme de terre, à cuire","Gnocchi, from potato, raw",03,0301,030102,176,744,"4,66",35,"3,18","1,42","0,3","2,2","1,18",-
26265,"Gnocchi à la semoule, à cuire","Gnocchi, from semolina, raw",03,0301,030102,200,846,"6,2",37,"9,9","2,6","0,34","1,9","2,21",-
26266,"Croissant au jambon fromage, préemballé","Croissant filled with ham and cheese, prepacked",01,0106,000000,258,1080,"8,92",22,"2,77","14,5","8,77",2,"1,28",-
26267,"Tarte épinard chèvre, préemballée","Tart, goat cheese and spinach, prepacked",01,0104,000000,233,973,"6,69","21,3","2,54","13,1","8,44","1,48","0,9","51,7"
26268,"Tielle sétoise, préemballée","Pie, squid and spicy tomato sauce, prepacked",01,0104,000000,285,1190,"8,5","29,4","5,6","14,4","1,5","1,8","1,3","39,4"
26269,"Taboulé ou salade de semoule au poulet, préemballé","Tabbouleh or couscous salad, with chicken, prepacked",01,0101,000000,176,737,"5,9","20,1","2,63","7,45","0,88","2,47","0,99","62,6"
26270,"Pizza au thon, préemballée","Pizza, tuna, prepacked",01,0104,000000,235,984,"10,2","23,7","3,57","10,6","2,88","2,15","1,16",-
26271,"Pizza kebab, préemballée","Pizza, kebab, prepacked",01,0104,000000,211,887,"9,4","26,6","3,04","7,01","3,5","1,85","1,4",-
26272,"Pizza au poulet, préemballée","Pizza, chicken, prepacked",01,0104,000000,211,888,"9,88","28,2","4,12","6,09","2,36","2,07","1,18","48,3"
26273,"Pizza type raclette ou tartiflette, préemballée","Pizza, raclette or tartiflette cheese, prepacked",01,0104,000000,246,1030,"9,66","27,3","3,16","10,4","5,39","1,9","1,24",-
26274,"Pizza au speck ou jambon cru, préemballée","Pizza, cured ham, prepacked",01,0104,000000,234,984,"10,9","27,4","3,3","8,53","4,07","2,17","1,34",47
26275,"Oeufs de saumon du Pacifique, semi-conserve","Salmon roe, semi-preserved",04,0409,000000,240,1010,"30,8","5,16","< 0,2","10,5","2,05",1,"2,34",49
26276,"Salade de pâtes au surimi, avec sauce, préemballée","Pasta salad, with surimi, with sauce, prepacked",01,0101,000000,208,864,"4,19","14,1","1,07","14,5","1,21","1,7",1,"64,1"
26277,"Salade Alaska au surimi, ananas, carottes, avec sauce, préemballée","Mixed salad, Alaska-style, with surimi, pineapple, carrot, with sauce, prepacked",01,0101,000000,170,705,"3,81","7,12","3,36","13,4","1,03","2,3","1,38","71,5"
26278,"Salade de pâtes au poulet, fromage et crudités, avec sauce, préemballée","Pasta salad, with chicken, cheese and raw vegetables, with sauce, prepacked",01,0101,000000,175,731,"8,19","12,4","1,46","9,5","1,87","2,2","0,87","65,4"
26279,"Salade de pâtes aux poulet, oeuf, fromage et crudités, avec sauce, préemballée","Pasta salad, with chicken, egg, cheese and raw vegetables, with sauce, prepacked",01,0101,000000,167,698,"8,19","12,4","1,93","8,7","1,93","2,2","0,55","66,6"
26280,"Salade de pâtes au jambon cru, fromage et crudités, avec sauce, préemballée","Pasta salad, with ham, cheese and raw vegetables, with sauce, prepacked",01,0101,000000,191,796,"7,31","15,1","2,06","10,6","2,15","2,2","0,58","63,1"
26281,"Salade de chou rouge, avec sauce, préemballée","Red cabbage salad, with sauce, prepacked",01,0101,000000,103,424,"1,23","4,73","3,9","8,25","0,73","2,25","0,82",-
26282,"Salade de pâtes au poulet et crudités, avec sauce, préemballée","Pasta salad, with chicken and raw vegetables, with sauce, prepacked",01,0101,000000,131,550,"5,91","13,5","1,96","5,52","0,65","1,9","0,76",-
26692,"Anchois, filets, marinés à l'orientale (huile, piments…), semi-conserve, égouttés","Anchovy, fillets, marinated in oriental style (oil,chili pepper…), semi-preserved, drained",04,0409,000000,165,690,"19,6","0,48",-,"9,19","1,62","1,09","2,4","60,2"
26693,"Anchois, filets, salés, à l'huile de tournesol, semi-conserve, égouttés","Anchovy, fillets, salted, in sunflower oil, semi-preserved, drained",04,0409,000000,211,881,"24,5","0,54",-,"12,3","1,58","< 1,5","15,2",-
26694,"Anchois, filets, salés, à l'huile d'olive, semi-conserve, égouttés","Anchovy, fillets, salted, in olive oil, semi-preserved, drained",04,0409,000000,197,824,25,"1,36",-,"9,9","1,67","1,1","13,6",-
26695,"Saumon, sauvage, fumé","Salmon, wild, smoked",04,0409,000000,121,509,"23,6","0,048",0,"2,91","0,71",0,"2,93",-
26696,"Saumon, élevage, fumé","Salmon, smoked, farmed",04,0409,000000,188,787,"22,1","0,14",0,11,"1,89",0,"2,86",-
26697,"Sardine, à l'huile de tournesol, appertisée, égouttée","European pilchard or sardine, in sunflower oil, canned, drained",04,0409,000000,219,915,"23,5","0,27",-,"13,8","2,97",0,"0,84",-
26698,"Sardine, à l'huile d'arachide, appertisée, égouttée","European pilchard or sardine, in peanut oil, canned, drained",04,0409,000000,223,931,"21,2","1,07",-,"14,9","4,5",0,"0,99",-
26700,"Anchois, filets, marinés, semi-conserve, égouttés (aliment moyen)","Anchovy, marinated, semi-preserved, drained (average)",04,0409,000000,186,775,"20,3","0,48",-,"11,3","2,01","0,73","4,15","54,5"
26998,"Truite saumonée, sautée/poêlée","Salmon trout, sautéed/pan-fried without added fat",04,0405,000000,146,611,22,traces,traces,"6,4","0,93",0,"0,13","71,2"
26999,"Anguille, cuite (aliment moyen)","Eel, cooked (average)",04,0405,000000,213,888,"22,1",traces,traces,"13,8","3,15",0,-,"60,7"
27000,"Anguille, rôtie/cuite au four","Eel, roasted/baked",04,0405,000000,229,955,"23,6",traces,traces,15,"3,02",0,"0,16","59,3"
27001,"Anguille, bouillie/cuite à l'eau","Eel, boiled/cooked in water",04,0405,000000,197,820,"20,5",traces,traces,"12,7","3,28",0,-,62
27002,"Brochet, rôti/cuit au four","Northern pike, roasted/baked",04,0405,000000,100,425,"23,1",0,0,"0,88","0,15",0,"0,12","74,7"
27003,"Carpe,  élevage, crue","Carp, raw, farmed",04,0406,000000,114,477,"17,7",0,traces,"4,76","1,28",0,"0,077","77,3"
27004,"Carpe, rôtie/cuite au four","Carp, roasted/baked",04,0405,000000,151,633,"21,6",traces,traces,"7,17","1,27",0,"0,16","69,6"
27005,"Perche ou perche européenne, rôtie/cuite au four","European perch, roasted/baked",04,0405,000000,119,503,"22,1",traces,traces,"3,42","0,85",0,"0,096","73,7"
27006,"Truite, rôtie/cuite au four","Trout, roasted/baked",04,0405,000000,183,766,"26,6",traces,traces,"8,47","1,47",0,"0,17","63,4"
27007,"Truite ou truite fario, cuite à la vapeur","Trout, steamed",04,0405,000000,"99,4",419,19,traces,traces,"2,6","0,54",0,-,75
27008,"Truite ou truite fario, élevage, crue","Trout, raw, farmed",04,0406,000000,133,558,"19,3",0,0,"6,22","1,25",0,"0,1","73,9"
27009,"Truite arc en ciel, élevage, crue","Rainbow trout, raw, farmed",04,0406,000000,132,553,19,0,traces,"6,24","1,15",0,"0,11",74
27010,"Perche ou perche européenne, crue","European perch, raw",04,0406,000000,"84,6",358,"17,9","0,6",traces,"1,19","0,28",0,"0,14","79,7"
27011,"Brochet, cru","Northern pike, raw",04,0406,000000,"87,7",372,"18,8",1,traces,"0,94","0,26",0,"0,13","79,1"
27012,"Esturgeon d’Europe occidentale, cru","Sturgeon, raw",04,0406,000000,127,531,"17,7","0,87",0,"5,84","1,34",0,"0,12","74,5"
27014,"Truite arc en ciel, élevage, rôtie/cuite au four","Rainbow trout, farmed, roasted/baked",04,0405,000000,143,600,"21,5",traces,traces,"6,33","1,51",0,"0,13",71
27015,"Truite arc en ciel, élevage, cuite à la vapeur","Rainbow trout, farmed, steamed",04,0405,000000,117,493,20,traces,traces,"4,14","0,86",0,-,75
27016,"Anguille, crue","Eel, raw",04,0406,000000,240,998,"16,1","2,06",traces,"18,6","4,25",0,"0,16","62,1"
27017,"Pangas, poisson-chat, machoiron, cru","Brown bullhead, raw",04,0406,000000,"65,2",276,"13,5",traces,0,"1,27","0,47",0,"0,68","83,8"
27018,"Pangas, poisson-chat, machoiron, cuit","Pangasius, filets, cooked",04,0405,000000,79,335,"17,5",0,0,1,"0,51",0,"0,58","80,6"
27019,"Tilapia, cru","Tilapia, raw",04,0406,000000,"91,6",387,"18,1",traces,0,"2,13","0,56",0,"0,071","78,5"
27021,"Truite saumonée, crue","Salmon trout, raw",04,0406,000000,143,600,"19,2",traces,0,"7,4","1,2",0,"0,2","74,2"
27023,"Lotte de rivière, crue","Burbot, raw",04,0406,000000,77,326,"17,8",0,traces,"0,66","0,17",0,"0,22","80,6"
27024,"Sandre, cru","Pike-perch, raw",04,0406,000000,"87,2",369,"18,3","1,06",traces,"1,08","0,3",0,"0,12","78,4"
27025,"Perche du Nil, crue","Nile perch, raw",04,0406,000000,"82,4",349,"19,1",traces,0,"0,68","0,22",0,"0,14",79
27029,"Truite, élevage, fumée","Trout, smoked, farmed",04,0409,000000,171,717,"22,3","3,17","0,21","7,69","1,36","0,28","3,1","61,7"
27030,"Bar commun ou loup, rôti/cuit au four","European bass, roasted/baked",04,0405,000000,151,635,"22,2","1,02",0,"6,51","1,27",0,"0,17","69,1"
27031,"Dorade royale ou daurade ou vraie daurade, rôtie/cuite au four","Gilthead seabream, roasted/baked",04,0405,000000,148,620,"23,6",traces,0,"5,9","1,3",0,"0,18","68,8"
28001,"Porc, épaule crue","Pork, shoulder, raw",04,0402,040202,178,743,"18,9","0,38",0,"11,2","4,41",0,"0,12","69,6"
28002,"Porc, poitrine crue","Pork, belly, raw",04,0402,040202,253,1050,17,0,traces,"20,5","7,89",0,"0,14","59,8"
28009,"Porc, palette crue","Pork shoulder, raw",04,0402,040202,208,868,"24,8",0,0,"12,1","4,57",0,"0,18","63,4"
28010,"Porc, épaule cuite","Pork, shoulder, cooked",04,0401,040102,253,1060,30,0,0,"14,8","5,56",0,"0,12","54,7"
28100,"Porc, côte crue","Pork, chop, raw",04,0402,040202,164,687,"19,8","0,38",0,"9,3","3,75",0,"0,12","69,5"
28101,"Porc, côte grillée/poêlée","Pork, chop, grilled/pan-fried",04,0401,040102,211,885,"29,6",0,0,"10,3","4,11",0,"0,14","58,9"
28102,"Porc, rouelle de jambon crue","Pork, round steak, raw",04,0402,040202,149,623,"20,2",0,0,"7,56",-,0,"0,14","71,2"
28103,"Porc, rouelle de jambon cuite","Pork, round steak, cooked",04,0401,040102,266,1110,"36,9",0,0,"13,1",-,0,"0,18","48,6"
28104,"Porc, carré cru","Pork, rack, raw",04,0402,040202,146,612,"22,7","0,4",0,"5,94","2,4",0,"0,094","70,3"
28105,"Porc, carré cuit","Pork, rack, cooked",04,0401,040102,206,866,"34,1","0,6",0,"7,45","3,03",0,"0,097","57,5"
28202,"Porc, filet maigre, en rôti, cuit","Pork, tenderloin roast, cooked",04,0401,040102,198,828,"28,3",0,0,"9,39",-,0,"0,15","59,7"
28203,"Porc, filet mignon cuit","Pork, filet mignon, cooked",04,0401,040102,168,707,"26,1",0,0,"7,1","2,58",0,"0,13",-
28204,"Porc, filet mignon cru","Pork, filet mignon, raw",04,0402,040202,123,519,"21,2","0,4",0,"4,09","1,69",0,"0,11","74,9"
28205,"Porc, viande, cuite (aliment moyen)","Pork, meat, cooked (average)",04,0401,040102,207,869,"29,4","0,22",0,"9,89","3,69",0,"0,12","59,2"
28300,"Porc, rôti cru","Pork, roast, raw",04,0402,040202,153,642,"22,3","0,5",0,"6,86","2,84",0,"0,1","70,1"
28301,"Porc, rôti cuit","Pork, roast, cooked",04,0401,040102,163,689,"30,5","0,65",0,"4,31","1,32",0,"0,081","63,8"
28302,"Porc, échine crue","Pork, loin, raw",04,0402,040202,238,987,"17,1","0,1",0,"18,8","5,4",0,"0,18",63
28400,"Porc, travers cru","Pork, spare-ribs, raw",04,0402,040202,237,983,18,"0,6",0,18,"7,16",0,"0,12","61,9"
28401,"Porc, travers braisé","Pork, spare-ribs, braised",04,0401,040102,332,1380,"23,1",0,0,"26,6","10,8",0,"0,12","49,4"
28451,"Porc, échine rôtie/cuite au four","Pork, loin, roasted/baked",04,0401,040102,295,1230,"26,2",0,0,"21,2",-,0,"0,15","51,5"
28460,"Porc, escalope de jambon crue","Pork, ham escalope, raw",04,0402,040202,129,541,"21,5",0,0,"4,76","1,97",0,"0,12","74,4"
28461,"Porc, escalope de jambon cuite","Pork, ham escalope, cooked",04,0401,040102,200,841,36,0,0,"6,2","1,85",0,"0,19",-
28470,"Porc, bardière découennée crue","Pork, back fat, rind less, raw",04,0402,040202,744,3060,"4,51","0,1","0,1","80,6","28,7",0,"0,1","16,1"
28471,"Porc, gorge découennée crue","Pork, jowl, rind less, raw",04,0402,040202,475,1960,"11,6","0,14","0,14","47,5",16,0,"0,17","40,3"
28472,"Porc, hachage sans jarret, sans bateau, découenné, dégraissé, désossé, cru","Pork, shoulder lower half, without rind, fat and bone, raw",04,0402,040202,187,780,"18,9","0,23","0,23","12,3","4,14",0,"0,2","68,7"
28473,"Porc, jambon sans jarret, sans bateau, découenné, dégraissé, désossé, cru","Pork, way leg, without rind, fat and bone, raw",04,0402,040202,141,592,"20,9","0,28","0,28","6,3","2,11",0,"0,18","72,3"
28474,"Porc, jambonneau arrière, découenné, dégraisssé, désossé, cru","Pork, knuckle oh ham, without rind, fat and bone, raw",04,0402,040202,148,618,"20,2","0,28","0,28","7,31","2,4",0,"0,22","72,2"
28475,"Porc, maigre 90/10 cru","Pork, 90/10 trimming, raw",04,0402,040202,212,882,"18,8","0,24","0,24","15,1","5,46",0,"0,17","64,6"
28476,"Porc, maigre 80/20 cru","Pork, 80/20 trimming, raw",04,0402,040202,293,1210,"17,3","0,26","0,26","24,7","9,16",0,"0,17","60,1"
28477,"Porc, palette, découennée, dégraissée, désossée, crue","Pork, shoulder upper half, without rind, fat and bone, raw",04,0402,040202,174,728,"19,9","0,25","0,25","10,4","3,58",0,"0,2","70,4"
28479,"Porc, poitrine cutter, sans mouille, crue","Pork, belly, flank removed, raw",04,0402,040202,323,1340,"15,9","0,22","0,22","28,7","10,2",0,"0,18","55,9"
28480,"Porc, rôti filet avec chaînette, cru","Pork, eye of shortloin, raw",04,0402,040202,146,615,"22,3","0,37","0,37","6,2","2,21",0,"0,16","70,4"
28501,"Lardon nature, cru","Lardoons, plain, raw",04,0403,040308,269,1120,"16,6","1,01","0,78","22,1","7,91","0,38","2,72","56,9"
28502,"Poitrine de porc en salaison, fumée, crue","Pork belly, cured, smoked, raw",04,0403,040308,303,1250,"15,6","0,79","0,75","26,1","9,39",1,"2,41","53,9"
28503,Bresaola,Bresaola,04,0403,040308,172,725,"32,8","0,49",0,"4,3","2,05",0,"5,15","56,7"
28504,"Lardon nature, cuit","Lardoons, plain, cooked",04,0403,040308,324,1340,"23,8",2,-,"24,5","12,6",0,"3,8","48,2"
28505,"Corned-beef, appertisé","Corned-beef, canned",04,0403,040308,191,796,"23,2","< 0,1",0,"10,9","4,47",0,"2,8","63,4"
28507,"Poitrine de porc en salaison, nature, crue","Pork belly, cured, plain, raw",04,0403,040308,288,1190,"15,7","0,76","0,71","24,7","9,69","0,29","1,93",-
28530,Oreille de porc demi-sel,"Pig's ear, brined",04,0403,040308,228,950,"22,5","0,6",-,"15,1","5,39",0,"0,48","61,3"
28540,Pied de porc demi-sel,"Pig's trotter, brined",04,0403,040308,137,569,"11,6","0,01",0,10,"2,95",0,"2,37",75
28550,Poitrine de porc demi-sel,"Pork belly, brined",04,0403,040308,270,1120,"16,8","1,3","0,6",22,"8,3",0,2,"55,3"
28700,Jambon de porc à cuire ou jambon à rôtir/cuire au four,"Pork ham, to cook / roast / bake",04,0403,040301,163,682,"18,8","1,75",1,9,4,"< 0,5","1,8","70,1"
28720,"Lardon fumé, cru","Lardoons, smoked, raw",04,0403,040308,272,1130,"16,7","0,35","0,35","22,6",8,"0,34","2,63","55,7"
28723,"Lardon, cru, à teneur réduite en sel","Lardoons, plain, low salt, raw",04,0403,040308,246,1020,"17,9","0,78","0,59",19,"7,28","0,13","1,89",-
28725,"Lardon fumé, cuit","Lardoons, smoked, cooked",04,0403,040308,277,1150,"14,7","4,8","0,9","22,1","8,25",0,"2,59","54,6"
28727,Filet de bacon,"Bacon, back",04,0403,040301,118,500,"23,1","0,7","< 0,2","2,6","1,07",0,"3,18","70,1"
28800,Jambon cru,Cured ham,04,0403,040302,239,999,"25,9","4,27","0,75","13,2","5,09",traces,"5,67","50,1"
28801,Jambon cru fumé,"Cured ham, smoked",04,0403,040302,246,1020,"24,2","0,98","0,53","16,1","6,72",0,"5,17","55,8"
28803,"Jambon cuit, fumé","Cooked ham, smoked",04,0403,040301,135,569,20,"0,79","0,62","5,8","2,36","0,1","1,93","73,2"
28804,"Jambon cru fumé, allégé en matière grasse","Cured ham, smoked, reduced fat",04,0403,040302,142,598,"27,7","0,1",-,"3,4","0,71",0,"4,24","63,9"
28811,Jambon de Bayonne,"Cured ham, from Bayonne, smoked",04,0403,040302,243,1020,28,"4,51","0,5","12,6","4,93",traces,"5,75","48,6"
28812,Jambon sec,Dry-cured ham,04,0403,040302,230,961,"28,7","0,48","0,33","12,6","4,99",traces,"5,7","53,2"
28844,Jambon sec de Parme,"Dry-cured ham, from Parma",04,0403,040302,248,1040,"27,2","0,3","0,3","15,4","5,42",0,"5,53","53,3"
28845,Jambon sec Serrano,"Dry-cured ham, Serrano",04,0403,040302,235,985,"30,4","0,76","0,36","12,3","5,2",traces,"5,02","54,1"
28850,Coppa,Coppa,04,0403,040302,284,1180,25,1,"0,5",20,"6,83",0,"5,3",-
28858,Pancetta ou poitrine roulée sèche,Pancetta,04,0403,040302,349,1450,"20,2","2,49","0,43","28,8","12,4",0,"4,14","43,9"
28860,Viande des Grisons,Viande des Grisons or dried beef meat,04,0403,040308,207,874,"38,9","0,56","0,56","5,47","2,52",0,"3,83","49,5"
28900,"Jambon cuit, supérieur","Cooked ham, superior quality",04,0403,040301,113,475,21,"0,76","0,69","2,83","1,1","< 0,19","1,87","73,3"
28901,"Jambon cuit, supérieur, avec couenne","Cooked ham, superior quality, with rind",04,0403,040301,118,497,"20,4","0,91","0,86","3,59","1,2","0,25","1,96","72,2"
28902,"Jambon cuit, supérieur, découenné","Cooked ham, superior quality, rind less",04,0403,040301,117,492,"20,5","0,77","0,76","3,52","1,36","0,05","1,87",73
28905,Jambon à l'os braisé,Braised ham on the bone,04,0403,040301,198,825,"21,6","0,3",0,"12,3","4,68",0,"2,97","64,8"
28906,"Jambon cuit, supérieur, découenné dégraissé","Cooked ham, superior quality, rind less defatted",04,0403,040301,115,484,"20,3","0,14","0,14","3,66","1,24","0,32","1,82","72,8"
28907,"Jambon cuit, supérieur, dégraissé découenne, à teneur réduite en sel","Cooked ham, superior quality, rind less defatted, low salt",04,0403,040301,121,508,"20,8","0,74","0,74","3,83","1,5","< 0,42","1,48",-
28910,"Jambon cuit, choix","Cooked ham, choice",04,0403,040301,125,528,"19,5","1,7","1,7","4,5","1,78","0,08","2,1","72,3"
28911,"Épaule de porc, cuite, choix, découennée dégraissée","Cooked pork shoulder, choice, rind less defatted",04,0403,040301,124,520,18,"2,8","1,35","4,5","1,4","< 0,5","2,33","71,7"
28912,"Jambon cuit, choix, avec couenne","Cooked ham, choice, with rind",04,0403,040301,137,572,"19,4","0,55","< 0,2","6,3",-,0,"2,53","71,5"
28913,"Jambon cuit, choix, découenné dégraissé","Cooked ham, choice, rind less defatted",04,0403,040301,115,485,"19,6","1,88","1,32","3,24","1,18","0,15","1,96","72,1"
28917,Rond de jambon cuit,"Round of ham, cooked",04,0403,040301,182,761,"20,3","1,4",-,"10,6",-,0,-,66
28922,"Dés, allumettes, râpé ou haché de jambon","Ham, cube, grated or minced",04,0403,040301,120,506,"17,9","2,08","1,69","4,46","1,81","0,36","2,06",-
28924,"Épaule de porc, cuite, standard, découennée dégraissée","Cooked pork shoulder, standard, rind less defatted",04,0403,040301,123,514,"13,7","2,89","2,89","5,98","2,23","1,3","2,82","71,8"
28925,"Jambon cuit, de Paris, découenné dégraissé","Cooked ham, Parisian-style, rind less defatted",04,0403,040301,115,485,20,"1,08",-,"3,42",-,0,-,-
28927,Haché de volaille,"Poultry, minced meat",04,0403,040308,137,573,"17,7","3,5","1,4","5,68","1,88","0,63","1,3",-
28929,"Dés, allumettes, râpé ou haché de jambon de volaille","Ham, from poultry, cube, grated or minced",04,0403,040301,132,554,18,"1,58","1,25","5,88","2,35","0,5","2,2",-
28960,"Jambonneau, cuit","Knuckle of ham, cooked",04,0403,040301,157,658,20,"5,43","0,65",6,"2,25","0,4","1,99","65,5"
28963,Jambon de poulet ou blanc de poulet en tranche,"Cooked ham, from chicken, in slices",04,0403,040301,105,445,"20,7","1,39","1,13","1,79","0,54","0,53","1,86","74,3"
28964,Jambon de dinde ou blanc de dinde en tranche,"Cooked ham, from turkey, in slices",04,0403,040301,"99,3",420,"20,9","0,023","0,023","1,67","0,54","0,39","1,9",74
28965,"Jambon de volaille ou blanc de volaille, à teneur réduite en sel, en tranche","Cooked ham, from poultry, low salt, in slices",04,0403,040301,108,455,"21,3","1,6","1,23","1,65","0,53","0,71","1,38",-
28976,"Rôti de volaille en salaison, cuit","Poultry roast, brined, cooked",04,0403,040308,109,462,22,"1,28","0,97","1,73","0,55","0,44",2,-
29209,"Boisson au soja et jus de fruits concentrés, préemballée","Soy drink with concentrated fruit juice, prepacked",06,0602,060205,"56,2",238,"2,3","9,5","5,8",1,-,traces,"0,22",-
30005,Chipolata cuite,"Chipolata sausage, cooked",04,0403,040304,283,1170,"18,8","0,8","0,4","22,4","8,27",0,"2,15","55,4"
30011,Saucisse de Toulouse cuite,"Toulouse sausage, cooked",04,0403,040304,279,1160,"18,8","1,28","0,6","22,1","8,2",0,"1,71","54,9"
30050,Chair à saucisse crue,"Sausage meat, raw",04,0403,040304,323,1340,"14,7","0,6",-,"29,1",-,0,"1,39","54,2"
30051,"Chair à saucisse, pur porc, crue","Sausage meat, pure pork, raw",04,0403,040304,258,1070,"16,9",0,-,"21,2","7,87",0,"0,14","61,1"
30052,Farce porc et boeuf crue,"Sausage meat, pork and beef, raw",04,0403,040304,309,1280,"11,8","4,4",-,"26,5",-,"2,6",-,"53,8"
30102,Saucisse fumée à cuire,"Smoked sausage, raw",04,0403,040304,336,1390,"15,6",-,0,"30,4",-,0,"2,04","49,5"
30104,Saucisse de Morteau,Morteaux sausage,04,0403,040304,398,1640,16,"1,17","0,5","36,6",-,0,"2,6","43,7"
30105,"Saucisse de Montbéliard, à cuire",Montbeliard sausage to cook,04,0403,040304,322,1330,"17,3","1,72","0,5","27,3",10,0,"2,33","50,5"
30108,Saucisse de Morteau bouillie/cuite à l'eau,"Morteaux sausage, boiled/cooked in water",04,0403,040304,323,1340,"15,2",0,0,"29,1","12,2",0,"2,02","49,6"
30110,Saucisse de Toulouse crue,"Toulouse sausage, raw",04,0403,040304,321,1330,"13,3","0,64","0,5","29,5","11,3",0,"1,89","53,2"
30115,Chipolata crue,"Chipolata sausage, raw",04,0403,040304,253,1050,"15,8",1,"0,32","20,6","7,61","0,4","1,58","62,2"
30125,Saucisse alsacienne fumée ou gendarme,Smoked Alsatian sausage or Landjäger,04,0403,040304,300,1240,19,-,-,"24,9","8,56",0,"2,75","49,5"
30130,Saucisse de volaille façon charcutière,"Poultry sausage, delicatessen-style",04,0403,040304,239,992,"15,6","1,14","0,9","19,1","6,2",0,"1,75","59,8"
30131,Saucisse de volaille type knack,"Poultry sausage, knack-style",04,0403,040304,236,978,14,"1,82","1,01","18,9","5,34",0,"1,87",64
30134,Saucisse de Francfort,Frankfurter sausage,04,0403,040304,279,1160,"13,7","3,37",1,"23,4",9,"< 0,5",2,"56,7"
30150,Merguez crue,"Merguez sausage, raw",04,0403,040304,301,1250,"13,8","1,15","1,15","26,8","11,2",0,"2,01",55
30151,Merguez crue (aliment moyen),"Merguez sausage, raw (average)",04,0403,040304,381,1570,"12,8",-,-,"36,3",-,0,-,"44,7"
30152,"Merguez, pur boeuf, crue","Merguez sausage, pure beef, raw",04,0403,040304,436,1800,11,-,-,"43,5",-,0,-,"39,8"
30153,"Merguez, boeuf et porc, crue","Merguez sausage, pork and beef, raw",04,0403,040304,415,1710,"11,5",-,-,41,-,0,-,"42,5"
30154,"Merguez, boeuf, mouton et porc, crue","Merguez sausage, beef, mutton and pork, raw",04,0403,040304,358,1480,"14,6",-,-,"33,3",-,0,-,"51,7"
30155,"Merguez, boeuf et mouton, cuite","Merguez sausage, beef and mutton, cooked",04,0403,040304,283,1170,"19,8","1,8","1,6","21,8",12,0,"2,33","54,8"
30156,"Merguez, boeuf et mouton, crue","Merguez sausage, beef and mutton, raw",04,0403,040304,315,1300,14,"2,8",0,"27,6",-,0,"1,58",-
30176,Saucisse de foie,Liver sausage,04,0403,040304,374,1550,"11,7","0,9","0,9","35,9",12,"0,3","2,03","50,7"
30177,Diot cru,"Diot (sausage from Savoy), raw",04,0403,040304,342,1420,18,-,-,30,-,0,"2,25",-
30181,"Haché végétal à base de soja, préemballé","Soy-based minced meat imitate, prepacked",01,0103,010309,143,599,"12,6","7,01","4,19","5,8","0,64","5,23","0,78","67,5"
30300,Saucisson sec,Dry sausage,04,0403,040303,418,1740,"24,2","5,48","2,55","33,1","11,3","0,73","4,75",30
30301,Saucisson sec pur porc,"Dry sausage, pure pork",04,0403,040303,417,1730,"28,7","1,79","1,4","32,3","12,2",0,"4,46","32,8"
30302,"Saucisson sec pur porc, qualité supérieure","Dry sausage, pure pork, superior quality",04,0403,040303,368,1530,"27,7","2,1","1,9","27,6","10,9","< 0,5","4,22","36,9"
30304,Rosette ou fuseau,Rosette dry sausage,04,0403,040303,392,1630,"24,2","4,86","1,46","30,7","11,8",traces,"4,56","34,9"
30308,Saucisson sec de Lyon pur porc,"Dry sausage, from Lyon, pure pork",04,0403,040303,255,1050,"12,8","0,83","0,83",22,"6,5",1,"2,54",-
30309,Saucisse sèche,"Dry sausage, thin size",04,0403,040303,460,1910,"27,3","4,04","1,21","37,1","14,5","0,59","4,74","26,2"
30311,Saucisson sec aux noix et/ou noisettes,Dry sausage with walnuts and/or hazelnuts,04,0403,040303,477,1980,"27,7","1,78","1,04","39,7","14,1","0,75","4,31",-
30312,Pavé au poivre (charcuterie),"Dry sausage, with pepper",04,0403,040308,374,1550,"23,5","1,51","1,05","30,3","11,9","0,83","4,27",-
30314,Saucisson sec allégé en matière grasse,"Dry sausage, reduced fat",04,0403,040303,286,1200,"34,6","1,57","1,57","15,7",5,"0,5","5,8",-
30315,Chorizo,Spicy pork sausage with red pepper,04,0403,040308,425,1760,"23,5","1,24","1,24","36,1","14,3","0,93","4,24",34
30316,"Chorizo supérieur, doux ou fort, type saucisse sèche","Spicy pork sausage with red pepper, dry",04,0403,040308,474,1960,"20,9","1,87","1,87","41,9",16,"0,53","3,91",28
30317,"Chorizo supérieur, doux ou fort, type charcuterie en tranches","Spicy pork sausage with red pepper, in slices",04,0403,040308,320,1330,"22,6","1,47","1,47","23,9","8,8","0,3","4,3","43,6"
30350,Salami,Salami,04,0403,040308,457,1890,"17,7","2,59","< 0,2","41,8","16,2",traces,"4,05","33,2"
30351,Salami pur porc,"Salami, pure pork",04,0403,040308,446,1840,17,"0,75","0,5","41,5","16,6","0,5",4,"36,2"
30366,Salami type danois,"Salami, Danish-style",04,0403,040308,455,1880,"14,5","2,42","0,5",43,17,0,"4,05","35,3"
30700,Saucisson à l'ail,Garlic sausage,04,0403,040308,276,1140,15,"0,56","0,56","23,6","9,92","0,63",2,"57,2"
30701,Saucisson pur porc cuit,"Sausage, pure pork, cooked",04,0403,040308,322,1330,"13,8","1,3",-,29,-,traces,"1,9","52,1"
30707,"Saucisson brioché, cuit","Sausage in a brioche crust, cooked",04,0403,040308,303,1260,"14,7","20,9","3,8","17,4","8,6",2,"1,38","42,4"
30730,Cervelas,Saveloy or cervelat,04,0403,040308,278,1150,"11,9","1,56","0,63","24,8","9,37","0,4","1,95","61,1"
30731,Cervelas obernois,"Saveloy or cervelat, from Obernai Alsace",04,0403,040308,305,1260,13,1,"0,6","27,5","11,5","0,6",2,-
30732,"Cervelas à l'ail, pur porc","Saveloy or cervelat with garlic, pure pork",04,0403,040308,297,1230,"12,5","0,2",-,"27,4",-,traces,-,"55,3"
30742,"Saucisse de Strasbourg ou knack, à cuire","Strasbourg sausage, to cook",04,0403,040304,291,1200,"12,4","1,39","1,06","25,9","10,9","1,37","1,99","57,9"
30743,"Saucisse de Strasbourg ou knack, à teneur réduite en sel, à cuire","Strasbourg sausage, low salt, to cook",04,0403,040304,284,1170,12,"1,5","1,37","25,3","9,83","0,8","1,48",-
30746,Saucisse cocktail,Cocktail sausage,04,0403,040304,290,1200,"12,7","1,46","1,09","25,9","9,59","0,27","2,1","59,5"
30750,Saucisse viennoise crue,"Viennese sausage, pork and veal, raw",04,0403,040304,233,964,"10,3",-,-,"21,3",-,0,-,"56,8"
30764,Saucisse de jambon pur porc,"Ham sausage, pure pork",04,0403,040304,236,982,"15,7","3,96","0,7","17,5","6,8",0,2,"60,8"
30766,Saucisse de bière,Beer sausage,04,0403,040304,319,1320,13,-,-,"29,7",-,0,-,"53,6"
30778,Saucisse de langue à la pistache,Tongue sausage with pistachios,04,0403,040304,294,1220,"15,3",-,-,"25,8",-,traces,-,"55,6"
30780,Saucisse (aliment moyen),Sausage (average),04,0403,040304,286,1180,"17,4","1,22","0,81","23,4","9,62","0,24","2,06","55,3"
30789,Mortadelle,Mortadella,04,0403,040308,310,1280,"15,2","0,69","0,67","27,4","10,2","0,000017","2,3","55,1"
30790,"Mortadelle, pur porc","Mortadella, pure pork",04,0403,040308,310,1280,"14,8","4,46",1,"25,8","9,85",0,"2,14","52,3"
30791,"Mortadelle, porc et boeuf","Mortadella, pork and beef",04,0403,040308,304,1260,"16,4","2,53",0,"25,4","9,51",0,"3,12","52,3"
30797,Mortadelle pistachée pur porc,"Mortadella with pistachios, pure pork",04,0403,040308,317,1310,"14,4","0,42","0,41","28,2","11,4","1,97","2,08","52,1"
30801,Saucisson de cheval type cervelas,"Horse sausage, cervelas type",04,0403,040308,244,1010,"14,2","1,4","1,4",20,"7,1",0,"2,46","57,6"
30886,"Gelée, autres fruits ou mélange de fruits (extra ou classique)","Jelly, all fruits",07,0704,000000,252,1070,"0,1","61,9","60,9","0,1","0,025","1,25","0,0075",-
30887,"Confiture, autres fruits ou mélange de fruits, allégée en sucres (extra ou classique)","Other jam, reduced sugar",07,0704,000000,162,687,"0,75",38,38,"0,21","0,026","1,8","0,023","58,2"
30888,Marmelade ou confiture d'autres agrumes ou mélange d'agrumes (extra ou classique),"Marmalade or jam, other citrus fruits or mixed citrus fruits",07,0704,000000,-,-,"0,33","59,5","55,5","0,2","0,044","0,99","0,0089",-
30889,"Marmelade ou confiture d'orange, allégée en sucres","Marmalade or jam, orange, reduced sugar",07,0704,000000,-,-,"0,25","40,6","39,9","0,063","0,000025","1,03","0,015",-
30900,Charcuterie (aliment moyen),Cured meat and sausages (average),04,0403,000000,241,1000,"18,6","1,94","0,73","17,5","6,73","0,27","2,22","58,8"
30990,Confiture de mûre (extra ou classique),"Jam, blackberry",07,0704,000000,245,1040,"0,44","58,3","56,9","0,63","0,31","1,3","0,0075","38,5"
30991,Gelée de mûre (extra ou classique),"Jelly, blackberry",07,0704,000000,245,1040,"0,53",60,"57,4","0,28","0,025","0,73","0,0066","37,2"
30992,Confiture de rhubarbe (extra ou classique),"Jam, rhubarb",07,0704,000000,239,1010,"0,26","58,6","57,7","0,057","0,0015","1,53","0,01",-
30993,Confiture de pêche (extra ou classique),"Jam, peach",07,0704,000000,242,1030,"0,27","59,5","57,4","0,075","0,0013","1,16","0,0083",-
30994,Confiture de figue (extra ou classique),"Jam, fig",07,0704,000000,243,1030,"0,63","59,1","56,8","0,17","0,033","1,31","0,012",38
30995,"Confiture de fraise, allégée en sucres","Jam, strawberry, reduced sugar",07,0704,000000,166,704,"0,31","40,3","39,6","0,1","0,032","1,37","0,024","54,3"
30996,"Confiture d'abricot, allégée en sucres","Jam, apricot, reduced sugar",07,0704,000000,167,707,"0,41","40,5","39,5","0,067","0,029","1,33","0,028","55,2"
30997,"Confiture de framboise, allégée en sucres","Jam, raspberry, reduced sugar",07,0704,000000,167,707,"0,68","39,2","37,9","0,14","0,034","2,98","0,024",-
30998,Gelée de framboise (extra ou classique),"Jelly, raspberry",07,0704,000000,249,1060,"0,56",61,"59,3","0,1","0,0013","0,86","0,0056",-
30999,"Confiture ou marmelade, tout type de fruits, sans précision sur la teneur en sucres (aliment moyen)","Jam or marmalade, miscellaneaous fruits, sugar content unknown, (average)",07,0704,000000,235,1000,"0,36","57,1","55,7","0,27","0,068","1,34","0,015","40,5"
31000,Barre chocolatée biscuitée,Chocolate bar with biscuit,07,0702,000000,492,2060,"5,56","61,4","43,3","24,1",14,"3,7","0,33","3,8"
31001,Barre chocolatée non biscuitée enrobée,"Chocolate bar, chocolate-coated, without biscuit",07,0702,000000,496,2080,"3,7","66,4",47,"24,1",14,"0,6","0,5","3,83"
31002,"Barre à la noix de coco, enrobée de chocolat","Coconut bar, chocolate-coated",07,0702,000000,475,1990,"3,88","60,2",53,"23,8","19,6",3,"0,5","7,83"
31004,"Chocolat au lait, tablette","Milk chocolate, bar",07,0702,000000,550,2300,"7,5","58,9","56,3","30,8","18,7","2,9","0,2","0,37"
31005,"Chocolat noir 50 % de cacao environ, tablette","Dark chocolate, 50% cocoa, bar",07,0702,000000,521,2170,"5,98",53,"46,3","29,6",19,"8,31","0,035","0,7"
31006,"Confiture ou marmelade ou gelée, tout type de fruits, non allégée en sucres (aliment moyen)","Jam or marmalade, miscellaneaous fruits (not reduced sugar) (average)",07,0704,000000,244,1040,"0,33","59,3","57,7","0,28","0,073","1,29","0,014","38,7"
31007,"Chewing-gum, sucré","Chewing gum, with sugar(s)",07,0703,000000,360,1530,"0,25","86,4","68,1","0,65","0,3",4,"< 0,013","2,6"
31008,Miel,Honey,07,0701,000000,331,1410,"0,65","82,1","81,1",0,0,0,"0,01","17,1"
31009,"Chocolat au lait aux céréales croustillantes, tablette","Milk chocolate, with puffed/popped cereals, bar",07,0702,000000,515,2150,"7,15","60,6","50,8","26,6","16,7","2,59","0,52","1,52"
31010,"Chocolat blanc, tablette","White chocolate, bar",07,0702,000000,563,2350,"6,16","57,1",56,"34,2","21,3",1,"0,22","0,81"
31012,Barre ou confiserie chocolatée au lait,"Chocolate confectionery or bar, with milk",07,0702,000000,551,2300,"8,75","50,9","43,3","34,2","16,6","1,7","0,23","2,3"
31013,"Sorbet, bâtonnet","Sorbet, stick",08,0802,000000,103,438,"0,23","24,8","22,4","0,28","0,22","0,34","0,01","77,3"
31014,Pâte de fruits,Fruit jelly or fruit paste,07,0703,000000,336,1420,"1,69","76,6","69,2","1,8","0,17","3,9","0,078",15
31016,Sucre blanc,"Sugar, white",07,0701,000000,399,1700,0,"99,7","99,7",0,0,0,"0,0054","0,23"
31017,Sucre roux,"Sugar, brown",07,0701,000000,393,1670,"0,12","98,1",97,0,0,0,"0,07","1,34"
31018,"Chocolat au lait aux fruits secs (noisettes, amandes, raisins, praline), tablette","Milk chocolate, with dried fruits (nuts, almonds, raisins, praliné), bar",07,0702,000000,559,2330,"8,43","48,7","43,6","35,9",17,"3,52","0,25","1,12"
31020,"Chocolat au lait sans sucres ajoutés, avec édulcorants, tablette","Milk chocolate, no added sugars, with sweeteners, bar",07,0702,000000,487,2020,"5,75","54,2","11,3","34,6","21,2",2,"0,34",-
31021,Ecorce d'orange confite,Candied orange peel,07,0703,000000,307,1300,"0,59","75,6","65,2","0,083","0,033","1,1","0,1",16
31023,Marron glacé,Candied chestnut,07,0703,000000,320,1360,"0,89","77,5","55,3","0,54","0,063","2,67","0,066","18,2"
31024,Confiture de fraise (extra ou classique),"Jam, strawberry",07,0704,000000,248,1060,"0,25","60,5","60,1","0,5","0,11","0,7","0,018","38,4"
31026,"Chocolat blanc aux fruits secs (noisettes, amandes, raisins, praliné) , tablette","White chocolate, with dried fruits (nuts, almonds, raisins, praliné), bar",07,0702,000000,579,2410,"7,64",48,"45,1","39,1","21,8","2,43","0,29","0,5"
31027,Fruit confit,Candied fruit,07,0703,000000,297,1260,"0,25","72,4","62,9","0,063","0,05","3,3","0,14","23,5"
31028,Bonbon dragéifié,Coated candies,07,0703,000000,378,1600,"0,53","89,9","71,9","1,94","0,98","0,13","0,096",-
31030,"Chocolat noir sans sucres ajoutés, avec édulcorants, en tablette","Dark chocolate, no added sugars, with sweetener(s), bar",07,0702,000000,525,2170,"8,48","34,1",2,"42,3","26,6","10,2","0,0063",-
31032,Pâte à tartiner chocolat et noisette,Chocolate spread with hazelnuts,07,0702,000000,549,2290,"5,02","57,9","56,2","32,4","9,18","3,23","0,12","0,38"
31034,Sirop d'érable,Maple syrup,07,0701,000000,269,1140,"0,04","67,2","60,2","0,06","0,007",0,"0,026","32,3"
31035,Barre glacée chocolatée,"Ice cream bar, chocolate",08,0801,000000,354,1480,"4,79",37,"28,8","20,5",13,"1,36","0,23","35,2"
31036,Dragée amande,Sugared almond,07,0703,000000,465,1950,"5,25","75,7","68,3","14,7","1,25","4,6","0,025","1,45"
31037,Confiture d'abricot (extra ou classique),"Jam, apricot",07,0704,000000,246,1050,"0,25","59,7","56,8","0,3","0,029","1,1","0,013","39,2"
31038,Confiture de cerise (extra ou classique),"Jam, cherry",07,0704,000000,238,1010,"0,48","58,1","57,5","0,19","0,000022","1,1","0,013","39,5"
31039,Marmelade d'orange ou confiture d'orange (extra ou classique),"Marmalade or jam, orange",07,0704,000000,245,1040,"0,25","59,3","56,9","0,4","0,14","1,5","0,015","38,1"
31040,Confiture de lait,Dulce de leche or confiture de lait,07,0704,000000,340,1430,"6,7","61,7","49,7","7,35","4,53",0,"0,32","25,4"
31041,Confiserie au chocolat dragéifiée,"Chocolate confectionery, coated",07,0702,000000,505,2110,"5,49","64,9","57,4","24,3",15,"1,98","0,28","1,96"
31042,Cacahuète enrobée de chocolat dragéifiée,Chocolate-coated peanut,07,0702,000000,499,2090,"9,5","55,9","50,5",25,"9,87","5,9","0,12","1,7"
31044,Sucre vanillé,"Sugar, vanilla flavoured",07,0701,000000,397,1690,"0,1","98,6","97,2","0,33","0,053","0,37","0,0075","0,56"
31046,Caramel liquide ou nappage caramel,Liquid caramel,07,0701,000000,324,1380,0,81,61,0,0,0,"0,013",-
31047,Gélifiant pour confitures,Gelling agent for jam,10,1003,000000,278,1170,0,62,62,0,-,15,-,"7,2"
31050,Guimauve ou marshmallow,Marshmallow,07,0703,000000,336,1430,"3,31","80,7","69,9","0,081","0,000013","0,011","0,078","16,4"
31052,Praline,Candied almond or praline,07,0703,000000,483,2030,"8,7","67,7","66,3","19,7","1,5",-,"0,0009",-
31053,"Confiture de prune, par ex. mirabelle, quetsche, reine-claude (extra ou classique)","Jam, plum",07,0704,000000,240,1020,"0,28","58,9",58,"0,089","0,029","1,27","0,011","39,3"
31054,"Chewing-gum, sans sucres","Chewing gum, sugar-free",07,0703,000000,206,861,"0,22",76,"0,088","0,25","0,17","1,95","0,031","4,3"
31059,Bonbon dur et sucette,Hard candy and lollipop,07,0703,000000,384,1630,"0,16","95,3","70,4","0,18","0,087","0,91","0,091","1,3"
31060,Bonbon gélifié,Jelly candy,07,0703,000000,339,1440,"4,88","76,9","58,4","0,53","0,25","1,5","0,02","14,9"
31062,Confiture de framboise (extra ou classique),"Jam, raspberry",07,0704,000000,232,987,"0,56","55,2","55,2","0,17","0,071","2,69","0,013","39,9"
31063,Bouchée chocolat fourrage fruits à coques et/ou praliné,"Chocolate confectionery, filled with nuts and/or praliné",07,0702,000000,558,2330,"9,1","51,5","46,2","34,7","13,6","2,1","0,34",-
31064,Édulcorant à la saccharine,Saccharin sweetener,07,0701,000000,5,"21,3","1,25",0,0,0,0,0,"1,07","0,5"
31066,Rocher chocolat fourré praliné,"Chocolate and nut confectionery, filled with praliné",07,0702,000000,558,2330,"6,53","51,4","49,2","35,3","15,5","3,88","0,14","1,1"
31067,Mélasse de canne,Cane molasses,07,0701,000000,300,1270,0,"74,7","74,7","0,1","0,018",0,"0,093",-
31068,Confiture de myrtille (extra ou classique),"Jam, blueberry",07,0704,000000,245,1040,"0,25","58,9","58,9","0,4","0,047","2,1","< 0,013","37,8"
31069,"Chocolat noir aux fruits (orange, framboise, poire), tablette","Dark chocolate, with fruits (orange, raspberries, pear), bar",07,0702,000000,539,2240,"6,8","45,3","35,7","34,4","22,5","10,3","0,078","1,2"
31070,"Chocolat noir aux fruits secs (noisettes, amandes, raisins, praline), tablette","Dark chocolate, with dried fruits (nuts, almonds, raisin, praliné), bar",07,0702,000000,567,2360,"8,69","40,7","38,2",39,"17,5","8,4","0,03","0,9"
31071,Barre chocolatée aux fruits secs,Chocolate bar with dried fruits,07,0702,000000,494,2060,"7,23","57,6","45,1",26,"9,53","1,53","0,38","4,42"
31072,Chocolat noir fourrage confiseur à la menthe,"Dark chocolate, filled with mint confectionery",07,0702,000000,445,1870,"2,9","70,2",69,16,11,4,traces,"6,2"
31073,"Gâteau moelleux fourré au chocolat et au lait, enrobé de chocolat, préemballé, rayon frais","Soft cake filled with chocolate and milk, with chocolate coating, prepacked, refrigerated",07,0702,000000,449,1870,"5,95","42,4","35,5",28,18,"1,6","0,22","20,5"
31074,"Chocolat noir 70 % de cacao environ, de dégustation, tablette","Dark chocolate, 70% cocoa, bar",07,0702,000000,591,2450,"10,4","26,9","17,9","46,3","28,7","12,8","0,02","0,9"
31076,Edulcorant à base de sucre et aspartame (petits morceaux),Sweetener with sugar and aspartam (little lumps),07,0701,000000,398,1690,"0,81","98,7","98,7",0,0,0,"0,0045","0,5"
31077,Fructose,Fructose,07,0701,000000,399,1700,0,"99,8",95,0,0,0,"0,00025","0,15"
31080,"Chocolat noir fourré praliné, tablette","Dark chocolate, filled with praliné, bar",07,0702,000000,559,2330,"6,38","52,4","48,8","34,8","16,9","5,07","0,039","0,5"
31081,"Bonbon tendre, au caramel","Chewy candy, caramel",07,0703,000000,415,1750,"2,23","79,1","59,8","9,98","5,63","0,19","0,56","1,42"
31082,Préparation de fruits divers (en taux de sucres : confitures allégées en sucres < préparations de fruits < confitures),"Fruit preparation, sweetened, less sugar than classic, but not as reduced as in reduced sugar jams",07,0704,000000,195,830,"0,48","47,3","46,2","0,17","0,036","1,94","0,032","52,9"
31083,"Confiture, autres fruits ou mélange de fruits (extra ou classique)",Other jam,07,0704,000000,244,1040,"0,36","59,8","57,3","0,15","0,06","1,47","0,017","38,4"
31084,"Chocolat au lait fourré au praliné, tablette","Milk chocolate, filled with praliné, bar",07,0702,000000,559,2330,"7,29","52,9","49,9","34,9","16,4","2,51","0,2","0,6"
31085,"Chocolat noir 40% de cacao et plus, à pâtisser, tablette","Dark chocolate, more than 40% cocoa, for cooking, bar",07,0702,000000,546,2280,"6,39","51,4","41,6","33,1",22,"8,76","0,015","0,9"
31087,Édulcorant à base d'extrait de stévia,Stevia sweetener,07,0701,000000,"1,2","5,1","0,16","0,3",traces,"< 0,5",0,0,< 4,"0,3"
31089,Sirop d'agave,Agave syrup,07,0701,000000,-,-,"0,25",78,68,"0,5","< 0,01",0,"0,0072","21,8"
31091,Bouchée/bonbon au chocolat fourrage gaufrettes ou biscuit,"Chocolate confectionery, filled with wafer/biscuit",07,0702,000000,521,2170,"6,5","55,1","42,9","29,4","17,8","4,92","0,32",-
31092,Calisson d'Aix en Provence,Calisson from Aix en Provence (marzipan and candied melon sweet),07,0703,000000,440,1850,"7,97","59,8","49,6",18,"1,74","3,1","0,032",10
31093,"Guimauve ou marshmallow, enrobé de chocolat","Marshmallow, chocolate-coated",07,0703,000000,383,1610,"4,4","67,5","56,4","10,5","6,5","0,45","0,081",14
31094,"Bonbon dur, au caramel","Hard candy, caramel",07,0703,000000,416,1760,"1,33","86,6","72,7","7,09","4,77","0,13","0,87","2,7"
31095,Gelée de groseille (extra ou classique),"Jelly, currant (red)",07,0704,000000,244,1040,"0,25","59,7","58,7","0,044","0,000029","< 0,5","< 0,013","37,9"
31097,Bonbon tendre,Chewy candy,07,0703,000000,392,1660,"0,94","84,3","66,5","5,1","2,99","1,5","0,063","7,3"
31098,Barre chocolat au lait avec nougat,"Chocolate bar, milk chocolate, with nougat",07,0702,000000,532,2220,"5,8","60,5","60,1",29,"17,4","2,9","0,11","0,6"
31100,"Barre céréalière pour petit déjeuner au lait, au chocolat ou non, enrichie en vitamines et minéraux","Cereal bar, for breakfast, with milk, with chocolate or not, fortified with vitamins and minerals",07,0708,000000,382,1620,"7,06","79,5","28,1","3,2","1,74","4,5","0,54","2,7"
31101,"Barre céréalière ""équilibre"" aux fruits, enrichie en vitamines et minéraux","Cereal bar with fruit, fortified with vitamins and minerals",07,0708,000000,382,1610,"6,13","73,3","30,4","6,53","3,5","4,13","0,75","8,45"
31102,"Barre céréalière ""équilibre"" au chocolat, enrichie en vitamines et minéraux","Cereal bar with chocolate, fortified with vitamins and minerals",07,0708,000000,407,1720,"5,99","70,3","32,3","10,9","6,65","3,7","0,7","4,48"
31104,Barre céréalière diététique hypocalorique,"Cereal bar, low calorie",07,0708,000000,391,1640,"5,9",71,"8,5","11,2","9,6","5,8","0,75","6,84"
31106,Barre céréalière au chocolat,Cereal bar with chocolate,07,0708,000000,451,1890,"6,55",73,"32,9","14,9","7,37","4,5","0,51","2,54"
31108,Gelée royale,Royal jelly,10,1003,000000,-,-,13,-,14,4,-,-,-,66
31109,"Pollen, partiellement séché","Pollen, partially dried",10,1003,000000,358,1510,"21,9","52,5","36,5","4,2",-,"11,3","0,22","7,58"
31111,"Pollen, frais","Pollen, fresh",10,1003,000000,304,1280,"17,5","42,3","26,8","5,17","1,81","9,07","0,019","22,7"
31112,"Bonbon gélifié à la réglisse, type rouleau ou batonnet","Jelly candy, liquorice, roll or stick",07,0703,000000,347,1470,"3,62","75,6","46,3","1,55","0,73","8,18","1,05",-
31113,Barre céréalière aux fruits,Cereal bar with fruit,07,0708,000000,379,1600,"5,49","74,1","29,6","7,07","3,44","3,8","0,63","8,68"
31114,Barre céréalière aux amandes ou noisettes,Cereal bar with almonds or hazelnuts,07,0708,000000,444,1860,"8,69","60,6","20,4","18,2","4,03","4,6","0,45","6,5"
31115,Barre céréalière au chocolat et aux fruits,Cereal bar with chocolate and fruits,07,0708,000000,419,1760,"5,7","70,4","34,8","11,8","7,45","4,04","0,56",-
31120,"Chocolat, tablette (aliment moyen)","Chocolate, bar (average)",07,0702,000000,552,2300,"7,57","50,4","45,2","34,2","20,3","5,96","0,13","0,74"
31121,"Chewing-gum, sans précision sur la teneur en sucres (aliment moyen)","Chewing gum, sugar level unknown (average)",07,0703,000000,263,1110,"0,23","79,9","25,4","0,4","0,22","2,71","0,022","3,67"
31122,"Bonbon tendre, au caramel enrobé de chocolat","Chewy candy, caramel, chocolate-coated",07,0703,000000,446,1870,"3,29","69,6","55,5","16,8","11,1","1,8","0,4",6
31124,"Bonbon dur type collier, sifflet, sucette, pastille, au dextrose","Hard candy (necklace, whistle, lollipop, drop), with dextrose",07,0703,000000,376,1600,"0,018","91,1","85,6","1,35","1,18",0,"0,3",-
31125,"Pastille rafraîchissante, sans sucres","Breath mint, sugar-free",07,0703,000000,241,1000,"0,08","96,3","0,19","0,65","0,61","0,4","0,033",-
31126,"Pastille rafraîchissante, sucrée","Breath mint, with sugar(s)",07,0703,000000,390,1660,"0,13","96,7","93,8","0,37","0,27","0,27","0,036",-
31127,Nougat tendre,"Nougat, soft",07,0703,000000,437,1840,"6,98","69,3","60,8","13,9","1,21","3,27","0,045",-
31128,"Bonbon dur et sucette, sans sucres","Hard candy and lollipop, sugar-free",07,0703,000000,235,978,"0,081",96,"0,067","0,44","0,3","0,000019","0,073",-
31129,"Préparation aux fruits divers (35% de fruits min, sucres et autre(s) ingrédient(s))","Fruit preparation, sweetened, 35% fruits minimum, with sugars and other ingredient(s)",07,0704,000000,204,864,"0,81","47,4",45,"0,75","0,089","2,8","0,028",-
32000,"Grains de blé soufflés au miel ou caramel, enrichis en vitamines et minéraux","Puffed wheat, with honey or caramel, fortified with vitamins and minerals",07,0707,000000,390,1650,"7,31","82,8","33,8",2,"0,57",5,"0,01","1,5"
32001,"Céréales pour petit déjeuner chocolatées, non fourrées, enrichies en vitamines et minéraux","Breakfast cereals with chocolate, extruded, not filled, fortified with vitamins and minerals",07,0707,000000,393,1660,"8,19","74,7","22,5","5,1","1,36","7,1","0,3","1,5"
32003,Céréales pour petit déjeuner (aliment moyen),Breakfast cereals (average),07,0707,000000,402,1700,"8,02","73,2","21,2","7,21","1,96","5,99","0,6","3,48"
32004,Muesli (aliment moyen),Muesli (average),07,0707,000000,433,1820,"8,87","63,4","19,4","14,3","3,44","6,9","0,44","4,54"
32005,"Pétales de maïs nature, enrichis en vitamines et minéraux","Corn flakes, plain, fortified with vitamins and minerals",07,0707,000000,368,1560,"6,88",80,"7,59",1,"0,32","5,5","1,01","5,2"
32006,"Riz soufflé nature, enrichi en vitamines et minéraux","Puffed rice, plain, fortified with vitamins and minerals",07,0707,000000,388,1650,7,"86,3","7,9","1,2","0,4",2,1,"1,47"
32008,"Céréales pour petit déjeuner riches en fibres, au chocolat, enrichies en vitamines et minéraux","Breakfast cereals, rich in fibre, with chocolate, fortified with vitamins and minerals",07,0707,000000,389,1640,"9,9","71,9","19,5","4,7","2,15","9,7","0,19",3
32012,"Riz soufflé chocolaté, non enrichi en vitamines et minéraux","Puffed rice, with chocolate, not fortified",07,0707,000000,387,1640,"6,26","83,3","28,2","2,3","1,06","3,9","0,71","2,8"
32013,"Céréales pour petit déjeuner chocolatées, non fourrées, non enrichies en vitamines et minéraux","Breakfast cereals with chocolate, not filled, not fortified",07,0707,000000,387,1640,"8,63","77,7","26,8","3,2","1,14","6,1","0,28","2,7"
32014,"Pétales de maïs nature, non enrichis en vitamines et minéraux","Corn flakes, plain, not fortified",07,0707,000000,372,1580,"6,88","82,4","4,12","0,7","0,31","4,6","1,82","3,4"
32016,"Céréales pour petit déjeuner fourrées au chocolat ou chocolat-noisettes, enrichies en vitamines et minéraux","Breakfast cereals, chocolate or chocolate-hazelnut filling, fortified with vitamins and minerals",07,0707,000000,440,1850,"7,06",67,"26,3",15,"3,57","4,4","0,88","4,5"
32017,"Céréales pour petit déjeuner fourrées au chocolat ou chocolat-noisettes, non enrichies en vitamines et minéraux","Breakfast cereals, chocolate or chocolate-hazelnut filling, not fortified",07,0707,000000,457,1920,7,"67,2","29,1","17,2","3,95","2,3","0,47","4,4"
32018,"Céréales pour petit déjeuner fourrées au lait ou à la vanille, enrichies en vitamines et minéraux","Breakfast cereals, vanilla or milk filling, fortified with vitamins and minerals",07,0707,000000,429,1800,"10,4","63,9",26,"13,4","4,16","4,9","0,56","4,8"
32022,"Pétales de céréales au chocolat, avec ou sans fruits à coque, enrichis en vitamines et minéraux","Cereal flakes with chocolate, with or without nuts, fortified with vitamins and minerals",07,0707,000000,399,1690,8,"74,5","19,2","6,3","3,46",6,"0,75","2,9"
32023,"Pétales de céréales aux fruits, enrichis en vitamines et minéraux","Cereal flakes with fruits, fortified with vitamins and minerals",07,0707,000000,377,1600,"8,1","80,6","14,6","1,58","0,3","4,25","0,77",3
32025,"Pétales de céréales aux fruits à coque, enrichis en vitamines et minéraux","Cereal flakes with nuts, fortified with vitamins and minerals",07,0707,000000,392,1660,"8,97","73,5","23,2","5,53","1,07","6,43","1,04",-
32028,"Pétales de céréales au chocolat, avec ou sans fruits à coque, non enrichis en vitamines et minéraux","Cereal flakes with chocolate, with or without nuts, not fortified",07,0707,000000,413,1740,"7,63","73,6","20,6","8,4","3,81","4,9","0,56","3,1"
32029,"Pétales de céréales aux fruits, non enrichis en vitamines et minéraux","Cereal flakes with fruits, not fortified",07,0707,000000,378,1600,"8,36","79,7","12,7","1,62","0,32","5,44","0,84","3,1"
32030,"Pétales de céréales, nature, sucrées, enrichies en vitamines et minéraux","Cereal flakes, plain, with sugar(s), fortified with vitamins and minerals",07,0707,000000,372,1570,"8,5","77,7","12,6","1,5","0,5",6,"0,85","3,6"
32031,"Céréales pour petit déjeuner, enrichies en vitamines et minéraux (aliment moyen)","Breakfast cereals, fortified with vitamins and minerals (average)",07,0707,000000,408,1720,"7,76","72,8","21,4","8,2","2,2","5,75","0,67","3,23"
32032,"Céréales pour petit déjeuner, non enrichies en vitamines et minéraux (aliment moyen)","Breakfast cereals, not fortified (average)",07,0707,000000,386,1630,"8,45","77,1","23,5","3,39","1,16","6,05","0,43","3,05"
32033,"Céréales pour petit déjeuner riches en fibres, aux fruits ou fruits à coque, enrichies en vitamines et minéraux","Breakfast cereals, rich in fibre, with fruits or nuts, fortified with vitamins and minerals",07,0707,000000,395,1660,"8,63","64,5","23,3",9,"3,95","9,5","0,72","5,4"
32034,"Céréales pour petit déjeuner riches en fibres, aux fruits ou fruits à coque, non enrichies en vitamines et minéraux","Breakfast cereals, rich in fibre, with fruits or nuts, not fortified",07,0707,000000,374,1580,"8,53","71,1","22,3","3,93","2,15","9,9","1,51",-
32035,"Céréales pour petit déjeuner riches en fibres, nature, enrichies en vitamines et minéraux","Breakfast cereals, rich in fibre, plain, fortified with vitamins and minerals",07,0707,000000,361,1520,"11,9","67,7","11,7","2,13","0,6","11,6","1,06","3,53"
32036,"Céréales pour petit déjeuner riches en fibres, nature, non enrichies en vitamines et minéraux","Breakfast cereals, rich in fibre, plain, not fortified",07,0707,000000,368,1560,"8,48","74,8","15,2","1,85","0,4","9,4","0,86",-
32037,"Céréales pour petit déjeuner au chocolat et caramel, extrudées, enrichies en vitamines et minéraux","Breakfast cereals with chocolate and caramel, extruded, fortified with vitamins and minerals",07,0707,000000,410,1730,"8,06","74,7","23,9","7,2","1,32","6,4","0,47","0,6"
32038,"Céréales pour petit déjeuner au chocolat et caramel, extrudées, non enrichies en vitamines et minéraux","Breakfast cereals with chocolate and caramel, extruded, not fortified",07,0707,000000,394,1670,"9,13","76,2",27,"4,43","0,87","6,6","0,62",-
32039,"Céréales pour petit déjeuner fourrées au lait ou à la vanille, non enrichies en vitamines et minéraux","Breakfast cereals, vanilla or milk filling, not fortified",07,0707,000000,440,1850,"7,94","67,5","26,8","14,5","3,23","3,4","0,53","4,9"
32040,"Grains de blé soufflés au miel ou caramel, non enrichis en vitamines et minéraux","Puffed wheat, with honey or caramel, not fortified",07,0707,000000,382,1620,"8,93","77,6",32,"2,52","0,63","6,53","0,02",-
32041,"Mélange de flocons de céréales, nature, non enrichi en vitamines et minéraux","Breakfast cereals, mix of flakes, plain, not fortified",07,0707,000000,341,1440,"10,2","61,7","1,49","3,17","0,6","12,4","0,01",-
32042,"Pétales de céréales, nature, sucrées, non enrichies en vitamines et minéraux","Cereal flakes, plain, with sugar(s), not fortified",07,0707,000000,377,1600,8,"80,1","13,9","1,5","0,52","5,7","0,72","3,2"
32043,"Pétales de céréales, nature, sans sucres ajoutés, non enrichies en vitamines et minéraux","Cereal flakes plain, no added sugars, not fortified",07,0707,000000,369,1560,"12,2","70,2","0,88","2,78","0,42","7,28","1,22",-
32107,"Pétales de maïs glacés au sucre, non enrichis en vitamines et minéraux","Corn flakes, sugar frosted, not fortified",07,0707,000000,381,1620,"6,22","85,4","23,4","0,96","0,36","2,8","1,2",-
32108,"Muesli croustillant aux fruits, avec ou sans fruits à coque et/ou graines, non enrichi en vitamines et minéraux","Granola with fruits, with or without nut and seeds, not fortified",07,0707,000000,442,1860,"8,69","62,7","22,4","15,7","4,43","7,1","0,12","4,1"
32109,"Muesli croustillant au chocolat, non enrichi en vitamines et minéraux","Granola with chocolate, not fortified",07,0707,000000,446,1870,"9,25","64,7","21,5","15,1","5,26","6,8","0,31","2,5"
32110,"Muesli floconneux aux fruits, fruits à coque et/ou graines, enrichi en vitamines et minéraux","Muesli, with fruits, nuts and/or seeds, fortified with vitamins and minerals",07,0707,000000,378,1600,"9,5","68,9","20,3","5,3","0,97","7,4","0,32","6,5"
32111,"Muesli croustillant aux fruits, avec ou sans fruits à coque et/ou graines, enrichi en vitamines et minéraux","Granola with fruits, with or without nut and seeds, fortified with vitamins and minerals",07,0707,000000,464,1950,"8,38","60,4","19,1","19,4","3,58","6,7","0,56","3,1"
32112,"Muesli croustillant au chocolat, enrichi en vitamines et minéraux","Granola with chocolate, fortified with vitamins and minerals",07,0707,000000,469,1970,8,"61,9","22,3","19,7","6,68","5,3","0,49","3,1"
32113,"Muesli floconneux aux fruits, fruits à coque et/ou graines, sans sucres ajoutés, non enrichi","Muesli, with fruits, nuts and/or seeds, no added sugars, not fortified",07,0707,000000,374,1580,"10,3","59,8","13,3","8,1","1,54","8,9","0,023",10
32116,"Céréales pour petit déjeuner très riches en fibres, nature, enrichies en vitamines et minéraux","Breakfast cereals, very rich in fibre, plain, fortified with vitamins and minerals",07,0707,000000,327,1370,"13,4","43,3","10,4","3,8","0,75","33,1","0,51",3
32121,"Pétales de maïs glacés au sucre, enrichis en vitamines et minéraux","Corn flakes, sugar frosted, fortified with vitamins and minerals",07,0707,000000,381,1620,"4,25","88,6","36,4","0,5","0,14","2,3","0,81","3,3"
32129,"Boules de maïs soufflées au miel, non enrichies en vitamines et minéraux","Breakfast cereals, puffed corn with honey, not fortified",07,0707,000000,389,1650,"5,84","87,3","26,3","1,41","0,19","2,01","0,65","2,3"
32130,Blé khorasan complet soufflé,"Khorasan wheat, wholegrain, puffed",07,0707,000000,378,1600,"7,32","80,5","23,4","1,96","0,52","4,4","0,027","5,13"
32131,"Riz soufflé chocolaté, enrichi en vitamines et minéraux","Puffed rice, with chocolate, fortified with vitamins and minerals",07,0707,000000,382,1620,"6,75","81,8",18,2,"1,05","4,5","0,62","3,1"
32133,"Boules de maïs soufflées au miel, enrichies en vitamines et minéraux","Breakfast cereals, puffed corn with honey, fortified with vitamins and minerals",07,0707,000000,384,1630,"5,63","86,6","22,9","0,9","0,24","3,2","0,89","2,3"
32138,"Muesli floconneux aux fruits, fruits à coque et/ou graines, non enrichi en vitamines et minéraux","Muesli, with fruits, nuts and/or seeds, not fortified",07,0707,000000,371,1570,"10,6","60,9","11,7",7,"2,09","9,8","0,058",9
32139,Muesli enrichi en vitamines et minéraux (aliment moyen),"Muesli, fortified with vitamins and minerals (average)",07,0707,000000,436,1840,"8,78","63,6","19,7","14,6","3,51","6,77","0,47","4,25"
32140,Flocons d'avoine,Oat flakes,07,0707,000000,369,1550,"11,4","57,7","1,04","7,82","1,37","11,2","0,011",11
32141,Muesli non enrichi en vitamines et minéraux (aliment moyen),"Muesli, not fortified (average food)",07,0707,000000,409,1720,"9,63","61,8","17,2","11,6","3,3","8,36","0,093","6,37"
32142,"Céréales pour petit déjeuner au miel ou caramel, soufflées ou extrudées, enrichies en vitamines et minéraux","Breakfast cereals, puffed or extruded, with honey or caramel, fortified with vitamins and minerals",07,0707,000000,388,1640,"7,44","75,4","21,8","4,6","0,76","6,3","0,91",3
32143,"Céréales pour petit déjeuner au miel ou caramel, soufflées ou extrudées, non enrichies en vitamines et minéraux","Breakfast cereals, puffed or extruded, with honey or caramel, not fortified",07,0707,000000,382,1620,"6,73","80,1","21,9","2,78","0,62","5,03","0,43",-
32144,"Muesli croustillant aux fruits à coque et/ou graines uniquement, enrichi en vitamines et minéraux","Granola with nuts and/or seeds only, fortified with vitamins and minerals",07,0707,000000,433,1820,"9,77","63,3","14,7","13,8","3,73","8,27","0,56",-
32145,"Muesli croustillant aux fruits à coque et/ou graines uniquement, non enrichi en vitamines et minéraux","Granola with nuts and/or seeds only, not fortified",07,0707,000000,450,1890,10,"61,2","17,2","16,5","2,65","6,7","0,22","2,9"
34000,"Lapin, viande braisée","Rabbit, meat, braised",04,0401,040107,197,828,"30,4",0,0,"8,41","2,51",0,"0,093","58,8"
34001,"Lapin, viande crue","Rabbit, meat, raw",04,0402,040207,188,786,"20,4","0,58",0,"11,6","4,74",0,"0,14","68,1"
34002,"Lapin, viande cuite","Rabbit, meat, cooked",04,0401,040107,167,697,"20,5","0,5",0,"9,2","3,42",0,"0,16","68,2"
34003,"Lapin de garenne, viande crue","Rabbit, wild, meat, raw",04,0402,040207,108,456,"21,8",0,0,"2,32","0,69",0,"0,13","74,5"
34004,"Lapin de garenne, viande cuite","Rabbit, wild, meat, cooked",04,0401,040107,164,691,33,0,0,"3,51","1,05",0,"0,11","61,4"
34500,"Grenouille, cuisse, crue","Frog, leg, raw",04,0408,000000,70,297,"16,2","0,66",0,"0,28","0,073",0,"0,14",82
34501,"Grenouille, cuisse, grillée/poêlée","Frog, leg, grilled/pan-fried without added fat",04,0407,000000,"95,7",405,"21,9","0,015",0,"0,9","0,3",0,"0,22","76,7"
36000,"Poule, viande et peau crues","Hen, meat and skin, raw",04,0402,040203,255,1060,"17,6","0,4",0,"20,3","5,71",0,"0,18","61,8"
36001,"Poule, viande crue","Hen, meat, raw",04,0402,040203,142,595,"21,3",0,0,"6,32","1,57",0,"0,2","72,5"
36002,"Poulet, cuisse, viande et peau crue","Chicken, leg, meat and skin, raw",04,0402,040203,192,799,"17,3",0,traces,"13,5","3,85",0,"0,22","69,2"
36003,"Poulet, viande crue","Chicken, meat, raw",04,0402,040203,109,462,"20,9",0,0,"2,89","0,73",0,"0,19","75,2"
36004,"Poulet, cuisse, viande et peau rôtie/cuite au four","Chicken, leg, meat and skin, roasted/baked",04,0401,040103,205,859,"25,9",traces,0,"11,3","4,44",0,"0,23","62,2"
36005,"Poulet, viande et peau rôties/cuites au four","Chicken, meat and skin, roasted/baked",04,0401,040103,204,856,"28,9",0,0,"9,88","3,08",0,"0,4","59,7"
36006,"Poulet, cuisse, viande rôtie/cuite au four","Chicken leg, meat, roasted/baked",04,0401,040103,171,718,"24,8",0,0,"8,03","2,2",0,"0,26","66,9"
36007,"Poulet blanc, viande et peau crues","Chicken, white race, meat and skin, raw",04,0402,040203,122,513,"20,8",0,-,"4,3",-,0,"0,2","72,3"
36008,"Poulet fermier, viande et peau crues","Chicken, free-range, meat and skin, raw",04,0402,040203,120,504,22,0,0,"3,5","2,3",0,"0,21","70,8"
36014,"Poule, cuisse crue","Hen, leg, raw",04,0402,040203,131,551,"19,6",0,0,"5,92","1,51",0,"0,27","74,4"
36016,"Poulet, viande et peau crues","Chicken, meat and skin, raw",04,0402,040203,173,723,"21,5","0,3",0,"9,54","2,46",0,"0,15","68,4"
36017,"Poulet, filet sans peau cru","Chicken, breast, without skin, raw",04,0402,040203,110,464,"23,4",0,traces,"1,5","0,44",0,"0,11","75,1"
36018,"Poulet, filet sans peau grillé/poêlé","Chicken, breast, without skin, grilled/pan-fried",04,0401,040103,141,598,"30,1",0,traces,2,"0,58",0,"0,14","67,5"
36019,"Poulet, haut de cuisse, viande crue","Chicken high leg, meat, raw",04,0402,040203,116,487,"19,7",0,0,"4,12","1,1",0,"0,24","76,2"
36020,"Poulet éviscéré sans abats, cru","Chicken, eviscerated without offal, raw",04,0402,040203,210,875,"18,6",0,-,"15,1",-,0,"0,18",-
36022,"Poulet, pilon cru","Chicken, drumstick, raw",04,0402,040203,155,648,"18,1",0,0,"9,2","2,46",0,"0,27","72,5"
36023,"Poulet, aile, viande et peau crues","Chicken, wing, meat and skin, raw",04,0402,040203,181,754,"20,4",0,0,11,"3,04",0,"0,22","66,9"
36024,"Poulet, cuisse, viande crue","Chicken, leg, meat, raw",04,0402,040203,114,478,"19,3",0,0,"4,05","1,03",0,"0,23",76
36027,"Nuggets ou croquette panée de poulet, préemballé","Chicken nuggets, breaded croquette, prepacked",01,0103,010301,250,1050,"15,6","19,4","1,3","11,6","2,68","2,4","1,37","48,6"
36029,"Poulet, poitrine, viande et peau crues","Chicken, breast, meat and skin, raw",04,0402,040203,167,697,"20,9",0,0,"9,25","2,66",0,"0,16","69,5"
36030,"Poulet, cuisse, viande bouillie/cuite à l'eau","Chicken leg, meat, boiled/cooked in water",04,0401,040103,188,785,"24,8","0,7",0,"9,52",-,0,"0,23","64,3"
36031,"Poulet, cuisse, viande et peau bouillie/cuite à l'eau","Chicken, leg, meat and skin, boiled/cooked in water",04,0401,040103,187,785,"26,1","< 0,55","< 0,2","9,1","2,64",0,"0,18","64,1"
36032,"Poulet, poitrine, viande et peau rôties/cuites au four","Chicken, breast, meat and skin, roasted/baked",04,0401,040103,189,794,"29,8",0,0,"7,78","2,19",0,"0,18","62,4"
36033,"Poulet, aile, viande et peau rôties/cuites au four","Chicken, wing, meat and skin, roasted/baked",04,0401,040103,247,1030,"23,8",0,0,"16,9","4,98",0,"0,25","59,4"
36035,"Poulet, manchons marinés, préemballés, rôtis/cuits au four","Chicken, marinated wings, prepacked, roasted/baked",01,0103,010301,213,890,"22,4","2,1","0,6","12,6","3,16","0,9","1,69","60,2"
36036,"Escalope panée, viennoise ou milanaise, poulet, cuite",Milanese-style chicken escalope or breaded chicken escalope,01,0103,010301,339,1410,"7,25","21,7","1,9",24,"5,28","3,4","1,26","41,8"
36037,"Poulet, cuisse, viande et peau crues bio","Chicken, leg, meat and skin, raw, organic",04,0402,040203,193,805,"18,1",0,traces,"13,3","3,82",0,"0,19","68,3"
36038,"Poulet, cuisse, viande et peau crues label rouge","Chicken, leg, meat and skin, raw, label rouge",04,0402,040203,173,723,"19,1",0,traces,"10,6","3,03",0,"0,21","69,9"
36039,"Poulet, filet sans peau cru, bio","Chicken, breast, without skin, raw, organic",04,0402,040203,118,497,"24,6",0,traces,"1,8","0,54",0,"0,095","74,1"
36040,"Poulet, filet sans peau cru, label rouge","Chicken, breast, without skin, raw, label rouge",04,0402,040203,113,478,"25,2",0,traces,1,"0,3",0,"0,1","73,8"
36041,"Poulet, filet sans peau grillé/poêlé, bio","Chicken, breast, without skin, grilled/pan-fried, organic",04,0401,040103,144,611,"31,1",0,traces,"1,8","0,62",0,"0,12","67,5"
36042,"Volaille, viande cuite (aliment moyen)","Poultry, meat, cooked (average)",04,0401,000000,152,639,"27,8","0,031",traces,"4,36","1,23",0,"0,2","66,7"
36050,"Chapon, viande et peau crues","Capon, meat and skin, raw",04,0402,040207,195,811,"19,9",0,0,"12,8","1,5",0,"0,14","63,2"
36051,"Chapon, viande et peau rôties/cuites au four","Capon, meat and skin, roasted/baked",04,0401,040107,221,923,29,0,-,"11,7","3,26",0,"0,12","58,7"
36100,"Caille, viande et peau crues","Quail, meat and skin, raw",04,0402,040207,140,585,"19,6",0,0,"6,8","1,91",0,"0,13","69,7"
36101,"Caille, viande crue","Quail, meat, raw",04,0402,040207,128,538,"21,8",0,0,"4,53","1,32",0,"0,13",70
36102,"Caille, viande et peau cuites","Quail, meat and skin, cooked",04,0401,040107,206,860,"26,8",0,0,"10,9","3,51",0,"0,13","60,5"
36200,"Canard, viande et peau rôties/cuites au four","Duck, meat and skin, roasted/baked",04,0401,040107,331,1370,19,0,0,"28,4","9,67",0,"0,15","51,8"
36201,"Canard, viande crue","Duck, meat, raw",04,0402,040207,127,531,"18,3",0,0,"5,95","2,32",0,"0,19","73,8"
36202,"Canard, viande rôtie/cuite au four","Duck, meat, roasted/baked",04,0401,040107,194,811,"23,3",0,0,"11,2","3,95",0,"0,39","63,1"
36203,"Canard, cuisse avec peau, sans os, crue","Duck, leg, meat and skin, raw",04,0402,040207,104,438,"18,7","0,3",-,"3,1","1,05",0,"0,26","72,3"
36204,"Canard, viande et peau crues","Duck, meat and skin, raw",04,0402,040207,273,1130,"17,4",0,0,"22,6","7,47",0,"0,14","58,6"
36205,"Canard, magret grillé/poêlé","Duck, magret, grilled/pan-fried",04,0401,040107,188,789,"26,7",0,0,"9,05","3,35",0,"1,09","61,9"
36206,"Canard, magret cru","Duck, breast fillet, raw",04,0402,040207,337,1390,"17,9","0,1","0,1","29,4","8,95",0,"0,21","53,2"
36300,"Dinde, viande et peau crues","Turkey, meat and skin, raw",04,0402,040204,137,577,"21,6",0,traces,"5,64","1,46",0,"0,28","72,7"
36301,"Dinde, viande crue","Turkey, meat, raw",04,0402,040204,108,456,"22,6",0,0,"1,93","0,46",0,"0,3","75,4"
36302,"Dinde, viande rôtie/cuite au four","Turkey, meat, roasted/baked",04,0401,040104,151,636,"29,1",0,0,"3,84","1,13",0,"0,25","66,7"
36304,"Dinde, escalope crue","Turkey, escalope, raw",04,0402,040204,108,457,"23,7",0,0,"1,48","0,29",0,"0,28","74,9"
36305,"Dinde, cuisse, viande et peau crues","Turkey, leg, meat and skin, raw",04,0402,040204,149,625,"19,7",0,traces,"7,85","2,24",0,"0,23","71,9"
36306,"Dinde, escalope grillée/poêlée","Turkey, escalope, grilled/pan-fried",04,0401,040104,124,524,"28,5",0,-,"1,09","0,51",0,"0,16","66,3"
36307,"Dinde, cuisse, viande crue","Turkey, leg, meat, raw",04,0402,040204,108,454,"21,3",0,0,"2,5","0,68",0,"0,31",76
36308,"Dinde, escalope rôtie/cuite au four","Turkey, escalope, roasted/baked",04,0401,040104,139,589,"30,1",0,0,"2,08","0,59",0,"0,25","67,9"
36310,"Dinde, aile crue","Turkey, wing, raw",04,0402,040204,192,800,"20,2",0,-,"12,3","3,28",0,"0,14","66,5"
36311,"Dinde, haut de cuisse cru","Turkey, leg, raw",04,0402,040204,-,-,-,0,0,"3,69","0,78",0,"0,19","75,6"
36318,"Escalope panée, viennoise ou milanaise, dinde, cuite",Milanese-style turkey escalope or breaded turkey escalope,01,0103,010301,211,882,"14,1","13,5","1,07","10,9","1,53","1,3","1,03",-
36401,"Faisan, viande crue","Pheasant, meat, raw",04,0402,040206,126,533,"23,2",0,0,"3,73","1,27",0,"0,097","71,6"
36402,"Faisan, viande rôtie/cuite au four","Pheasant, meat, roasted/baked",04,0401,040106,239,999,"32,4",0,0,"12,1","3,91",0,"0,11","54,2"
36403,"Faisan, viande et peau crues","Pheasant, meat and skin, raw",04,0402,040206,164,688,"23,2",0,0,"7,95","3,51",0,"0,09","67,8"
36500,"Oie, viande crue","Goose, meat, raw",04,0402,040207,155,651,"22,8",0,traces,"7,13","2,79",0,"0,22","68,3"
36501,"Oie, viande et peau crues","Goose, meat and skin, raw",04,0402,040207,366,1510,"15,9",0,traces,"33,6","9,78",0,"0,18","49,7"
36502,"Oie, viande rôtie/cuite au four","Goose, meat, roasted/baked",04,0401,040107,230,961,29,0,-,"12,7",-,0,"0,19","57,2"
36503,"Oie, viande et peau rôties/cuites au four","Goose, meat and skin, roasted/baked",04,0401,040107,298,1240,"25,2",0,0,"21,9","6,87",0,"0,18",52
36600,"Pigeon, viande crue","Pigeon, meat, raw",04,0402,040207,213,885,18,0,0,"15,7","5,2",0,"0,13","64,7"
36602,"Pigeon, viande rôtie/cuite au four","Pigeon, meat, roasted/baked",04,0401,040107,213,887,"23,9",0,0,13,"3,74",0,"0,14",62
36603,"Gibier à plumes, viande, cuit (aliment moyen)","Feathered game, meat, cooked (average)",04,0401,040106,203,847,"24,9",0,0,"11,5","4,05",0,"0,69","61,5"
36700,"Pintade, viande crue","Guinea fowl, meat, raw",04,0402,040207,128,539,22,0,0,"4,46","1,21",0,"0,17","71,7"
36702,"Pintade, poitrine crue","Guinea fowl, breast, raw",04,0402,040207,107,453,"25,1",0,0,"0,7","0,23",0,"0,13","75,3"
36703,"Pintade, cuisse crue","Guinea fowl, leg, raw",04,0402,040207,118,498,"22,8","0,2","0,2","2,9","0,94",0,"0,18","73,6"
36800,"Autruche, viande crue","Ostrich, meat, raw",04,0402,040207,159,666,"20,2",0,0,"8,7",-,0,"0,18","71,1"
36801,"Autruche, viande cuite","Ostrich, meat, cooked",04,0401,040107,168,706,"26,2",0,0,"7,07",-,0,"0,2","67,1"
36900,"Volaille, cuite (aliment moyen)","Poultry, cooked (average)",04,0401,000000,167,704,"27,3","0,033","0,0037","6,37","2,07","0,0029","0,25","65,2"
37000,"Base de pizza (pâte et sauce à la crème), crue","Base for pizza (dough + cream sauce), raw",10,1003,000000,261,1100,"7,7","51,1","1,8","2,6","0,8",1,"1,75",-
37001,"Pâte à pizza, préemballée, crue","Pizza dough, prepacked, raw",03,0305,000000,240,1020,"7,05","44,2","1,4","3,45","0,25","2,2","1,31",-
37002,"Base de pizza (pâte et sauce à la tomate), crue","Base for pizza (dough + tomato sauce), raw",10,1003,000000,232,983,"6,9","44,6","1,5","2,7","0,8",1,"1,75",-
38104,"Chips, beignet ou pétale à la crevette",Prawn crackers,03,0303,000000,508,2130,"3,1","63,7","7,1","26,6","2,4",1,"1,53","3,5"
38105,"Chips de maïs ou tortilla chips, aromatisé","Maiz/corn chips or tortilla chips, flavoured",03,0303,000000,499,2090,"6,53","59,1","2,79","25,4","10,4","4,16","1,49","2,6"
38106,"Biscuit ou cracker apéritif, soufflé, goût pomme de terre","Puffed salty snacks, potato flavour",03,0303,000000,475,1990,"4,59","60,6","1,39",23,"6,49","3,74","3,08","3,53"
38107,"Biscuit ou cracker apéritif, mini bretzel ou sticks","Salty snacks, crackers, mini pretzels or sticks",03,0303,000000,376,1590,"11,2","73,7",2,"3,13","1,4","4,32","4,43","2,9"
38109,"Biscuit apéritif, mini-chou fourré, préemballé","Salty snack, filled, prepacked",03,0303,000000,651,2700,"10,7","28,2","5,54","54,7","41,9","1,44","1,49",-
38399,Biscuit ou cracker apéritif (aliment moyen),"Salty snacks, crackers (average)",03,0303,000000,480,2010,"10,2","61,2","4,41","20,9","10,6","3,34","2,59","1,46"
38401,"Biscuit ou cracker apéritif, à base de blé, au fromage","Salty snacks, crackers, made from wheat, with cheese",03,0303,000000,519,2170,"14,8",47,"4,36","29,4","13,8","3,86","1,88","2,35"
38402,"Biscuit ou cracker apéritif, à base de blé, nature ou aromatisé","Salty snacks, crackers, made from wheat, plain or flavoured",03,0303,000000,499,2090,"10,4","59,1","5,45","23,8","12,2","3,12","2,32","0,89"
38403,"Biscuit ou cracker apéritif, à base de blé, nature, allégé en matière grasse","Salty snacks, crackers, made from wheat, plain, reduced fat",03,0303,000000,410,1730,"6,53","73,1","3,97","9,33","4,67","3,67",3,"4,05"
38404,"Biscuit ou cracker apéritif, soufflé, goût cacahuète","Puffed salty snacks, peanut flavour",03,0303,000000,487,2040,"13,3","54,8","3,13","22,9","5,94","3,99","1,88","2,33"
38405,"Biscuit ou cracker apéritif, tuile, à base de pomme de terre","Salty snacks, crackers, made from potato",03,0303,000000,521,2180,"4,63","59,1","2,86","28,8","9,02","3,31","1,62","1,85"
38406,"Cacahuète enrobée d'un biscuit salé ou aromatisé, pour apéritif",Peanuts coated with savoury biscuit (with salt or flavoured),03,0303,000000,518,2160,"15,8","45,4","4,51","29,7","7,8","3,18","2,82",-
38407,"Biscuit ou cracker apéritif, feuilleté (flûtes, torsades, palmiers…), sans fromage","Salty snacks, crackers, puff pastry, without cheese",03,0303,000000,476,1990,"10,9","59,7","1,74","20,7","13,1","3,68","2,55","2,5"
38408,"Biscuit apéritif, crêpe dentelle fourrée, préemballée","Salted crispy crepe, filled, prepacked",03,0303,000000,555,2310,"9,3","48,8","14,2","35,6","23,3","1,25","1,73",-
38410,"Biscuit ou cracker apéritif, feuilleté (flûtes, torsades, palmiers…), au fromage","Salty snacks, crackers, puff pastry, with cheese",03,0303,000000,524,2190,"13,1","50,2","2,14","29,6","19,1","2,2","2,53","2,3"
38411,"Biscuit ou cracker apéritif, à base de blé, assortiment","Salty snacks, crackers, made from wheat, various types",03,0303,000000,501,2100,"8,88","58,2","6,87","25,3","5,76","2,78","1,88",-
38413,"Biscuit ou cracker apéritif, gaufrette fourrée","Salty snacks, crackers, mini waffle, filled",03,0303,000000,585,2430,"10,4","39,6","9,44","42,4","37,4","2,19","1,86","2,51"
38414,"Gressin, au sésame","Grissini or bread stick, with sesame",03,0303,000000,443,1860,14,"59,3","3,06","15,7","5,24","4,64","1,7",-
38415,"Gressin, au sésame, allégé en matière grasse","Grissini or bread stick, with sesame, reduced fat",03,0303,000000,427,1800,"15,4","56,8","1,9","13,9","3,1","6,77","1,81",-
38416,"Biscuit ou cracker apéritif, à base de riz et cacahuètes enrobées, mélange japonais","Salty snacks, crackers made from rice and coated peanuts, japanese style",03,0303,000000,409,1730,"10,8",72,"10,1","8,27","1,91","1,94",1,-
38417,"Chips de maïs ou tortilla chips, nature","Maize/corn chips or tortilla chips, plain",03,0303,000000,488,2050,"6,68","62,6","1,1","22,5","7,5","4,33","0,88","2,64"
38419,"Biscuit ou cracker apéritif, soufflé, goût bacon","Puffed salty snacks, bacon flavour",03,0303,000000,513,2150,"6,5","62,2","1,55","25,9","8,55","2,45","2,2",-
38420,"Biscuit ou cracker apéritif, soufflé, nature","Puffed salty snacks, plain",03,0303,000000,464,1950,"7,17",64,"3,74","19,2","7,84","3,53","2,67","2,97"
38421,"Biscuit ou cracker apéritif, soufflé, goût fromage","Puffed salty snacks, cheese flavour",03,0303,000000,510,2130,"7,29","57,6","3,26","27,3","12,8","2,64","2,24","2,17"
38422,"Biscuit ou cracker apéritif, soufflé, sans précision (aliment moyen)",Puffed salty snacks (average),03,0303,000000,535,2230,"10,5","48,8","9,63","32,6","27,3","2,12","1,61","2,51"
38500,"Croûton, à l'ail, aux fines herbes ou aux oignons, préemballé","Crouton with garlic, herbs or onions, prepacked",03,0302,030202,484,2030,"8,87",59,"4,33","22,9","3,04","3,37","2,56","3,4"
38501,"Croûton, au fromage, préemballé","Crouton with cheese, prepacked",03,0302,030202,535,2230,"8,24","52,3",4,32,"5,21","2,67","1,7",-
39001,"Milkshake, de restauration rapide","Milkshake, from fast food",05,0502,050203,126,530,"3,32","17,4","13,6","4,66","2,68","0,65","0,21","71,9"
39200,"Crème dessert au chocolat, rayon frais","Custard dessert, chocolate, refrigerated",05,0502,050203,121,510,"3,39","17,9","15,4","3,55","2,26","1,5","0,16","72,3"
39206,"Mousse au chocolat (base laitière), rayon frais","Chocolate mousse (milk-based), refrigerated",05,0502,050203,155,649,"4,95","20,3","19,3","5,45","3,59","1,82","0,18","65,8"
39209,"Crème caramel, rayon frais","Caramel custard, refrigerated",05,0502,050203,155,651,"4,65",21,"19,3","5,74","3,54","0,32","0,15",69
39210,"Mousse au chocolat traditionnelle, rayon frais","Chocolate mousse, traditional, refrigerated",05,0502,050204,319,1330,"7,23","23,8","21,4","21,1","12,5","2,74","0,28",-
39211,"Crème aux oeufs (petit pot de crème chocolat, vanille, etc.), rayon frais","Custard with eggs (small jar of chocolate or vanilla cream), refrigerated",05,0502,050203,162,679,"4,25","17,5","12,9","8,1","4,84","0,9","0,14","68,2"
39212,"Riz au lait vanille, cannelle ou nature, rayon frais","Rice pudding, vanilla, cinnamon or plain, refrigerated",05,0502,050203,121,509,"2,94","18,9","10,8","3,4","2,07","1,2","0,11","72,8"
39213,"Crème brûlée, rayon frais","Caramelized custard cream (crème brûlée), refrigerated",05,0502,050203,269,1120,"4,35","17,5","16,3","20,1","13,1","0,32","0,11","54,7"
39214,"Crème dessert à la vanille, appertisée","Custard dessert, vanilla, canned",05,0502,050203,133,561,"3,77","21,1",16,"3,62","1,8","0,5","0,17","73,3"
39215,"Ile flottante, rayon frais","Floating island (meringue poached in milk and served in a light custard cream), refrigerated",05,0502,050203,131,555,"4,6","21,4","19,4","3,05","1,53","0,067","0,12","70,1"
39216,"Clafoutis aux fruits, rayon frais","Fruits batter-pudding, refrigerated",05,0502,050204,198,835,"5,1","29,4","22,1","6,39","4,01","1,54","0,19","58,5"
39218,"Semoule au lait, rayon frais","Semolina pudding, refrigerated",05,0502,050203,132,555,"3,34","18,9","12,8","4,73","2,24","0,33","0,11","67,2"
39220,"Liégeois aux fruits, rayon frais","Fruit liegeois, refrigerated",05,0502,050204,145,606,"1,15","17,7","16,5","7,26","4,75","1,37","0,048","72,3"
39229,"Crème dessert à la vanille, rayon frais","Custard dessert, vanilla, refrigerated",05,0502,050203,103,436,"2,92","16,2","13,8","2,88","1,88","0,11","0,12","76,9"
39230,"Crème dessert, rayon frais (aliment moyen)","Custard dessert, refrigerated (average)",05,0502,050203,138,579,"3,43","17,4","14,9","5,82","3,74","0,77","0,14","71,2"
39233,"Fondant au chocolat noir et crème anglaise, rayon frais","Dark chocolate fondant with light custard cream, refrigerated",05,0502,050204,211,881,"4,5",19,14,13,8,-,"0,1","61,4"
39234,"Gâteau au chocolat, coeur fondant, rayon frais","Chocolate cake, with creamy chocolate heart, refrigerated",05,0502,050204,373,1560,"6,56","41,2","30,4","19,5","12,2","3,07","0,14",-
39235,"Mousse liégeoise (chocolat, café, caramel ou vanille), rayon frais","Mousse (chocolate, coffee, caramel or vanilla) topped with whipped cream, refrigerated",05,0502,050203,177,739,"3,67","19,2","17,7","9,35","6,25","0,57","0,13",-
39236,Pain perdu,French toast,05,0502,050204,226,947,6,"30,8","14,1","8,45","2,13","1,1","1,22","53,7"
39246,"Crème dessert au café, rayon frais","Custard dessert, coffee, refrigerated",05,0502,050203,118,494,"2,8","17,3","14,4","4,09","2,74","0,075","0,16","76,1"
39247,"Crème dessert au caramel, rayon frais","Custard dessert, caramel, refrigerated",05,0502,050203,108,458,"2,83","18,1","14,2","2,68","1,75","0,078","0,19","75,3"
39248,"Mousse au chocolat végétale, rayon frais","Chocolate mousse, plant-based, refrigerated",05,0502,050205,262,1090,"6,69","24,3","23,1",14,"9,04","5,1","0,36","48,1"
39249,"Mousse aux fruits, au fromage frais, 0% MG, sucrée, avec édulcorants, enrichie en calcium, rayon frais","Fruit mousse, with cottage cheese, 0% fat, with sugar(s) and sweetener(s), fortified with calcium, refrigerated",05,0502,050203,"51,7",219,"6,13","5,51","4,31","< 0,3","< 0,01","1,2","0,09","85,4"
39250,"Mousse aux fruits, au fromage frais, sucrée, rayon frais","Fruit mousse, with cottage cheese, with sugar(s), refrigerated",05,0502,050203,144,603,"4,92","14,4","11,6","7,39","4,79","0,033","0,096",-
39251,"Riz au lait, au caramel, rayon frais","Rice pudding with caramel, refrigerated",05,0502,050203,146,615,"2,89","24,5","16,5",4,"2,58","0,1","0,16",-
39252,"Riz au lait, rhum raisins, rayon frais","Rice pudding with rhum and raisins, refrigerated",05,0502,050203,133,560,"2,97","22,3","15,1","3,44","2,17","0,28","0,13",-
39253,"Mousse au chocolat ou café, sur ganache, rayon frais","Chocolate or coffee mousse, on ganache cream, refrigerated",05,0502,050203,360,1490,"4,49","17,5",15,"29,7","20,8","2,67","0,14",-
39254,"Crème dessert au chocolat et billes de céréales chocolatées, rayon frais","Custard dessert, chocolate, with chocolate-coated cereals, refrigerated",05,0502,050203,140,588,"3,78","22,5","19,3","3,78","2,28","0,38","0,18",-
39400,"Lait de poule, sans alcool","Eggnog, without alcohol",05,0502,050204,"87,8",368,"4,46","8,05","8,05","4,19","2,59",0,"0,14","82,5"
39401,Pêche melba,Peach melba (with vanilla ice cream and raspberry sauce),08,0803,000000,119,500,"2,02","18,8","18,2","3,62","1,71","1,54","0,063","73,5"
39500,"Glace à l'eau ou sorbet ou crème glacée, tout parfum (aliment moyen)","Ice cream or sorbet or ice pop, any flavour (average)",08,0000,000000,249,1040,"2,68",32,"25,3","11,9","8,45","1,06","0,14","50,8"
39502,Dessert glacé type mystère ou vacherin,"Frozen dessert, ice cream with meringue",08,0803,000000,226,948,"2,8","32,9","29,1",9,"5,21","1,15","0,11","56,7"
39503,"Glace ou crème glacée, bâtonnet enrobage chocolat","Ice cream, stick, chocolate-coated",08,0801,000000,329,1370,"3,23","33,3","27,8",20,14,"1,21","0,17","41,3"
39505,"Crème dessert, appertisée (aliment moyen)","Custard dessert, canned (average)",05,0502,050203,136,571,"3,46","21,5","16,4","3,51","1,19","2,12","0,13",71
39506,"Crème dessert au chocolat, appertisée","Custard dessert, chocolate, canned",05,0502,050203,138,580,"3,18","21,8","16,8","3,42","0,63","3,6","0,1",69
39509,"Glace ou crème glacée, cône (taille standard)","Ice cream, cone (normal size)",08,0801,000000,290,1220,"3,44","36,8","25,1","13,5","9,77",< 3,"0,13","42,5"
39511,"Crème dessert, rayon frais ou appertisée (aliment moyen)","Custard dessert, refrigerated or canned (average)",05,0502,050203,138,579,"3,43","17,6",15,"5,75","3,66","0,81","0,14","71,2"
39512,Dessert glacé type sundae,"Frozen dessert, Sundae ice cream type",08,0803,000000,211,886,"2,37","30,8",27,"8,7","6,98","0,33","0,22","54,4"
39515,"Glace ou crème glacée, en bac","Ice cream, in box",08,0801,000000,191,800,"2,5","26,1","21,9","8,4","5,44",< 3,"0,12","60,5"
39516,"Dessert glacé feuilleté, à partager","Frozen dessert, crispy chocolate and ice cream, to share",08,0803,000000,242,1010,"2,31","27,3","23,5","13,6","10,8","0,84","0,14","54,2"
39517,Glace au yaourt,Frozen yogurt,08,0801,000000,126,533,"3,38","22,7","20,7","2,2","1,44",< 3,"0,093","68,8"
39518,Omelette norvégienne,Baked Alaska,08,0803,000000,212,893,"3,6","34,8","32,7","6,5","3,9","< 0,5","0,15","54,3"
39519,Poire belle Hélène,Belle Helene pear (cooked pear topped with hot chocolate sauce on a bed of vanilla ice cream),08,0803,000000,196,822,"2,68","23,5",21,"9,57","5,19","2,76","0,039","60,7"
39520,"Glace ou crème glacée, gourmande, en bac","Ice cream, gourmet, in box",08,0801,000000,231,970,"3,26","29,4","24,8",11,"6,78","0,91","0,19",-
39521,"Glace ou crème glacée, gourmande, en pot","Ice cream, gourmet, in cup",08,0801,000000,256,1070,"3,86","29,2","24,9","13,6","8,33",1,"0,22","52,8"
39522,"Glace ou crème glacée, mini cône","Ice cream, cone, mini",08,0801,000000,351,1470,"3,81","40,2","28,1",19,"14,2","1,96","0,15",-
39523,"Glace ou crème glacée, pot individuel","Ice cream, in individual cup",08,0801,000000,233,971,"3,57","23,3","18,9","13,8","9,23","0,74","0,16","56,6"
39524,"Sorbet, en bac","Sorbet, in box",08,0802,000000,122,519,"0,4","28,7","24,9","0,56","0,33","0,99","0,04","67,1"
39525,"Sorbet, pot individuel","Sorbet,  in individual cup",08,0802,000000,126,532,"0,49","28,4","25,5","1,03","0,83","0,96","0,055",-
39526,Glace à l'eau,Ice lolly,08,0802,000000,"83,8",356,"0,17","20,5","19,4","0,17","0,1","0,26","0,02","81,8"
39527,"Glace ou crème glacée, bac ou pot (aliment moyen)","Ice cream, box or cup (average)",08,0801,000000,171,716,"2,78",25,"21,5","6,45","4,18","1,5","0,11","63,1"
39528,"Sorbet, cône","Sorbet, cone",08,0802,000000,216,908,"1,79","38,2","27,7","5,78","4,7","1,85","0,088",-
39529,Nougat glacé,Iced nougat,08,0803,000000,249,1040,"4,38","26,4",23,"13,4","5,86","2,41","0,093","52,3"
39530,Citron givré ou orange givrée (sorbet),Frosted lemon or orange (sorbet),08,0803,000000,133,563,"0,14","29,1","24,4","1,77",traces,traces,"0,034",-
39531,"Glace ou crème glacée, petit pot enfant","Ice cream, in cup for children",08,0801,000000,170,713,"2,27","24,9","21,8","6,64","5,42","0,67","0,14","62,5"
39532,Coupe glacée type café ou chocolat liégeois,"Goblet of ice cream, coffe or chocolate ice cream topped with whipped cream",08,0803,000000,210,882,"2,66","28,7","25,8","9,24","6,92","0,9","0,15",-
39533,Bûche glacée,Ice cream log,08,0803,000000,219,917,"2,74","29,8","25,6","9,61","6,43","1,04","0,16",-
39534,Coupe glacée parfum pêche Melba ou poire Belle-Hélène,"Goblet of ice cream, Belle-Hélène pear or Melba peach-style",08,0803,000000,160,674,"1,43","28,9","23,8","4,07","2,49","0,89","0,08",-
39535,"Glace ou crème glacée, bâtonnet enrobage fruits","Ice cream, stick, fruit-coated",08,0801,000000,160,674,"1,49","26,8","22,2","5,14","3,72","0,4","0,086",-
39700,"Crème anglaise, préemballée","Light custard cream with vanilla, prepacked",10,1001,100103,"97,3",410,"3,44","14,8","12,9","2,5","1,55",1,"0,13","77,7"
39710,"Crème pâtissière instantanée, reconstituée","Pastry cream or custard, instant, reconstituted",05,0502,050204,120,504,"3,79",18,"15,3","3,6","1,87",0,"0,2","69,7"
40002,"Cervelle, agneau, crue","Brain, lamb, raw",04,0402,040208,121,503,"10,4","0,49",-,"8,58","2,19",0,"0,28","79,2"
40003,"Cervelle, agneau, cuite","Brain, lamb, cooked",04,0401,040108,142,593,"12,6","0,19",-,"10,2","2,6",0,"0,34","75,7"
40004,"Cervelle, porc, braisée","Brain, pork, braised",04,0401,040108,174,722,"12,4","< 0,05",-,"13,8","3,14",0,"0,33","73,8"
40005,"Cervelle, porc, crue","Brain, pork, raw",04,0402,040208,128,533,"10,3","1,02",-,"9,21","2,08",0,"0,3","78,4"
40006,"Cervelle, veau, crue","Brain, calf, raw",04,0402,040208,116,485,"10,3","0,33",-,"8,21","1,91",0,"0,32","79,8"
40007,"Cervelle, veau, cuite","Brain, calf, cooked",04,0401,040108,135,562,"11,5","0,6",-,"9,63","2,18",0,"0,39","76,9"
40052,"Coeur, boeuf, cru","Heart, beef, raw",04,0402,040208,103,433,"18,5","0,6",0,"2,95","0,74",0,"0,2",79
40053,"Coeur, boeuf, cuit","Heart, beef, cooked",04,0401,040108,133,558,23,0,0,"4,5","1,81",0,"0,15",-
40054,"Coeur, poulet, cru","Heart, chicken, raw",04,0402,040208,149,622,"15,6","0,71",-,"9,33","2,66",0,"0,19","73,6"
40055,"Coeur, dinde, cru","Heart, turkey, raw",04,0402,040208,135,566,"16,7","0,4",0,"7,44","1,92",0,"0,32","74,5"
40056,"Coeur, poulet, cuit","Heart, chicken, cooked",04,0401,040108,177,744,"26,4","0,1",-,"7,92","2,26",0,"0,12","64,9"
40057,"Coeur, dinde, cuit","Heart, turkey, cooked",04,0401,040108,167,701,"24,9",0,0,"7,52","1,9",0,"0,35","67,2"
40058,"Coeur, agneau, cru","Heart, lamb, raw",04,0402,040208,118,494,"16,5","0,21","0,21","5,68","2,25",0,"0,22","76,7"
40059,"Coeur, agneau, cuit","Heart, lamb, cooked",04,0401,040108,179,750,25,"1,93",-,"7,91","3,14",0,"0,16","64,2"
40060,"Coeur, porc, cru","Heart, pork, raw",04,0402,040208,114,477,"17,3","1,32",0,"4,36","1,16",0,"0,14","76,2"
40062,"Coeur, veau, cru","Heart, calf, raw",04,0402,040208,105,441,"17,2","0,08",-,"3,98","1,07",0,"0,19","77,7"
40102,"Foie, agneau, cru","Liver, lamb, raw",04,0402,040208,137,575,"21,8","0,16","0,16","5,45","1,45",0,"0,14","71,2"
40103,"Foie, agneau, cuit","Liver, lamb, cooked",04,0401,040108,162,680,23,"4,37",-,"5,8","1,81",0,"0,31",65
40104,"Foie, génisse, cru","Liver, heifer, raw",04,0402,040208,136,573,21,"3,33",0,"4,3","1,66",0,"0,15",70
40105,"Foie, génisse, cuit","Liver, heifer, cooked",04,0401,040108,165,695,"26,3","2,2",0,"5,71","1,69",0,"0,19","64,1"
40106,"Foie, veau, cru","Liver, calf, raw",04,0402,040208,120,505,"15,5","5,64",0,"3,4","1,31",0,"0,16","71,6"
40107,"Foie, veau, cuit","Liver, calf, cooked",04,0401,040108,140,592,19,"9,23",-,"3,02","0,98",0,"0,21","67,7"
40108,"Foie, volaille, cru","Liver, poultry, raw",04,0402,040208,134,563,"21,5","1,25",0,"4,75","1,5",0,"0,22",-
40109,"Foie, volaille, cuit","Liver, poultry, cooked",04,0401,040108,164,687,"25,8",0,-,"6,4","2,5",0,"0,25","65,4"
40110,"Foie, lapin, cru","Liver, rabbit, raw",04,0402,040208,134,563,19,"5,39","3,75",4,"1,09",0,"0,17","70,8"
40111,"Foie, poulet, cru","Liver, chicken, raw",04,0402,040208,114,479,"16,9","0,73",0,"4,83","1,56",0,"0,18","76,5"
40113,"Foie, porc, cuit","Liver, pork, cooked",04,0401,040108,159,669,26,"3,76",-,"4,4","1,41",0,"0,12","64,3"
40115,"Foie, dinde, cru","Liver, turkey, raw",04,0402,040208,123,514,"18,3",0,0,"5,5","1,66",0,"0,33","75,5"
40116,"Foie, poulet, cuit","Liver, chicken, cooked",04,0401,040108,160,671,"24,5","0,86",0,"6,51","2,06",0,"0,19","66,8"
40118,"Foie, dinde, cuit","Liver, turkey, cooked",04,0401,040108,182,762,27,0,0,"8,18","2,3",0,"0,25",64
40119,"Foie, porc, cru","Liver, pork, raw",04,0402,040208,124,523,"20,6","1,06","1,06","4,2","1,66",0,"0,34","72,7"
40120,"Foie, oie, cru","Liver, goose, raw",04,0402,040208,129,544,"16,4","6,32",-,"4,28","1,59",0,"0,35","71,8"
40121,"Foie, canard, cru","Liver, duck, raw",04,0402,040208,131,550,"18,7","3,52",-,"4,64","1,44",0,"0,35","71,8"
40201,"Langue, veau, cuite","Tongue, calf, cooked",04,0401,040108,237,986,21,0,-,17,"4,83",0,"0,16","64,1"
40202,"Langue, boeuf, crue","Tongue, beef, raw",04,0402,040208,195,811,"16,8","0,82","0,3","13,8","4,69",0,"0,17","67,7"
40203,"Langue, boeuf, cuite","Tongue, beef, cooked",04,0401,040108,236,985,"23,7","0,22",0,"15,6","6,05",0,"0,16","59,6"
40204,"Langue, veau, crue","Tongue, calf, raw",04,0402,040208,181,752,"16,9","0,83",-,"12,2","5,1",0,"0,23","69,2"
40205,"Langue, porc, crue","Tongue, pork, raw",04,0402,040208,222,922,"16,3","0,5",0,"17,2","5,96",0,"0,28","65,9"
40207,"Langue, agneau, crue","Tongue, lamb, raw",04,0402,040208,167,695,"15,4","1,75","< 0,5","10,9","3,52",0,"0,25",71
40302,"Ris, agneau, cru","Sweetbread, lamb, raw",04,0402,040208,148,619,"14,8","0,17",0,"9,82","4,44",0,"0,19","73,8"
40303,"Ris, agneau, cuit","Sweetbread, lamb, cooked",04,0401,040108,228,952,"22,8","0,25",-,"15,1","6,84",0,"0,13","59,7"
40304,"Ris, veau, cru","Sweetbread, calf, raw",04,0402,040208,"96,5",406,"17,2",0,0,"3,07","0,81",0,"0,17","79,2"
40305,"Ris, veau, braisé ou grillé/poêlé","Sweetbread, calf, braised or grilled/pan-fried",04,0401,040108,174,733,21,"9,52",0,"5,8","1,65",0,"0,15","60,8"
40401,"Rognon, cuit (aliment moyen)","Kidney, cooked (average)",04,0401,040108,165,695,"26,3","0,018",0,"6,68","2,08",0,"0,25","67,5"
40402,"Rognon, boeuf, cru","Kidney, beef, raw",04,0402,040208,"95,7",403,"17,1","0,85",0,"2,65","0,5",0,"0,42","79,8"
40403,"Rognon, boeuf, cuit","Kidney, beef, cooked",04,0401,040108,171,718,27,0,0,7,"2,2",0,"0,24","66,9"
40404,"Rognon, porc, cru","Kidney, pork, raw",04,0402,040208,"99,5",419,"16,5","1,1",traces,"3,25","1,04",0,"0,3","80,1"
40405,"Rognon, porc, cuit","Kidney, pork, cooked",04,0401,040108,144,606,"25,4",0,-,"4,7","1,51",0,"0,2","68,7"
40406,"Rognon, agneau, braisé","Kidney, lamb, braised",04,0401,040108,131,553,"23,7","0,99",0,"3,62","1,23",0,"0,38","70,5"
40407,"Rognon, agneau, cru","Kidney, lamb, raw",04,0402,040208,"93,9",395,"14,7","1,08","< 0,5","3,43","0,93",0,"0,52","79,7"
40408,"Rognon, veau, braisé ou grillé/poêlé","Kidney, veal, braised or grilled/pan-fried",04,0401,040108,167,701,26,0,0,7,"2,14",0,"0,28","67,7"
40409,"Rognon, veau, cru","Kidney, calf, raw",04,0402,040208,"94,5",398,"15,8","0,85",-,"3,12","0,96",0,"0,45","79,1"
40502,"Tripes, boeuf, crues","Tripe, beef, raw",04,0402,040208,"81,5",342,"12,1",0,0,"3,69","1,29",0,"0,24","84,2"
40600,"Sang, boeuf, cru","Blood, beef, raw",04,0402,040208,"82,1",349,"19,5","0,8","0,8","0,12","0,04",0,"0,6","80,5"
40601,"Abat, cuit (aliment moyen)","Offal, cooked (average)",04,0401,040108,159,672,"27,4","2,18","< 0,12","4,58","1,54","< 0,45","0,97","64,1"
40700,"Gésier, poulet, cru","Gizzard, chicken, raw",04,0402,040208,"99,1",417,"16,8",0,0,"3,53","1,01",0,"0,19","79,3"
40701,"Gésier, canard, confit, appertisé","Preserved gizzards, duck, canned",04,0401,040108,148,628,"32,4",0,"< 0,2","2,1","0,7",< 1,"1,92","63,4"
42000,"Substitut de repas hypocalorique, crème dessert","Meal replacement, low calorie, custard cream dessert type",10,1008,000000,"89,4",376,"6,3","9,29","6,57","2,75","0,98","1,18","0,21","79,6"
42003,"Substitut de repas hypocalorique, prêt à boire","Meal replacement, low calorie, ready-to-drink",10,1008,000000,"87,9",370,"6,65","9,8","7,2","2,45","0,55","< 0,5","0,19","79,7"
42004,"Substitut de repas hypocalorique, poudre reconstituée avec lait écrémé","Meal replacement, low calorie, powder, reconstituted with skimmed milk",10,1008,000000,"79,1",333,"5,97","9,34","8,86","1,73","0,22","1,18","0,43","80,6"
42005,"Substitut de repas hypocalorique, poudre reconstituée avec lait écrémé, type milkshake","Meal replacement, low calorie, powder, reconstituted with skimmed milk, milkshake type",10,1008,000000,"86,6",365,"6,07","10,1","9,92","2,28","0,3","0,63","0,19",80
42200,Lécithine de soja,Soy lecithin,10,1003,000000,779,3210,0,8,"3,3",83,"12,6",traces,"0,038",1
42501,Poudre cacaotée pour bébé,Cocoa powder for baby beverage,11,1104,000000,396,1680,"8,5",85,"44,5","1,9","0,92","2,2","0,044","1,2"
42603,"Plat légumes, avec féculent et viande/poisson, dès 6/8 mois","Baby meal, vegetables with meat/fish and starchy food, from 6-8 months",11,1102,000000,59,247,"3,6","5,9","1,6","1,6","0,26","3,3","0,2","86,3"
42604,"Plat légumes, avec féculent et viande/poisson, dès 8/12 mois","Baby meal, vegetables with meat/fish and starchy food, from 8-12 months",11,1102,000000,"54,6",229,"2,8","6,77","1,37","1,31","0,26","2,45","0,24","86,1"
42605,"Plat légumes, avec féculent et viande/poisson, dès 12 mois","Baby meal, vegetables with meat/fish and starchy food, from 12 months",11,1102,000000,"75,7",317,"2,5","8,95","0,9","2,9","0,53","1,9","0,24","85,5"
42606,"Plat légumes, avec féculent et viande/poisson, dès 18 mois","Baby meal, vegetables with meat/fish and starchy food, from 18 months",11,1102,000000,"66,7",280,"2,76","9,02","1,38","1,82","0,58","1,6","0,32",-
51500,"Meloukhia, feuilles de corète séchées, en poudre",Molokhia powder (dried jute leaves),10,1006,100602,239,994,23,"12,7","6,9","1,8",-,40,"0,17","8,4"
51502,"Meloukhia, sauce, artisanale","Molokhia sauce, homemade",10,1001,100102,215,882,"1,13","1,45","1,2",21,-,"8,4","0,95","67,7"
51510,"Frik (blé dur immature concassé), cru","Frik (crushed immature durum wheat), raw",03,0301,030102,323,1360,"10,3","55,8",traces,"2,25",-,"19,3","0,011","11,3"
51511,"Frik (blé dur immature concassé), cuit, sans sel ajouté","Frik (crushed immature durum wheat), cooked, no added salt",03,0301,030101,76,321,"2,19",14,traces,"0,48",-,"3,5","0,005","79,6"
51550,"Feuille de brick ou khatfa, préemballée","Khatfa (phyllo or filo pastry sheets), prepacked",03,0305,000000,283,1200,7,59,2,"1,5","0,1","2,5","3,25",-
53100,"Banane plantain, crue","Plantain banana, raw",02,0201,020101,132,557,"1,3","29,6",-,"0,37","0,14","2,3","0,01","65,3"
53101,"Banane plantain, cuite","Plantain banana, cooked",02,0202,000000,125,529,"0,79","28,9",14,"0,18","0,069","2,3","0,013","67,3"
53200,"Taro, tubercule, cru","Taro, tuber, raw",02,0202,000000,105,446,"1,5","22,4","0,4","0,2","0,041","4,1","0,028","70,6"
53201,"Taro, tubercule, cuit","Taro, tuber, cooked",02,0202,000000,131,555,"0,52","29,5","0,49","0,11","0,023","5,1","0,038","63,8"
53502,"Igname, pelée, crue","Yam, peeled, raw",02,0202,000000,111,467,"1,53","23,7","0,5","0,17","0,037","4,1","0,023","69,6"
53503,"Igname, épluchée, bouillie/cuite à l'eau","Yam, peeled, boiled/cooked in water",02,0202,000000,109,462,"1,49","23,6","0,49","0,14","0,029","3,9","0,02","70,1"
53672,"Igname, crue","Yam, raw",02,0202,000000,111,468,"1,25","23,9",-,"0,2","0,038","4,1","0,023","69,6"
54031,"Manioc, racine crue","Cassava or manioc, root, raw",02,0202,000000,157,664,"1,36","36,3","1,7","0,28","0,074","1,8","0,035","59,7"
54034,"Manioc, racine cuite","Cassava or manioc, root, cooked",02,0202,000000,135,574,"0,69","32,8",-,"0,043",-,"0,4",-,"65,2"
54035,"Gari, semoule de manioc fermentée et séchée","Gari, cassava flour, dried, fermented",03,0301,030102,340,1440,"1,12","81,6",-,"0,73",-,"1,4","0,15","14,1"
54500,"Fruit à pain, cru","Breadfruit, raw",02,0201,020104,-,-,"1,07","22,2",11,"0,23","0,048","4,9","0,005","70,7"
58100,"Gombo, fruit, cru","Okra, raw",02,0201,020101,31,130,"1,93","3,8","1,48","0,19","0,026","3,2","0,018","89,6"
58103,"Gombo, fruit, cuit","Okra, cooked",02,0201,020102,"22,4","93,7","1,87","2,01","2,01","0,21","0,045","2,5","0,015","92,6"
76000,"Eau minérale Abatilles, embouteillée, plate, faiblement minéralisée (Arcachon, 33)","Mineral still water (Abatilles), bottled, lightly mineralized",06,0601,000000,0,0,0,0,0,0,0,0,"0,023",100
76001,"Eau minérale Aix-les-Bains, embouteillée, plate, faiblement minéralisée (Aix-les-Bains, 73)","Mineral still water (Aix-les-Bains), bottled, lightly mineralized",06,0601,000000,0,0,0,0,0,0,0,0,"0,00035",100
76002,"Eau minérale Aizac, embouteillée, gazeuse, faiblement minéralisée (Aizac, 07)","Mineral sparkling water (Aziac), bottled, lightly mineralized",06,0601,000000,0,0,0,0,0,0,0,0,"0,00033",100
76004,"Eau minérale Amanda, embouteillée, plate, riche en sels minéraux (St-Amand, 59)","Mineral still water (Amanda), bottled, strongly mineralized",06,0601,000000,0,0,0,0,0,0,0,0,"0,01","99,9"
76006,"Eau minérale Arcens, embouteillée, gazeuse, moyennement minéralisée (Arcens, 07)","Mineral sparkling water (Arcens), bottled, averagely mineralized",06,0601,000000,0,0,0,0,0,0,0,0,"0,004","99,9"
76007,"Eau minérale Ardesy, embouteillée, gazeuse, riche en sels minéraux (Ardes, 63)","Mineral sparkling water (Ardesy), bottled, strongly mineralized",06,0601,000000,0,0,0,0,0,0,0,0,"0,064","99,7"
76010,"Eau minérale Celtic, embouteillée, gazeuse ou plate, très faiblement minéralisée (Niederbronn, 67)","Mineral water (Celtic), bottled, very lightly mineralized",06,0601,000000,"0,004","0,017",0,"0,001",0,0,0,0,"0,00028",100
76011,"Eau minérale Chambon, embouteillée, plate, faiblement minéralisée (Chambon, 45)","Mineral still water (Chambon), bottled, lightly mineralized",06,0601,000000,"0,012","0,049",0,"0,0029",0,0,0,0,"0,0027",100
76012,"Eau minérale Chantemerle, embouteillée, plate, faiblement minéralisée (Le Pestrin, 07)","Mineral still water (Chantemerle), bottled, lightly mineralized",06,0601,000000,0,0,0,0,0,0,0,0,"0,00028",100
76013,"Eau minérale Chateauneuf, embouteillée, gazeuse, riche en sels minéraux (Chateauneuf, 63)","Mineral sparkling water (Chateauneuf), bottled, strongly mineralized",06,0601,000000,0,0,0,0,0,0,0,0,"0,038","99,8"
76014,"Eau minérale Chateldon, embouteillée, gazeuse, riche en sels minéraux (Chateldon, 63)","Mineral sparkling water (Chateldon), bottled, strongly mineralized",06,0601,000000,0,0,0,0,0,0,0,0,"0,0012","99,8"
76015,"Eau minérale Clos de l'Abbaye, embouteillée, plate, moyennement minéralisée (St-Amand, 59)","Mineral still water (Clos de l'Abbaye), bottled, averagely mineralized",06,0601,000000,"0,064","0,27",0,"0,016",0,0,0,0,"0,006","99,9"
76016,"Eau minérale Contrex, embouteillée, plate, riche en sels minéraux (Contrexéville, 88)","Mineral still water (Contrex), bottled, strongly mineralized",06,0601,000000,"0,031","0,13",0,"0,0078",0,0,0,0,"0,0013","99,8"
76017,"Eau minérale Dax, embouteillée, plate, moyennement minéralisée (Dax, 40)","Mineral still water (Dax), bottled, averagely mineralized",06,0601,000000,"0,28","1,17",0,"0,069",0,0,0,0,"0,031","99,9"
76018,"Eau minérale Didier, embouteillée, gazeuse, riche en sels minéraux (Martinique)","Mineral sparkling water (Didier), bottled, strongly mineralized",06,0601,000000,0,0,0,0,0,0,0,0,"0,032","99,9"
76019,"Eau minérale Didier, embouteillée, plate, riche en sels minéraux (Martinique)","Mineral still water (Didier), bottled, strongly mineralized",06,0601,000000,0,0,0,0,0,0,0,0,"0,0041","99,9"
76020,"Eau minérale Evian, embouteillée, plate, faiblement minéralisée (Evian, 74)","Mineral still water (Evian), bottled, lightly mineralized",06,0601,000000,0,0,0,0,0,0,0,0,"0,0011",100
76022,"Eau minérale Hépar, embouteillée, plate, riche en sels minéraux (Vittel, 88)","Mineral still water (Hépar), bottled, strongly mineralized",06,0601,000000,0,0,0,0,0,0,0,0,"0,0031","99,7"
76023,"Eau minérale Hydroxydase, embouteillée, gazeuse, riche en sels minéraux (Le Breuil sur Couze, 63)","Mineral sparkling water (Hydroxydase), bottled, strongly mineralized",06,0601,000000,"1,04","4,44",0,0,0,0,0,0,"0,058","99,1"
76024,"Eau minérale Vernière, embouteillée, gazeuse, moyennement minéralisée (Les Aires, 34)","Mineral sparkling water (Vernière), bottled, averagely mineralized",06,0601,000000,0,0,0,0,0,0,0,0,"0,0023","99,9"
76025,"Eau minérale Luchon, embouteillée, plate, faiblement minéralisée (Luchon, 31)","Mineral still water (Luchon), bottled, lightly mineralized",06,0601,000000,0,0,0,0,0,0,0,0,"0,0002",100
76027,"Eau minérale Mont-Roucous, embouteillée, plate, très faiblement minéralisée (Lacaune, 81)","Mineral water (Mont-Roucous, bottled, very lightly mineralized",06,0601,000000,0,0,0,0,0,0,0,0,"0,0005",100
76029,"Eau minérale Orée du bois, embouteillée, plate, moyennement minéralisée (St-Amand, 59)","Mineral water (Orée du bois), bottled, averagely mineralized",06,0601,000000,0,0,0,0,0,0,0,0,"0,01","99,9"
76030,"Eau minérale Orezza, embouteillée, gazeuse, moyennement minéralisée (Rapaggio, 20B)","Mineral sparkling water (Orezza), bottled, averagely mineralized",06,0601,000000,0,0,0,0,0,0,0,0,"0,0017","99,9"
76031,"Eau minérale Parot, embouteillée, gazeuse, moyennement minéralisée (St-Romain-le-Puy, 42)","Mineral sparkling water (Parot), bottled, averagely mineralized",06,0601,000000,0,0,0,0,0,0,0,0,"0,016","99,9"
76032,"Eau minérale Plancoet, embouteillée, gazeuse ou plate, faiblement minéralisée (Plancoet, 22)","Mineral water (Plancoet), bottled, lightly mineralized",06,0601,000000,0,0,0,0,0,0,0,0,"0,0059",100
76033,"Eau minérale Propiac, embouteillée, plate, riche en sels minéraux (Propiac, 26)","Mineral still water (Propiac), bottled, strongly mineralized",06,0601,000000,"0,92","3,89",0,0,0,0,0,0,"0,17","99,6"
76034,"Eau minérale Puits St-Georges, embouteillée, gazeuse, moyennement minéralisée (St-Romain-le-Puy, 42)","Mineral sparkling water (Puits St Georges), bottled, averagely mineralized",06,0601,000000,0,0,0,0,0,0,0,0,"0,0063","99,9"
76035,"Eau minérale Quézac, embouteillée, gazeuse, moyennement minéralisée (Quézac, 48)","Mineral sparkling water (Quézac), bottled, averagely mineralized",06,0601,000000,0,0,0,0,0,0,0,0,"0,003","99,9"
76036,"Eau minérale Reine des basaltes, embouteillée, gazeuse, moyennement minéralisée (Asperjoc, 07)","Mineral sparkling water (Reine des basaltes), bottled, averagely mineralized",06,0601,000000,0,0,0,0,0,0,0,0,"0,0019","99,9"
76037,"Eau minérale Rozana, embouteillée, gazeuse, riche en sels minéraux (Beauregard, 63)","Mineral sparkling water (Rozana), bottled, strongly mineralized",06,0601,000000,0,0,0,0,0,0,0,0,"0,11","99,7"
76038,"Eau minérale Sail-les-Bains, embouteillée, plate, faiblement minéralisée (Sail-les-Bains, 42)","Mineral still water (Sail-les-Bains), bottled, lightly mineralized",06,0601,000000,0,0,0,0,0,0,0,0,"0,0057",100
76039,"Eau minérale Salvetat, embouteillée, gazeuse, moyennement minéralisée (La Salvetat, 34)","Mineral sparkling water (Salvetat), bottled, averagely mineralized",06,0601,000000,"0,12","0,51",0,"0,03",0,0,0,0,"0,00086","99,9"
76043,"Eau minérale St-Amand, embouteillée, gazeuse ou plate, moyennement minéralisée (St-Amand, 59)","Mineral water (St-Amand), bottled, averagely mineralized",06,0601,000000,0,0,0,0,0,0,0,0,"0,0061","99,9"
76044,"Eau minérale St-Antonin, embouteillée, plate, riche en sels minéraux (St-Antonin-Noble-Val, 82)","Mineral still water (St-Antonin), bottled, strongly mineralized",06,0601,000000,"0,088","0,37",0,"0,022",0,0,0,0,"0,0015","99,8"
76046,"Eau minérale St-Diéry, embouteillée, gazeuse, riche en sels minéraux (St-Diéry, 63)","Mineral sparkling water (St-Diéry), bottled, strongly mineralized",06,0601,000000,"0,02","0,085",0,"0,005",0,0,0,0,"0,019","99,8"
76047,"Eau minérale Ste-Marguerite, embouteillée, gazeuse, moyennement minéralisée (St-Maurice, 63)","Mineral sparkling water (Ste-Marguerite), bottled, averagely mineralized",06,0601,000000,0,0,0,0,0,0,0,0,"0,038","99,9"
76049,"Eau minérale St-Yorre, embouteillée, gazeuse, riche en sels minéraux (Saint-Yorre, 03)","Mineral sparkling water (St-Yorre), bottled, strongly mineralized",06,0601,000000,"0,038","0,16",0,"0,0094",0,0,0,0,"0,053","99,5"
76050,"Eau minérale Thonon, embouteillée, plate, faiblement minéralisée (Thonon, 74)","Mineral still water (Thonon), bottled, lightly mineralized",06,0601,000000,"0,029","0,12",0,"0,0072",0,0,0,0,"0,0014",100
76052,"Eau minérale Vals-Vivaraise, embouteillée, gazeuse, moyennement minéralisée (Vals, 07)","Mineral sparkling water (Vals-Vivaraise), bottled, averagely mineralized",06,0601,000000,0,0,0,0,0,0,0,0,-,-
76053,"Eau minérale Ventadour, embouteillée, gazeuse, faiblement minéralisée (Le Pestrin, 07)","Mineral sparkling water (Ventadour), bottled, lightly mineralized",06,0601,000000,"0,12","0,51",0,"0,03",0,0,0,0,"0,00033",100
76054,"Eau minérale Vernet, embouteillée, gazeuse, faiblement minéralisée (Prades, 07)","Mineral sparkling water (Vernet), bottled, lightly mineralized",06,0601,000000,0,0,0,0,0,0,0,0,"0,00086",100
76055,"Eau minérale Vichy Célestins, embouteillée, gazeuse, riche en sels minéraux (Saint-Yorre, 03)","Mineral sparkling water (Vichy Célestins), bottled, strongly mineralized",06,0601,000000,"0,05","0,21",0,"0,013",0,0,0,0,"0,039","99,7"
76056,"Eau minérale Vittel, embouteillée, plate, moyennement minéralisée (Vittel, 88)","Mineral still water (Vittel), bottled, averagely mineralized",06,0601,000000,"0,082","0,35",0,"0,02",0,0,0,0,"0,0013","99,9"
76057,"Eau minérale Volvic, embouteillée, plate, faiblement minéralisée (Volvic, 63)","Mineral still water (Volvic), bottled, lightly mineralized",06,0601,000000,"0,0093","0,04",0,"0,0023",0,0,0,0,"0,0025",100
76058,"Eau minérale Volvic active, embouteillée, gazeuse, faiblement minéralisée (Volvic, 63)","Mineral sparkling water (Volvic active), bottled, lightly mineralized",06,0601,000000,0,0,0,0,0,0,0,0,"0,0019",100
76059,"Eau minérale Wattwiller, embouteillée, gazeuse ou plate, faiblement minéraliséee (Wattwiller, 68)","Mineral water (Wattwiller), bottled, lightly mineralized",06,0601,000000,0,0,0,0,0,0,0,0,"0,00075",100
76060,"Eau minérale Perrier, embouteillée, gazeuse, faiblement minéralisée (Vergèse, 30)","Mineral sparkling water (Perrier), bottled, lightly mineralized",06,0601,000000,traces,traces,0,traces,0,0,0,0,"0,0024",100
76061,"Eau minérale Badoit, embouteillée, gazeuse, moyennement minéralisée (St-Galmier, 42)","Mineral sparkling water (Badoit), bottled, averagely mineralized",06,0601,000000,0,0,0,0,0,0,0,0,"0,0089","99,9"
76062,"Eau minérale Avra, embouteillée, plate, faiblement minéralisée (Grèce)","Mineral still water (Avra), bottled, lightly mineralized",06,0601,000000,0,0,0,0,0,0,0,0,"0,0013",100
76063,"Eau minérale Beckerich, embouteillée, plate, faiblement minéralisée (Luxembourg)","Mineral still water (Beckerich), bottled, lightly mineralized",06,0601,000000,0,0,0,0,0,0,0,0,"0,00075",100
76065,"Eau minérale Chaudfontaine, embouteillée, plate, faiblement minéralisée (Belgique)","Mineral still water (Chaudfontaine), bottled, lightly mineralized",06,0601,000000,0,0,0,0,0,0,0,0,"0,0058",100
76066,"Eau minérale Christinen Brunnen, embouteillée, plate, moyennement minéralisée (Allemagne)","Mineral still water (Christinen Brunnen), bottled, averagely mineralized",06,0601,000000,0,0,0,0,0,0,0,0,"0,047","99,9"
76067,"Eau minérale Courmayeur, embouteillée, plate, riche en sels minéraux (Italie)","Mineral still water (Courmayer), bottled, strongly mineralized",06,0601,000000,0,0,0,0,0,0,0,0,"0,00025","99,8"
76069,"Eau minérale Levissima, embouteillée, plate, faiblement minéralisée (Italie)","Mineral still water (Levissima), bottled, lightly mineralized",06,0601,000000,0,0,0,0,0,0,0,0,"0,00005",100
76070,"Eau minérale Luso, embouteillée, plate, très faiblement minéralisée (Portugal)","Mineral still water (Luso), bottled, very lightly mineralized",06,0601,000000,0,0,0,0,0,0,0,0,"0,0015",100
76071,"Eau minérale Néro, embouteillée, plate, faiblement minéralisée (Grèce)","Mineral still water (Néro), bottled, lightly mineralized",06,0601,000000,0,0,0,0,0,0,0,0,"0,01",100
76072,"Eau minérale Penacova, embouteillée, plate, très faiblement minéralisée (Portugal)","Mineral still water (Penacova), bottled, very lightly mineralized",06,0601,000000,0,0,0,0,0,0,0,0,"0,0015",100
76074,"Eau minérale San Bernardo, embouteillée, gazeuse ou plate, très faiblement minéralisée (Italie)","Mineral water (San Bernardo), bottled, very lightly mineralized",06,0601,000000,0,0,0,0,0,0,0,0,"0,000083",100
76075,"Eau minérale San Pellegrino, embouteillée, gazeuse, moyennement minéralisée (Italie)","Mineral sparkling water (San Pellegrino), bottled, averagely mineralized",06,0601,000000,0,0,0,0,0,0,0,0,"0,011","99,9"
76076,"Eau minérale Spa-Reine, embouteillée, gazeuse ou plate, moyennement minéralisée (Belgique)","Mineral water (Spa-Reine), bottled, averagely mineralized",06,0601,000000,0,0,0,0,0,0,0,0,"0,00075",100
76078,"Eau minérale Valvert, embouteillée, plate, faiblement minéralisée (Belgique)","Mineral still water (Valvert), bottled, lightly mineralized",06,0601,000000,0,0,0,0,0,0,0,0,"0,00049",100
76079,"Eau minérale Appollinaris, embouteillée, plate, riche en sels minéraux (Allemagne)","Mineral still water (Appollinaris), bottled, strongly mineralized",06,0601,000000,traces,traces,0,traces,0,0,0,0,"0,017","99,8"
76081,"Eau minérale Biovive, embouteillée, plate, faiblement minéralisée (Dax, 40)","Mineral still water (Biovive), bottled, lightly mineralized",06,0601,000000,"0,044","0,19",0,"0,011",0,0,0,0,"0,0028",100
76082,"Eau minérale La Cairolle, embouteillée, plate, riche en sels minéraux (Les Aires, 34)","Mineral still water (La Cairolle), bottled, strongly mineralized",06,0601,000000,"0,43","1,83",0,"0,11",0,0,0,0,"0,0021","99,8"
76083,"Eau minérale Cilaos, embouteillée, gazeuse, riche en sels minéraux (Cilaos, 974)","Mineral sparkling water (Cilaos), bottled, strongly mineralized",06,0601,000000,0,0,0,0,0,0,0,0,"0,0005",-
76085,"Eau minérale La Française, embouteillée, plate, riche en sels minéraux (Propiac, 26)","Mineral still water (La Française), bottled, strongly mineralized",06,0601,000000,"0,49","2,07",0,0,0,0,0,0,"0,16","99,7"
76086,"Eau minérale Montcalm, embouteillée, plate, très faiblement minéralisée (Auzat, 09)","Mineral still water (Montcalm), bottled, very lightly mineralized",06,0601,000000,"0,01","0,042",0,"0,0025",0,0,0,0,"0,000099",100
76087,"Eau minérale Montclar, embouteillée, plate, faiblement minéralisée (Montclar, 04)","Mineral still water (Montclar), bottled, lightly mineralized",06,0601,000000,"0,036","0,15",0,"0,009",0,0,0,0,"0,0005",100
76088,"Eau minérale Nessel, embouteillée, gazeuse, moyennement minéralisée (Soultzmatt, 68)","Mineral sparkling water (Nessel), bottled, averagely mineralized",06,0601,000000,"0,33","1,39",0,"0,082",0,0,0,0,"0,0068","99,9"
76089,"Eau minérale Ogeu, embouteillée, gazeuse, faiblement minéralisée (Ogeu-les-Bains, 64)","Mineral sparkling water (Ogeu), bottled, lightly mineralized",06,0601,000000,"0,05","0,21",0,"0,012",0,0,0,0,"0,0078",100
76090,"Eau minérale Ogeu, embouteillée, plate, faiblement minéralisée (Ogeu-les-Bains, 64)","Mineral still water (Ogeu), bottled, lightly mineralized",06,0601,000000,"0,073","0,31",0,"0,018",0,0,0,0,"0,0038",100
76091,"Eau minérale Prince Noir, embouteillée, plate, riche en sels minéraux (St-Antonin-Noble-Val, 82)","Mineral still water (Prince Noir), bottled, strongly mineralized",06,0601,000000,0,0,0,0,0,0,0,0,"0,0015",-
76092,"Eau minérale St-Alban, embouteillée, gazeuse, moyennement minéralisée (St-Alban, 42)","Mineral sparkling water (St-Alban), bottled, averagely mineralized",06,0601,000000,0,0,0,0,0,0,0,0,"0,0033","99,9"
76093,"Eau minérale St-Géron, embouteillée, gazeuse, moyennement minéralisée (St-Géron, 43)","Mineral sparkling water (St-Géron), bottled, averagely mineralized",06,0601,000000,"0,28","1,2",0,"0,071",0,0,0,0,"0,0073","99,9"
76094,"Eau minérale St-Michel-de-Mourcairol, embouteillée, gazeuse, moyennement minéralisée (Les Aires, 34)","Mineral sparkling water (St-Michel-de-Mourcairol), bottled, averagely mineralized",06,0601,000000,"0,33","1,39",0,"0,082",0,0,0,0,"0,0036","99,9"
76095,"Eau minérale Treignac, embouteillée, plate, très faiblement minéralisée (Treignac, 19)","Mineral still water (Treignac), bottled, very lightly mineralized",06,0601,000000,"0,0051","0,022",0,"0,0013",0,0,0,0,"0,00053",100
76096,"Eau minérale Vals, embouteillée, gazeuse, moyennement minéralisée (Vals-les-Bains, 07)","Mineral sparkling water (Vals), bottled, averagely mineralized",06,0601,000000,"0,08","0,34",0,"0,02",0,0,0,0,"0,0041","99,9"
76097,"Eau minérale Vauban, embouteillée, plate, moyennement minéralisée (St-Amand-les-Eaux, 59)","Mineral still water (Vauban), bottled, averagely mineralized",06,0601,000000,"0,35","1,49",0,"0,088",0,0,0,0,"0,0096","99,9"
76101,"Eau minérale Mont-Blanc, embouteillée, plate, faiblement minéralisée (Italie)","Mineral still water (Montblanc), bottled, lightly mineralized",06,0601,000000,0,0,0,0,0,0,0,0,-,-
76102,"Eau minérale Eden (La Goa), embouteillée, plate, faiblement minéralisée (Suisse)","Mineral still water (Eden La Goa), bottled, lightly mineralized",06,0601,000000,0,0,0,0,0,0,0,0,-,-
76103,"Eau minérale Velleminfroy, embouteillée, gazeuse ou plate, riche en sels minéraux (Chatenois, 70)","Mineral water (Velleminfroy), bottled, strongly mineralized",06,0601,000000,0,0,0,0,0,0,0,0,-,-
96778,"Pâte à pizza, préemballée, cuite","Pizza dough, prepacked, cooked",03,0305,000000,321,1360,"8,5","54,6","3,3","7,1","1,74","2,5","1,7","25,2"
96781,Amidon de riz,Rice starch,03,0304,000000,343,1460,"0,63",85,-,0,-,traces,-,"14,2"
